<?xml version="1.0" encoding="utf-8"?>
<COLLADA xmlns="http://www.collada.org/2005/11/COLLADASchema" version="1.4.1" xmlns:xsi="http://www.w3.org/2001/XMLSchema-instance">
  <asset>
    <contributor>
      <author>Blender User</author>
      <authoring_tool>Blender 4.5.3 LTS commit date:2025-09-08, commit time:12:46, hash:67807e1800cc</authoring_tool>
    </contributor>
    <created>2025-11-10T11:08:30</created>
    <modified>2025-11-10T11:08:30</modified>
    <unit name="meter" meter="1"/>
    <up_axis>Z_UP</up_axis>
  </asset>
  <library_effects>
    <effect id="mat_0-effect">
      <profile_COMMON>
        <newparam sid="faib_a320_cfm_t_jpg-surface">
          <surface type="2D">
            <init_from>faib_a320_cfm_t_jpg</init_from>
          </surface>
        </newparam>
        <newparam sid="faib_a320_cfm_t_jpg-sampler">
          <sampler2D>
            <source>faib_a320_cfm_t_jpg-surface</source>
          </sampler2D>
        </newparam>
        <technique sid="common">
          <lambert>
            <emission>
              <color sid="emission">0 0 0 1</color>
            </emission>
            <diffuse>
              <texture texture="faib_a320_cfm_t_jpg-sampler" texcoord="geometry_d17d45e1_6e74_4e6a_a2d2_8d78c13a2e93-mesh-map-0"/>
            </diffuse>
            <index_of_refraction>
              <float sid="ior">1.5</float>
            </index_of_refraction>
          </lambert>
        </technique>
      </profile_COMMON>
    </effect>
    <effect id="mat_1-effect">
      <profile_COMMON>
        <technique sid="common">
          <lambert>
            <emission>
              <color sid="emission">0 0 0 1</color>
            </emission>
            <diffuse>
              <color sid="diffuse">0.588 0.588 0.588 1</color>
            </diffuse>
            <index_of_refraction>
              <float sid="ior">1.5</float>
            </index_of_refraction>
          </lambert>
        </technique>
      </profile_COMMON>
    </effect>
  </library_effects>
  <library_images>
    <image id="faib_a320_cfm_t_jpg" name="faib_a320_cfm_t_jpg">
      <init_from>faib_a320_cfm_t.jpg</init_from>
    </image>
  </library_images>
  <library_materials>
    <material id="mat_0-material" name="mat_0">
      <instance_effect url="#mat_0-effect"/>
    </material>
    <material id="mat_1-material" name="mat_1">
      <instance_effect url="#mat_1-effect"/>
    </material>
  </library_materials>
  <library_geometries>
    <geometry id="geometry_d17d45e1_6e74_4e6a_a2d2_8d78c13a2e93-mesh" name="geometry_d17d45e1_6e74_4e6a_a2d2_8d78c13a2e93">
      <mesh>
        <source id="geometry_d17d45e1_6e74_4e6a_a2d2_8d78c13a2e93-mesh-positions">
          <float_array id="geometry_d17d45e1_6e74_4e6a_a2d2_8d78c13a2e93-mesh-positions-array" count="6834">6.80507 -1.58975 3.92654 6.757289 -1.25961 3.92654 6.74258 -1.26924 4.45259 6.80238 -1.58979 4.43903 6.60584 -0.97321 3.92654 6.59663 -0.98966 4.4648 6.38207 -0.76593 4.47457 6.38061 -0.74607 3.92654 6.10767 -0.61828 4.4812 6.10733 -0.6102 3.92654 5.779 -0.5528 4.48387 5.779 -0.54394 3.92654 5.779 -2.77009 3.92654 6.134119 -2.69462 3.92654 6.13484 -2.68085 4.39124 5.779 -2.75023 4.38793 6.42069 -2.5142 3.92654 6.43507 -2.49514 4.39907 6.64864 -2.22224 3.92654 6.65454 -2.21207 4.41143 6.768489 -1.90008 3.92654 6.77354 -1.89399 4.42532 6.691431 -1.29079 4.95245 6.7509 -1.58988 4.92732 6.55224 -1.03207 4.97489 6.35683 -0.84044 4.99138 6.0968 -0.70188 5.0033 5.779 -0.64303 5.00845 6.11526 -2.57918 4.84087 5.779 -2.64277 4.83527 6.39873 -2.43163 4.85338 6.61657 -2.17016 4.87607 6.7271 -1.87889 4.90134 6.60138 -1.33001 5.10504 6.651461 -1.58988 5.08334 6.47156 -1.09473 5.12543 6.30896 -0.93597 5.13904 6.08277 -0.81045 5.14982 5.779 -0.75409 5.15475 6.08506 -2.44975 5.00821 5.779 -2.50225 5.00358 6.32888 -2.32952 5.01833 6.52412 -2.10711 5.03761 6.63304 -1.85463 5.05948 6.54059 -1.36076 4.80095 6.58341 -1.58999 4.78193 6.651461 -1.58988 5.08334 6.60138 -1.33001 5.10504 6.4187 -1.14073 4.82 6.47156 -1.09473 5.12543 6.26865 -0.9935 4.83261 6.30896 -0.93597 5.13904 6.05944 -0.88483 4.84191 6.08277 -0.81045 5.14982 5.779 -0.82928 4.84677 5.779 -0.75409 5.15475 6.02869 -2.35387 4.7152 5.779 -2.39333 4.71171 5.779 -2.50225 5.00358 6.08506 -2.44975 5.00821 6.24051 -2.25687 4.72329 6.32888 -2.32952 5.01833 6.43577 -2.06939 4.73951 6.52412 -2.10711 5.03761 6.55178 -1.83545 4.75976 6.63304 -1.85463 5.05948 6.58207 -1.33956 4.09224 6.61951 -1.58988 4.09242 6.4624 -1.10703 4.09205 6.3067 -0.93891 4.09177 6.08294 -0.80993 4.09157 5.779 -0.74606 4.09158 6.029 -2.37675 4.09338 5.779 -2.41623 4.09334 6.24086 -2.27579 4.09298 6.44931 -2.082 4.0928 6.57549 -1.84144 4.09258 6.76695 -1.56456 3.05839 6.71402 -1.27108 3.05839 6.58278 -1.00108 3.05839 6.49018 -0.90447 3.05839 6.35473 -0.77876 3.05839 6.08867 -0.62243 3.05839 5.779 -0.567 3.05839 5.779 -2.7156 3.05839 6.12797 -2.63857 3.05839 6.40033 -2.4714 3.05839 6.47764 -2.37752 3.05839 6.62405 -2.19972 3.05839 6.75309 -1.78298 3.05839 6.084 -0.63383 2.766 5.779 -0.58006 2.7662 6.5696 -1.34222 1.89314 6.63789 -1.30781 2.33864 6.65654 -1.42085 2.33794 6.51724 -1.05748 2.33864 6.45591 -1.11889 1.88924 6.28174 -0.93557 1.88604 6.31889 -0.84371 2.33864 6.08254 -0.81151 1.88388 6.0771 -0.69498 2.33864 6.17867 -0.75746 2.33864 6.01639 -0.8251 1.44267 5.779 -0.81 1.44172 5.779 -0.61763 2.13749 6.0512 -0.65451 2.13749 5.779 -2.44379 1.91237 6.055271 -2.39345 1.91149 6.08676 -2.50252 2.33864 5.779 -2.5623 2.33864 6.29563 -2.26593 1.90926 6.48946 -2.06002 1.90567 6.549339 -2.1244 2.33864 6.34324 -2.35679 2.33864 6.5935 -1.82329 1.90154 6.64544 -1.90108 2.33864 6.61549 -1.58975 1.89746 6.68469 -1.66393 2.33864 6.5696 -1.34222 1.89314 6.61549 -1.58975 1.89746 6.5533 -1.61481 2.57363 6.50333 -1.37022 2.57453 6.45591 -1.11889 1.88924 6.40004 -1.16592 2.57526 6.28174 -0.93557 1.88604 6.18337 -0.96706 2.57567 6.08254 -0.81151 1.88388 5.91207 -0.65165 2.57567 5.779 -2.39015 2.5718 6.02591 -2.34709 2.57188 6.055271 -2.39345 1.91149 5.779 -2.44379 1.91237 6.25145 -2.22878 2.57198 6.29563 -2.26593 1.90926 6.48946 -2.06002 1.90567 6.42679 -2.03369 2.57272 6.5935 -1.82329 1.90154 6.52154 -1.81332 2.57318 6.09373 -1.61475 0.32335 6.06602 -1.49091 0.32425 6.50333 -1.37022 2.57453 6.5533 -1.61481 2.57363 5.99597 -1.39383 0.32499 6.40004 -1.16592 2.57526 5.893 -1.32797 0.32536 6.0771 -1.15645 1.54096 5.779 -1.19204 0.90633 5.861209 -1.19666 0.92554 5.779 -1.30411 0.32563 6.02591 -2.34709 2.57188 5.779 -2.39015 2.5718 5.779 -1.93457 0.32152 5.9011 -1.90931 0.3217 6.25145 -2.22878 2.57198 6.42679 -2.03369 2.57272 5.99772 -1.84489 0.32244 6.52154 -1.81332 2.57318 6.07337 -1.73484 0.32291 5.91207 -0.65165 2.57567 6.18337 -0.96706 2.57567 5.779 -0.65165 2.57567 5.779 -0.75693 1.88292 5.779 -0.81 1.44172 6.01639 -0.8251 1.44267 6.71102 -1.56124 2.55167 6.69659 -1.76231 2.55127 6.09373 -1.61475 0.32335 5.779 -1.61724 1.24202 6.06602 -1.49091 0.32425 5.99597 -1.39383 0.32499 5.893 -1.32797 0.32536 5.779 -1.30411 0.32563 5.779 -1.93457 0.32152 5.9011 -1.90931 0.3217 5.99772 -1.84489 0.32244 6.07337 -1.73484 0.32291 5.715 -1.61788 1.09761 5.747 -1.56246 1.09761 5.747 -1.56246 0.07431995 5.715 -1.61788 0.07431995 5.811 -1.56246 1.09761 5.811 -1.56246 0.07431995 5.842999 -1.61788 1.09761 5.842999 -1.61788 0.07431995 5.811 -1.67331 1.09761 5.811 -1.67331 0.07431995 5.747 -1.67331 1.09761 5.747 -1.67331 0.07431995 5.747 -1.56246 0.07431995 5.811 -1.56246 0.07431995 5.842999 -1.61788 0.07431995 5.811 -1.67331 0.07431995 5.747 -1.67331 0.07431995 5.715 -1.61788 0.07431995 4.75292 -1.58975 3.92654 4.75561 -1.58979 4.43903 4.81542 -1.26924 4.4526 4.8007 -1.25961 3.92654 4.96137 -0.98966 4.4648 4.95216 -0.97321 3.92654 5.17593 -0.76593 4.47457 5.17739 -0.74607 3.92654 5.45033 -0.61828 4.4812 5.45066 -0.6102 3.92654 5.779 -2.77009 3.92654 5.779 -2.75023 4.38793 5.42316 -2.68085 4.39124 5.42388 -2.69462 3.92654 5.12292 -2.49514 4.39907 5.1373 -2.5142 3.92654 4.90345 -2.21207 4.41143 4.90936 -2.22224 3.92654 4.78446 -1.89399 4.42532 4.7895 -1.90008 3.92654 4.80709 -1.58988 4.92732 4.86656 -1.29079 4.95245 5.00576 -1.03207 4.97489 5.20117 -0.84044 4.99138 5.4612 -0.70188 5.0033 5.779 -0.64303 5.00845 5.779 -2.64277 4.83527 5.44274 -2.57918 4.84087 5.15927 -2.43163 4.85338 4.94142 -2.17016 4.87607 4.83089 -1.87889 4.90134 4.90653 -1.58988 5.08334 4.956611 -1.33001 5.10504 5.08644 -1.09473 5.12543 5.24903 -0.93597 5.13904 5.47523 -0.81045 5.14982 5.779 -0.75409 5.15475 5.779 -2.50225 5.00358 5.47293 -2.44975 5.00821 5.22912 -2.32952 5.01833 5.03388 -2.10711 5.03761 4.92496 -1.85463 5.05948 5.0174 -1.36076 4.80095 4.956611 -1.33001 5.10504 4.90653 -1.58988 5.08334 4.97458 -1.58999 4.78193 5.13929 -1.14073 4.82 5.08644 -1.09473 5.12543 5.28934 -0.9935 4.83261 5.24903 -0.93597 5.13904 5.49855 -0.88483 4.84191 5.47523 -0.81045 5.14982 5.779 -0.82928 4.84677 5.779 -0.75409 5.15475 5.52931 -2.35387 4.7152 5.47293 -2.44975 5.00821 5.779 -2.50225 5.00358 5.779 -2.39333 4.71171 5.31749 -2.25687 4.72329 5.22912 -2.32952 5.01833 5.12222 -2.06939 4.73951 5.03388 -2.10711 5.03761 5.00621 -1.83545 4.75976 4.92496 -1.85463 5.05948 4.97593 -1.33956 4.09224 4.93848 -1.58988 4.09242 5.09559 -1.10703 4.09205 5.25129 -0.93891 4.09177 5.47506 -0.80993 4.09157 5.779 -0.74606 4.09158 5.529 -2.37675 4.09338 5.779 -2.41623 4.09334 5.31713 -2.27579 4.09298 5.10868 -2.082 4.0928 4.9825 -1.84144 4.09258 5.46932 -0.62242 3.05839 5.47399 -0.63383 2.766 5.54161 -0.8251 1.44267 5.5068 -0.65451 2.13749 4.98839 -1.34222 1.89314 5.05466 -1.37022 2.57453 5.0047 -1.61481 2.57363 4.94251 -1.58975 1.89746 5.10209 -1.11889 1.88924 5.15796 -1.16592 2.57526 5.27625 -0.93557 1.88604 5.374629 -0.96706 2.57567 5.47546 -0.81151 1.88388 5.64592 -0.65165 2.57567 5.50272 -2.39345 1.91149 5.53209 -2.34709 2.57188 5.26236 -2.26593 1.90926 5.30655 -2.22878 2.57198 5.06854 -2.06002 1.90567 5.13121 -2.03369 2.57272 4.9645 -1.82329 1.90154 5.03645 -1.81332 2.57318 5.46427 -1.61475 0.32335 5.0047 -1.61481 2.57363 5.05466 -1.37022 2.57453 5.49197 -1.49091 0.32425 5.15796 -1.16592 2.57526 5.56203 -1.39383 0.32499 5.664999 -1.32797 0.32536 5.4809 -1.15645 1.54096 5.779 -1.19204 0.90633 5.779 -1.30411 0.32563 5.69679 -1.19666 0.92554 5.53209 -2.34709 2.57188 5.6569 -1.90931 0.3217 5.779 -1.93457 0.32152 5.779 -2.39015 2.5718 5.30655 -2.22878 2.57198 5.13121 -2.03369 2.57272 5.56027 -1.84489 0.32244 5.03645 -1.81332 2.57318 5.484631 -1.73484 0.32291 5.374629 -0.96706 2.57567 5.64592 -0.65165 2.57567 5.48089 -0.69498 2.33864 5.47546 -0.81151 1.88388 5.54161 -0.8251 1.44267 5.46427 -1.61475 0.32335 5.49197 -1.49091 0.32425 5.56203 -1.39383 0.32499 5.664999 -1.32797 0.32536 5.6569 -1.90931 0.3217 5.56027 -1.84489 0.32244 5.484631 -1.73484 0.32291 6.11541 -0.69912 2.46562 6.1204 -0.66279 2.73677 6.02505 -2.59659 2.73867 6.399449 -2.45694 2.96687 6.01682 -2.54309 2.46533 4.98839 -1.34222 1.89314 4.90145 -1.42085 2.33794 4.9201 -1.30781 2.33864 5.04075 -1.05748 2.33864 5.10209 -1.11889 1.88924 5.2391 -0.84371 2.33864 5.27625 -0.93557 1.88604 5.37933 -0.75746 2.33864 5.779 -2.44379 1.91237 5.779 -2.5623 2.33864 5.47123 -2.50252 2.33864 5.50272 -2.39345 1.91149 5.26236 -2.26593 1.90926 5.21475 -2.35679 2.33864 5.00865 -2.1244 2.33864 5.06854 -2.06002 1.90567 4.91255 -1.90108 2.33864 4.9645 -1.82329 1.90154 4.8733 -1.66393 2.33864 4.94251 -1.58975 1.89746 6.34892 -0.78686 2.91021 4.79104 -1.56456 3.05839 4.84397 -1.27108 3.05839 4.97522 -1.00108 3.05839 5.06781 -0.90447 3.05839 5.20327 -0.77876 3.05839 5.779 -2.7156 3.05839 5.43003 -2.63857 3.05839 5.15766 -2.4714 3.05839 5.08035 -2.37752 3.05839 4.93395 -2.19972 3.05839 4.80491 -1.78298 3.05839 4.84697 -1.56124 2.55168 4.8614 -1.76231 2.55127 5.44258 -0.69912 2.46562 5.437591 -0.66279 2.73677 5.53294 -2.59659 2.73867 5.15855 -2.45694 2.96687 5.54118 -2.54309 2.46533 5.20908 -0.78686 2.91021 6.51724 -1.05748 2.33864 6.17867 -0.75746 2.33864 6.65654 -1.42085 2.33794 6.63789 -1.30781 2.33864 6.31889 -0.84371 2.33864 5.04075 -1.05748 2.33864 5.37933 -0.75746 2.33864 5.2391 -0.84371 2.33864 6.11541 -0.69912 2.46562 6.71102 -1.56124 2.55167 6.34324 -2.35679 2.33864 6.549339 -2.1244 2.33864 6.64544 -1.90108 2.33864 6.08676 -2.50252 2.33864 6.01682 -2.54309 2.46533 6.69659 -1.76231 2.55127 6.02505 -2.59659 2.73867 6.1204 -0.66279 2.73677 6.76695 -1.56456 3.05839 6.58278 -1.00108 3.05839 6.71402 -1.27108 3.05839 6.34892 -0.78686 2.91021 6.49018 -0.90447 3.05839 6.75309 -1.78298 3.05839 6.62405 -2.19972 3.05839 6.47764 -2.37752 3.05839 6.399449 -2.45694 2.96687 4.9201 -1.30781 2.33864 4.90145 -1.42085 2.33794 4.84697 -1.56124 2.55168 5.44258 -0.69912 2.46562 5.21475 -2.35679 2.33864 5.47123 -2.50252 2.33864 4.91255 -1.90108 2.33864 5.00865 -2.1244 2.33864 5.54118 -2.54309 2.46533 4.8614 -1.76231 2.55127 5.53294 -2.59659 2.73867 4.79104 -1.56456 3.05839 5.437591 -0.66279 2.73677 4.84397 -1.27108 3.05839 4.97522 -1.00108 3.05839 5.06781 -0.90447 3.05839 5.20908 -0.78686 2.91021 4.80491 -1.78298 3.05839 5.08035 -2.37752 3.05839 4.93395 -2.19972 3.05839 5.15855 -2.45694 2.96687 4.70044 -1.00821 3.70803 4.69339 -1.05678 4.11439 4.89137 -1.1181 3.69938 4.776 -1.12818 4.29461 4.87773 -1.19066 4.32029 4.71183 -1.08165 4.22346 4.70044 -1.00821 3.70803 4.89137 -1.1181 3.69938 4.87773 -1.19066 4.32029 4.776 -1.12818 4.29461 4.71183 -1.08165 4.22346 4.69339 -1.05678 4.11439 6.2706 -2.43208 4.09797 6.76219 -1.58061 4.09797 6.2706 -0.72914 4.09797 5.28741 -0.72914 4.09797 4.79581 -1.58061 4.09797 5.28741 -2.43208 4.09797 6.06559 -1.58095 4.08278 6.02719 -1.43765 4.08278 5.9156 -1.50208 4.38072 5.936729 -1.58095 4.38072 5.92229 -1.33275 4.08278 5.85786 -1.44435 4.38072 5.779 -1.29436 4.08278 5.779 -1.42322 4.38072 5.635709 -1.33275 4.08278 5.70014 -1.44435 4.38072 5.530809 -1.43765 4.08278 5.6424 -1.50208 4.38072 5.49241 -1.58095 4.08278 5.62127 -1.58095 4.38072 5.530809 -1.72424 4.08278 5.6424 -1.65981 4.38072 5.635709 -1.82914 4.08278 5.70014 -1.71754 4.38072 5.779 -1.86753 4.08278 5.779 -1.73867 4.38072 5.92229 -1.82914 4.08278 5.85786 -1.71754 4.38072 6.02719 -1.72424 4.08278 5.9156 -1.65981 4.38072 5.779 -1.58095 4.55928 1.89673 -1.1464 3.61262 1.89673 -1.1464 -0.65967 2.01148 -0.09766 3.90616 2.0145 -0.03906995 3.27254 1.9151 0.2039 4.06953 1.93354 -0.88095 2.89452 1.9918 -0.8733 3.613 2.20088 -0.60173 3.52456 2.20369 -0.2469199 3.525 1.91522 0.2045699 2.97663 2.10698 -0.14285 2.007 1.9947 -0.05830997 2.007 2.17163 -0.18515 3.08852 1.90574 0.15162 2.00651 1.9495 -0.37359 -0.34563 1.85373 -0.1385 -1.85019 1.89673 -1.1464 -1.85019 2.22242 -0.33001 3.781 2.21929 -0.49437 3.7807 2.21929 -0.49437 3.7807 2.20088 -0.60173 3.52456 2.22091 -0.41074 3.82544 2.22242 -0.33001 3.781 2.20369 -0.2469199 3.525 2.17163 -0.18515 3.08852 1.91159 -0.93669 -0.69248 1.91204 -0.90549 -1.0899 -2.01147 -0.09766 3.90616 -1.9151 0.2039 4.06953 -2.0145 -0.03906995 3.27254 -1.93354 -0.88095 2.89452 -1.9918 -0.8733 3.613 -2.20088 -0.60173 3.52456 -2.20369 -0.2469199 3.525 -1.91522 0.2045699 2.97663 -2.10698 -0.14285 2.007 -2.17162 -0.18515 3.08852 -1.9947 -0.05830997 2.007 -1.90574 0.15162 2.00651 -1.9495 -0.37359 -0.34563 -1.85373 -0.1385 -1.85019 -2.22242 -0.33001 3.781 -2.21929 -0.49437 3.7807 -2.21929 -0.49437 3.7807 -2.22091 -0.41074 3.82544 -2.20088 -0.60173 3.52456 -2.22242 -0.33001 3.781 -2.20369 -0.2469199 3.525 -2.17162 -0.18515 3.08852 -1.91159 -0.93669 -0.69248 -1.91204 -0.90549 -1.0899 1.80875 -0.24567 -2.92614 1.85373 -0.1385 -1.85019 1.89673 -1.1464 -1.85019 1.71261 -0.47491 -4.17 1.59611 -0.75258 -4.99841 1.8376 -1.04106 4.51184 1.73468 -0.89978 5.32411 1.92893 -0.435 4.84431 1.85703 -0.43504 5.32351 1.87784 -0.00563997 5.32292 1.90847 0.16686 4.74115 1.85374 -0.13841 5.60464 1.72911 -0.43509 5.84082 1.59609 -0.75261 5.91695 2.22091 -0.41074 3.82544 -1.80875 -0.24567 -2.92614 -1.85373 -0.1385 -1.85019 -1.71261 -0.47491 -4.17 -1.59611 -0.75258 -4.99841 -1.85703 -0.43504 5.32351 -1.92893 -0.435 4.84431 -1.87784 -0.00563997 5.32292 -1.90847 0.16686 4.74115 -1.85373 -0.13841 5.60464 -1.59609 -0.75261 5.91695 -1.72911 -0.43509 5.84082 -2.22091 -0.41074 3.82544 1.14904 -1.1799 12.01834 1.59609 -0.75261 10.78026 1.56165 -0.74389 12.01834 1.85373 -0.1385 10.78026 1.79736 -0.14875 12.01833 1.96381 0.47585 10.78026 1.89001 0.42812 12.01834 0.425 -1.44626 13.4173 0.58096 -1.43313 13.23327 1.10119 -1.12354 13.23327 1.46549 -0.71526 13.23327 1.68814 -0.16591 13.23327 1.74416 0.36093 13.23327 0.56613 -1.38313 13.83227 1.05689 -1.07551 13.83227 1.38301 -0.69093 13.83227 1.5838 -0.17883 13.83227 1.62352 0.30974 13.83227 0 -1.35333 14.63127 0.50959 -1.2587 14.63127 0.94534 -0.97527 14.63127 1.19424 -0.63502 14.63127 1.32975 -0.19214 14.63127 1.33172 0.2134 14.63127 0 -1.22287 15.19227 0.45009 -1.13665 15.19227 0.8225 -0.87335 15.19227 1.01801 -0.57358 15.19227 1.09784 -0.1996999 15.19227 1.08756 0.14213 15.19227 0 -1.02077 15.77074 0.36076 -0.94638 15.77074 0.63464 -0.73135 15.77074 0.76105 -0.48729 15.77074 0.81341 -0.2025099 15.77074 0.78403 0.05286985 15.77074 0 -0.7348 16.23371 0.22904 -0.68469 16.23371 0.39752 -0.54371 16.23371 0.46942 -0.3867 16.23371 0.49724 -0.21151 16.23371 0.47674 -0.03494 16.23372 0 -0.48408 16.43635 0.11383 -0.45698 16.43635 0.20173 -0.38777 16.43635 0.24447 -0.30657 16.43635 0.25861 -0.21552 16.43635 0.2421799 -0.11185 16.43635 0 -0.21597 16.51073 0.97505 0.47133 15.19227 0.68996 0.29272 15.77074 0.72527 0.71069 15.19227 0.50039 0.48404 15.77074 0.38201 0.82044 15.19227 0.27063 0.58678 15.77074 0 0.87744 15.19232 0 0.62162 15.77074 0.40572 0.1080099 16.23372 0.29271 0.2249799 16.23372 0.15112 0.29932 16.23372 0 0.3235 16.23372 0.2073 -0.03793984 16.43635 0.14776 0.01273983 16.43635 0.07564997 0.04461985 16.43635 0 0.05403 16.43635 0.92221 0.91905 14.63086 1.19799 0.62055 14.63127 1.62025 0.80787 13.23298 1.45157 0.80503 13.83227 1.29133 0.81333 14.2129 1.93095 0.85263 10.78026 1.82622 0.83815 12.01827 1.58898 1.33696 12.01827 1.78313 1.37 10.78026 1.51165 1.79151 10.78026 1.32492 1.72436 12.01827 1.12043 2.19442 10.78026 0.99397 2.07355 12.01827 0.5297 2.31788 12.01827 0 2.42758 12.01827 1.08783 1.63572 13.23312 1.32953 1.28709 13.23312 0.82032 1.89691 13.23313 0.43111 2.0789 13.23313 0 2.17258 13.23313 0.81085 1.44846 14.18454 0 1.3625 14.70807 0 0.87744 15.19232 0.92221 0.91905 14.63086 1.29133 0.81333 14.2129 1.45157 0.80503 13.83227 1.00132 1.44846 13.83178 0.81085 1.44846 14.18454 0.92221 0.91905 14.63086 1.15899 1.44846 13.4099 1.32953 1.28709 13.23312 1.62025 0.80787 13.23298 1.15899 1.44846 13.4099 0.92624 1.5437 13.83178 1.00132 1.44846 13.83178 0.69209 1.73334 13.83179 0.36411 1.87581 13.83179 0 1.93734 13.83179 0.92624 1.5437 13.83178 0.81085 1.44846 14.18454 1.00132 1.44846 13.83178 0.69209 1.73334 13.83179 0.57073 1.57892 14.18454 0.36411 1.87581 13.83179 0.29844 1.70232 14.18454 0 1.93734 13.83179 0 1.77087 14.18454 0 1.3625 14.70807 0 1.59766 14.45528 1.96381 0.47569 -1.85019 1.93095 0.85247 -1.85019 1.78313 1.36984 -1.85019 1.59609 -0.75278 -1.85019 1.85373 -0.13866 -1.85019 1.93095 0.85263 -8.870223 1.93095 0.85247 -1.85019 1.96381 0.47569 -1.85019 1.9638 0.47585 -8.870223 1.78313 1.36984 -1.85019 1.78312 1.37 -8.870223 0 -1.61415 -8.870223 0.60709 -1.51185 -8.870223 1.15475 -1.21499 -8.870223 1.59609 -0.75262 -8.870223 1.59609 -0.75278 -1.85019 1.85373 -0.1385 -8.870223 1.85373 -0.13866 -1.85019 1.94536 0.51584 -10.68222 1.47676 1.76938 -12.22687 1.72418 1.37 -12.22687 0.59266 -1.09007 -12.22687 0.60709 -1.36858 -10.682 0 -1.47083 -10.682 0 -1.19237 -12.22687 1.12715 -0.80698 -12.22687 1.15564 -1.08888 -10.682 1.54143 -0.4209 -12.22687 1.59602 -0.65329 -10.682 1.77189 0.08000999 -12.22687 1.85373 -0.08329999 -10.682 1.85278 0.60795 -12.22687 1.84422 0.85263 -12.22687 1.44577 0.91718 -15.14363 1.40938 1.44468 -15.14363 1.30696 1.74102 -15.14363 0.49396 -0.45467 -15.14363 0 -0.53163 -15.14363 0.96136 -0.2199299 -15.14363 1.28187 0.14566 -15.14363 1.41143 0.53045 -15.14363 -1.59609 -0.75261 10.78026 -1.56165 -0.74389 12.01834 -1.85373 -0.1385 10.78026 -1.79736 -0.14875 12.01833 -1.89001 0.42812 12.01834 -1.96381 0.47585 10.78026 -0.425 -1.44626 13.4173 -0.58096 -1.43313 13.23327 -1.10119 -1.12354 13.23327 -1.46549 -0.71526 13.23327 -1.68814 -0.16591 13.23327 -1.74416 0.36093 13.23327 -0.56613 -1.38313 13.83227 -1.05689 -1.07551 13.83227 -1.38301 -0.69093 13.83227 -1.5838 -0.17883 13.83227 -1.62352 0.30974 13.83227 0 -1.35333 14.63127 -0.50959 -1.2587 14.63127 -0.94534 -0.97527 14.63127 -1.19424 -0.63502 14.63127 -1.32975 -0.19214 14.63127 -1.33172 0.2134 14.63127 0 -1.22287 15.19227 -0.45009 -1.13665 15.19227 -0.8225 -0.87335 15.19227 -1.01801 -0.57358 15.19227 -1.09784 -0.1996999 15.19227 -1.08755 0.14213 15.19227 0 -1.02077 15.77074 -0.36076 -0.94638 15.77074 -0.63464 -0.73135 15.77074 -0.76105 -0.48729 15.77074 -0.81341 -0.2025099 15.77074 -0.78403 0.05286985 15.77074 0 -0.7348 16.23371 -0.22904 -0.68469 16.23371 -0.39752 -0.54371 16.23371 -0.46942 -0.3867 16.23371 -0.49724 -0.21151 16.23371 -0.47674 -0.03494 16.23372 0 -0.48408 16.43635 -0.11382 -0.45698 16.43635 -0.2017199 -0.38777 16.43635 -0.24447 -0.30657 16.43635 -0.25861 -0.21552 16.43635 -0.2421799 -0.11185 16.43635 0 -0.21597 16.51073 -0.97505 0.47133 15.19227 -0.68996 0.29272 15.77074 -0.72527 0.71069 15.19227 -0.50039 0.48404 15.77074 -0.38201 0.82044 15.19227 -0.27063 0.58678 15.77074 0 0.87744 15.19232 0 0.62162 15.77074 -0.40572 0.1080099 16.23372 -0.29271 0.2249799 16.23372 -0.15112 0.29932 16.23372 0 0.3235 16.23372 -0.2073 -0.03793984 16.43635 -0.14776 0.01273983 16.43635 -0.07564997 0.04461985 16.43635 0 0.05403 16.43635 -0.92221 0.91905 14.63086 -1.19799 0.62055 14.63127 -1.62025 0.80787 13.23298 -1.45157 0.80503 13.83227 -1.29133 0.81333 14.2129 -1.93095 0.85263 10.78026 -1.82622 0.83815 12.01827 -1.51165 1.79151 10.78026 -1.78313 1.37 10.78026 -1.58898 1.33696 12.01827 -1.32492 1.72436 12.01827 -1.12043 2.19442 10.78026 -0.99396 2.07355 12.01827 -0.5297 2.31788 12.01827 0 2.42758 12.01827 -1.32953 1.28709 13.23313 -1.08783 1.63572 13.23313 -0.82032 1.89691 13.23313 -0.4311 2.0789 13.23313 0 2.17258 13.23313 -0.81085 1.44846 14.18454 -0.92221 0.91905 14.63086 -1.29133 0.81333 14.2129 -1.00132 1.44846 13.83179 -1.45157 0.80503 13.83227 -0.81085 1.44846 14.18454 -0.92221 0.91905 14.63086 -1.15899 1.44846 13.4099 -1.32953 1.28709 13.23313 -1.62025 0.80787 13.23298 -1.15899 1.44846 13.4099 -1.00132 1.44846 13.83179 -0.92624 1.5437 13.83179 -0.69209 1.73334 13.83179 -0.36411 1.87581 13.83179 0 1.93734 13.83179 -0.92624 1.5437 13.83179 -1.00132 1.44846 13.83179 -0.81085 1.44846 14.18454 -0.57073 1.57892 14.18454 -0.69209 1.73334 13.83179 -0.29844 1.70232 14.18454 -0.36411 1.87581 13.83179 -1.93095 0.85247 -1.85019 -1.9638 0.47569 -1.85019 -1.78312 1.36984 -1.85019 -1.59609 -0.75278 -1.85019 -1.85373 -0.13866 -1.85019 -1.9638 0.47569 -1.85019 -1.93095 0.85247 -1.85019 -1.93095 0.85263 -8.870223 -1.9638 0.47585 -8.870223 -1.78312 1.36984 -1.85019 -1.78312 1.37 -8.870223 -0.60708 -1.51185 -8.870223 0 -1.61415 -8.870223 -1.15474 -1.21499 -8.870223 -1.59609 -0.75278 -1.85019 -1.59609 -0.75262 -8.870223 -1.85373 -0.13866 -1.85019 -1.85373 -0.1385 -8.870223 -1.94536 0.51584 -10.68222 -1.72418 1.37 -12.22687 0 -1.47083 -10.682 -0.60708 -1.36858 -10.682 -0.59266 -1.09007 -12.22687 0 -1.19237 -12.22687 -1.15563 -1.08888 -10.682 -1.12715 -0.84271 -12.22687 -1.59602 -0.65329 -10.682 -1.54142 -0.4209 -12.22687 -1.85373 -0.08329999 -10.682 -1.77189 0.08000999 -12.22687 -1.85278 0.60795 -12.22687 -1.84422 0.85263 -12.22687 -1.44577 0.91718 -15.14363 -0.49396 -0.45467 -15.14363 0 -0.53163 -15.14363 -0.96136 -0.2199299 -15.14363 -1.28187 0.14566 -15.14363 -1.41143 0.53045 -15.14363 5.80316 -0.39043 -0.55934 5.77864 -1.29671 -0.55327 5.78343 -0.51768 -1.46157 5.76987 -0.50039 -1.90402 5.74768 -1.29701 -0.5532 5.76303 -0.52143 -1.46157 5.7759 -0.32043 -1.4556 5.72087 -0.40121 -0.55927 5.74103 -0.32529 -1.4556 5.78343 -0.51768 -1.46157 5.7759 -0.32043 -1.4556 5.574581 -0.64109 3.49046 5.57482 -0.51294 3.49046 5.57522 -0.43178 2.17773 5.6086 -0.82965 2.17773 5.60123 -0.2788 1.21736 5.67153 -1.11939 1.21736 5.69851 -0.39164 0.24838 5.68437 -1.22391 0.84683 5.87722 -0.36247 0.24832 5.8638 -1.20207 0.92666 5.82723 -1.31705 0.31968 5.9733 -0.43196 2.45695 5.91051 -1.05922 1.43921 5.71753 -1.31673 0.31974 5.74768 -1.29701 -0.5532 5.77864 -1.29671 -0.55327 5.71753 -1.31673 0.31974 5.94788 -0.74371 2.45742 5.76987 -0.50039 -1.90402 5.971991 -0.51294 3.49046 5.97223 -0.64109 3.49046 5.9182 -0.36646 3.49046 5.93685 -0.2403399 2.45695 5.77341 -0.31553 3.49046 5.9182 -0.36646 3.49046 5.93685 -0.2403399 2.45695 5.77341 -0.19161 2.39958 5.962901 -0.55335 4.05642 5.96428 -0.6271 4.05642 5.90078 -0.44428 4.05642 5.77341 -0.40772 4.05642 5.90078 -0.44428 4.05642 5.94748 -0.6249 4.23873 5.91393 -0.62236 4.43495 5.85761 -0.61512 4.54873 5.85761 -0.61512 4.54873 5.78 -0.60065 4.60113 5.62861 -0.36646 3.49046 5.59564 -0.22661 2.30396 5.62861 -0.36646 3.49046 5.59564 -0.22661 2.30396 5.58392 -0.55335 4.05642 5.58253 -0.6271 4.05642 5.64603 -0.44428 4.05642 5.64603 -0.44428 4.05642 5.59934 -0.6249 4.23873 5.63289 -0.62236 4.43495 5.68921 -0.61512 4.54873 5.68921 -0.61512 4.54873 6.11243 -0.1673099 1.45907 6.0694 -0.10509 1.61996 5.90187 -0.10009 1.71065 5.77341 -0.10332 1.78216 5.49424 -0.14704 1.90255 5.46306 -0.21921 1.7526 5.61099 -0.11933 1.86386 6.0694 -0.10509 1.61996 -5.78343 -0.51769 -1.46158 -5.76987 -0.50039 -1.90402 -5.77864 -1.29671 -0.55327 -5.76987 -0.50039 -1.90402 -5.76303 -0.52143 -1.46158 -5.74768 -1.29701 -0.55321 -5.80316 -0.39043 -0.55934 -5.7759 -0.32044 -1.4556 -5.72087 -0.40122 -0.55928 -5.74103 -0.32529 -1.4556 -5.78343 -0.51769 -1.46158 -5.7759 -0.32044 -1.4556 -5.574581 -0.64109 3.49045 -5.6086 -0.82966 2.17773 -5.57522 -0.43179 2.17773 -5.57482 -0.51295 3.49045 -5.60123 -0.2788 1.21736 -5.67153 -1.1194 1.21736 -5.68437 -1.22391 0.84682 -5.69851 -0.39165 0.24838 -5.87722 -0.36248 0.24831 -5.82723 -1.31706 0.31968 -5.8638 -1.20208 0.92666 -5.97329 -0.43196 2.45695 -5.91051 -1.05923 1.43921 -5.74768 -1.29701 -0.55321 -5.71753 -1.31674 0.31974 -5.77864 -1.29671 -0.55327 -5.71753 -1.31674 0.31974 -5.94788 -0.74371 2.45742 -5.971991 -0.51295 3.49045 -5.97223 -0.64109 3.49045 -5.9182 -0.36647 3.49045 -5.93685 -0.2403399 2.45695 -5.77341 -0.31553 3.49045 -5.77341 -0.19161 2.39958 -5.93685 -0.2403399 2.45695 -5.9182 -0.36647 3.49045 -5.962901 -0.55336 4.05642 -5.96428 -0.6271 4.05642 -5.90078 -0.44429 4.05642 -5.77341 -0.40772 4.05642 -5.90078 -0.44429 4.05642 -5.94748 -0.6249 4.23873 -5.91393 -0.62236 4.43495 -5.85761 -0.61513 4.54873 -5.85761 -0.61513 4.54873 -5.78 -0.60065 4.60113 -5.59564 -0.22662 2.30396 -5.62861 -0.36647 3.49045 -5.62861 -0.36647 3.49045 -5.59564 -0.22662 2.30396 -5.58392 -0.55336 4.05642 -5.58253 -0.6271 4.05642 -5.64603 -0.44429 4.05642 -5.64603 -0.44429 4.05642 -5.59934 -0.6249 4.23873 -5.63289 -0.62236 4.43495 -5.6892 -0.61513 4.54873 -5.6892 -0.61513 4.54873 -6.11243 -0.1673099 1.45907 -6.0694 -0.10509 1.61996 -5.90187 -0.1001 1.71065 -5.77341 -0.10332 1.78216 -5.46306 -0.21921 1.75259 -5.49424 -0.14704 1.90255 -5.61099 -0.11934 1.86386 -6.0694 -0.10509 1.61996 -5.715 -1.61788 1.09761 -5.715 -1.61788 0.07431995 -5.747 -1.56246 0.07431995 -5.747 -1.56246 1.09761 -5.811 -1.56246 0.07431995 -5.811 -1.56246 1.09761 -5.842999 -1.61788 0.07431995 -5.842999 -1.61788 1.09761 -5.811 -1.67331 0.07431995 -5.811 -1.67331 1.09761 -5.747 -1.67331 0.07431995 -5.747 -1.67331 1.09761 -5.747 -1.67331 0.07431995 -5.811 -1.67331 0.07431995 -5.842999 -1.61788 0.07431995 -5.811 -1.56246 0.07431995 -5.747 -1.56246 0.07431995 -5.715 -1.61788 0.07431995 -6.805079 -1.58976 3.92654 -6.80238 -1.58979 4.43902 -6.74258 -1.26925 4.45259 -6.757289 -1.25962 3.92654 -6.59663 -0.98967 4.4648 -6.60584 -0.97322 3.92654 -6.38207 -0.76593 4.47457 -6.38061 -0.74607 3.92654 -6.10767 -0.61829 4.4812 -6.10733 -0.6102 3.92654 -5.779 -0.55281 4.48387 -5.779 -0.54394 3.92654 -5.779 -2.77009 3.92654 -5.779 -2.75023 4.38793 -6.13484 -2.68086 4.39124 -6.134119 -2.69462 3.92654 -6.43507 -2.49514 4.39907 -6.42069 -2.51421 3.92654 -6.65454 -2.21207 4.41143 -6.64864 -2.22225 3.92654 -6.77354 -1.894 4.42531 -6.768489 -1.90008 3.92654 -6.7509 -1.58989 4.92732 -6.691431 -1.29079 4.95245 -6.55224 -1.03207 4.97489 -6.35683 -0.84044 4.99138 -6.0968 -0.70189 5.0033 -5.779 -0.64303 5.00845 -5.779 -2.64277 4.83526 -6.11526 -2.57918 4.84087 -6.39873 -2.43163 4.85338 -6.61657 -2.17016 4.87607 -6.7271 -1.87889 4.90134 -6.651461 -1.58989 5.08334 -6.60138 -1.33001 5.10504 -6.47156 -1.09473 5.12543 -6.30896 -0.93597 5.13904 -6.08277 -0.81046 5.14982 -5.779 -0.7541 5.15475 -5.779 -2.50225 5.00358 -6.08507 -2.44975 5.00821 -6.32888 -2.32952 5.01833 -6.52412 -2.10711 5.03761 -6.63304 -1.85463 5.05948 -6.54059 -1.36076 4.80094 -6.60138 -1.33001 5.10504 -6.651461 -1.58989 5.08334 -6.58341 -1.58999 4.78193 -6.4187 -1.14074 4.82 -6.47156 -1.09473 5.12543 -6.26865 -0.9935 4.83261 -6.30896 -0.93597 5.13904 -6.05945 -0.88483 4.84191 -6.08277 -0.81046 5.14982 -5.779 -0.82928 4.84677 -5.779 -0.7541 5.15475 -6.02869 -2.35388 4.7152 -6.08507 -2.44975 5.00821 -5.779 -2.50225 5.00358 -5.779 -2.39334 4.7117 -6.24051 -2.25688 4.72329 -6.32888 -2.32952 5.01833 -6.43577 -2.0694 4.73951 -6.52412 -2.10711 5.03761 -6.55178 -1.83546 4.75976 -6.63304 -1.85463 5.05948 -6.58207 -1.33957 4.09224 -6.61951 -1.58988 4.09242 -6.4624 -1.10703 4.09205 -6.3067 -0.93892 4.09177 -6.08294 -0.80994 4.09157 -5.779 -0.74606 4.09157 -6.029 -2.37676 4.09337 -5.779 -2.41624 4.09334 -6.24086 -2.2758 4.09298 -6.44932 -2.08201 4.0928 -6.57549 -1.84145 4.09258 -6.76695 -1.56456 3.05839 -6.71402 -1.27108 3.05839 -6.58278 -1.00108 3.05839 -6.49018 -0.90447 3.05839 -6.35473 -0.77877 3.05839 -6.08868 -0.62243 3.05839 -5.779 -0.567 3.05839 -5.779 -2.7156 3.05839 -6.12797 -2.63858 3.05839 -6.40033 -2.47141 3.05839 -6.47765 -2.37752 3.05839 -6.62405 -2.19973 3.05839 -6.75309 -1.78298 3.05839 -5.779 -0.58006 2.76619 -6.084 -0.63384 2.766 -6.5696 -1.34223 1.89314 -6.65654 -1.42085 2.33794 -6.63789 -1.30782 2.33864 -6.51724 -1.05749 2.33864 -6.45591 -1.1189 1.88924 -6.31889 -0.84372 2.33864 -6.28174 -0.93557 1.88604 -6.17867 -0.75746 2.33864 -6.0771 -0.69499 2.33864 -6.08254 -0.81152 1.88387 -6.01639 -0.82511 1.44267 -6.0512 -0.65451 2.13749 -5.779 -0.61763 2.13749 -5.779 -0.81 1.44172 -5.779 -2.44379 1.91236 -5.779 -2.56231 2.33864 -6.08676 -2.50252 2.33864 -6.055271 -2.39345 1.91148 -6.29563 -2.26594 1.90926 -6.34324 -2.3568 2.33864 -6.549339 -2.12441 2.33864 -6.48946 -2.06002 1.90567 -6.64544 -1.90108 2.33864 -6.5935 -1.82329 1.90153 -6.68469 -1.66394 2.33864 -6.61549 -1.58976 1.89746 -6.5696 -1.34223 1.89314 -6.503339 -1.37022 2.57453 -6.5533 -1.61481 2.57362 -6.61549 -1.58976 1.89746 -6.45591 -1.1189 1.88924 -6.40004 -1.16593 2.57526 -6.28174 -0.93557 1.88604 -6.18337 -0.96706 2.57566 -6.08254 -0.81152 1.88387 -5.91208 -0.65165 2.57566 -5.779 -2.39015 2.5718 -5.779 -2.44379 1.91236 -6.055271 -2.39345 1.91148 -6.02591 -2.3471 2.57188 -6.29563 -2.26594 1.90926 -6.25145 -2.22878 2.57198 -6.48946 -2.06002 1.90567 -6.42679 -2.03369 2.57272 -6.5935 -1.82329 1.90153 -6.52154 -1.81332 2.57318 -6.09373 -1.61475 0.32335 -6.5533 -1.61481 2.57362 -6.503339 -1.37022 2.57453 -6.06602 -1.49091 0.32425 -6.40004 -1.16593 2.57526 -5.99597 -1.39384 0.32499 -5.893 -1.32797 0.32536 -6.0771 -1.15646 1.54096 -5.779 -1.19205 0.90633 -5.779 -1.30412 0.32563 -5.861209 -1.19666 0.92554 -6.02591 -2.3471 2.57188 -5.9011 -1.90932 0.3217 -5.779 -1.93458 0.32152 -5.779 -2.39015 2.5718 -6.25145 -2.22878 2.57198 -6.42679 -2.03369 2.57272 -5.99772 -1.84489 0.32244 -6.52154 -1.81332 2.57318 -6.07337 -1.73484 0.3229 -6.18337 -0.96706 2.57566 -5.91208 -0.65165 2.57566 -5.779 -0.75693 1.88292 -5.779 -0.65165 2.57566 -6.01639 -0.82511 1.44267 -5.779 -0.81 1.44172 -6.71102 -1.56125 2.55167 -6.69659 -1.76232 2.55127 -6.09373 -1.61475 0.32335 -6.06602 -1.49091 0.32425 -5.779 -1.61725 1.24202 -5.99597 -1.39384 0.32499 -5.893 -1.32797 0.32536 -5.779 -1.30412 0.32563 -5.779 -1.93458 0.32152 -5.9011 -1.90932 0.3217 -5.99772 -1.84489 0.32244 -6.07337 -1.73484 0.3229 -4.75292 -1.58976 3.92654 -4.8007 -1.25962 3.92654 -4.81542 -1.26925 4.45259 -4.75561 -1.58979 4.43902 -4.95216 -0.97322 3.92654 -4.96137 -0.98967 4.4648 -5.17593 -0.76593 4.47457 -5.17739 -0.74607 3.92654 -5.45033 -0.61829 4.4812 -5.45066 -0.6102 3.92654 -5.779 -2.77009 3.92654 -5.42388 -2.69462 3.92654 -5.42316 -2.68086 4.39124 -5.779 -2.75023 4.38793 -5.13731 -2.51421 3.92654 -5.12292 -2.49514 4.39907 -4.90936 -2.22225 3.92654 -4.90345 -2.21207 4.41143 -4.78951 -1.90008 3.92654 -4.78446 -1.894 4.42531 -4.86656 -1.29079 4.95245 -4.80709 -1.58989 4.92732 -5.00576 -1.03207 4.97489 -5.20117 -0.84044 4.99138 -5.4612 -0.70189 5.0033 -5.779 -0.64303 5.00845 -5.44274 -2.57918 4.84087 -5.779 -2.64277 4.83526 -5.15927 -2.43163 4.85338 -4.94142 -2.17016 4.87607 -4.83089 -1.87889 4.90134 -4.956611 -1.33001 5.10504 -4.90653 -1.58989 5.08334 -5.08644 -1.09473 5.12543 -5.24903 -0.93597 5.13904 -5.47523 -0.81046 5.14982 -5.779 -0.7541 5.15475 -5.47293 -2.44975 5.00821 -5.779 -2.50225 5.00358 -5.22912 -2.32952 5.01833 -5.03388 -2.10711 5.03761 -4.92496 -1.85463 5.05948 -5.01741 -1.36076 4.80094 -4.97458 -1.58999 4.78193 -4.90653 -1.58989 5.08334 -4.956611 -1.33001 5.10504 -5.13929 -1.14074 4.82 -5.08644 -1.09473 5.12543 -5.28934 -0.9935 4.83261 -5.24903 -0.93597 5.13904 -5.49855 -0.88483 4.84191 -5.47523 -0.81046 5.14982 -5.779 -0.82928 4.84677 -5.779 -0.7541 5.15475 -5.52931 -2.35388 4.7152 -5.779 -2.39334 4.7117 -5.779 -2.50225 5.00358 -5.47293 -2.44975 5.00821 -5.31749 -2.25687 4.72329 -5.22912 -2.32952 5.01833 -5.12222 -2.0694 4.73951 -5.03388 -2.10711 5.03761 -5.00621 -1.83546 4.75976 -4.92496 -1.85463 5.05948 -4.97593 -1.33956 4.09224 -4.93848 -1.58988 4.09242 -5.09559 -1.10703 4.09205 -5.25129 -0.93891 4.09177 -5.47506 -0.80994 4.09157 -5.779 -0.74606 4.09157 -5.529 -2.37675 4.09337 -5.779 -2.41624 4.09334 -5.31713 -2.2758 4.09298 -5.10868 -2.08201 4.0928 -4.9825 -1.84145 4.09258 -5.46932 -0.62243 3.05839 -5.474 -0.63384 2.766 -5.54161 -0.82511 1.44267 -5.5068 -0.65451 2.13749 -4.98839 -1.34223 1.89314 -4.94251 -1.58976 1.89746 -5.0047 -1.61481 2.57362 -5.05466 -1.37022 2.57453 -5.10209 -1.1189 1.88924 -5.15796 -1.16593 2.57526 -5.27626 -0.93557 1.88604 -5.374629 -0.96706 2.57566 -5.47546 -0.81152 1.88387 -5.64592 -0.65165 2.57566 -5.53209 -2.3471 2.57188 -5.50272 -2.39345 1.91148 -5.30655 -2.22878 2.57198 -5.26236 -2.26594 1.90926 -5.06854 -2.06002 1.90567 -5.13121 -2.03369 2.57272 -4.9645 -1.82329 1.90153 -5.03645 -1.81332 2.57318 -5.46427 -1.61475 0.32335 -5.49197 -1.49091 0.32425 -5.05466 -1.37022 2.57453 -5.0047 -1.61481 2.57362 -5.56203 -1.39384 0.32499 -5.15796 -1.16593 2.57526 -5.664999 -1.32797 0.32536 -5.4809 -1.15646 1.54096 -5.779 -1.19205 0.90633 -5.69679 -1.19666 0.92554 -5.779 -1.30412 0.32563 -5.53209 -2.3471 2.57188 -5.779 -2.39015 2.5718 -5.779 -1.93458 0.32152 -5.6569 -1.90932 0.3217 -5.30655 -2.22878 2.57198 -5.13121 -2.03369 2.57272 -5.56027 -1.84489 0.32244 -5.03645 -1.81332 2.57318 -5.484631 -1.73484 0.3229 -5.64592 -0.65165 2.57566 -5.374629 -0.96706 2.57566 -5.48089 -0.69499 2.33864 -5.47546 -0.81152 1.88387 -5.54161 -0.82511 1.44267 -5.46427 -1.61475 0.32335 -5.49197 -1.49091 0.32425 -5.56203 -1.39384 0.32499 -5.664999 -1.32797 0.32536 -5.6569 -1.90932 0.3217 -5.56027 -1.84489 0.32244 -5.484631 -1.73484 0.3229 -6.11542 -0.69912 2.46561 -6.1204 -0.6628 2.73677 -6.02505 -2.59659 2.73867 -6.399449 -2.45695 2.96686 -6.01682 -2.54309 2.46533 -4.98839 -1.34223 1.89314 -4.9201 -1.30781 2.33864 -4.90145 -1.42085 2.33794 -5.04075 -1.05749 2.33864 -5.10209 -1.1189 1.88924 -5.27626 -0.93557 1.88604 -5.2391 -0.84372 2.33864 -5.37933 -0.75746 2.33864 -5.779 -2.44379 1.91236 -5.50272 -2.39345 1.91148 -5.47123 -2.50252 2.33864 -5.779 -2.56231 2.33864 -5.26236 -2.26594 1.90926 -5.06854 -2.06002 1.90567 -5.00865 -2.12441 2.33864 -5.21476 -2.3568 2.33864 -4.9645 -1.82329 1.90153 -4.91255 -1.90108 2.33864 -4.94251 -1.58976 1.89746 -4.87331 -1.66393 2.33864 -6.34892 -0.78687 2.91021 -4.79104 -1.56456 3.05839 -4.84397 -1.27108 3.05839 -4.97522 -1.00108 3.05839 -5.06781 -0.90447 3.05839 -5.20327 -0.77877 3.05839 -5.779 -2.7156 3.05839 -5.43003 -2.63858 3.05839 -5.15766 -2.47141 3.05839 -5.08035 -2.37752 3.05839 -4.93395 -2.19973 3.05839 -4.80491 -1.78298 3.05839 -4.84697 -1.56124 2.55167 -4.8614 -1.76232 2.55127 -5.44258 -0.69912 2.46562 -5.437591 -0.66279 2.73677 -5.53294 -2.59659 2.73867 -5.15855 -2.45695 2.96686 -5.54118 -2.54309 2.46533 -5.20908 -0.78687 2.91021 -6.51724 -1.05749 2.33864 -6.63789 -1.30782 2.33864 -6.65654 -1.42085 2.33794 -6.17867 -0.75746 2.33864 -6.31889 -0.84372 2.33864 -5.04075 -1.05749 2.33864 -5.2391 -0.84372 2.33864 -5.37933 -0.75746 2.33864 -6.71102 -1.56125 2.55167 -6.11542 -0.69912 2.46561 -6.34324 -2.3568 2.33864 -6.08676 -2.50252 2.33864 -6.64544 -1.90108 2.33864 -6.549339 -2.12441 2.33864 -6.01682 -2.54309 2.46533 -6.69659 -1.76232 2.55127 -6.02505 -2.59659 2.73867 -6.76695 -1.56456 3.05839 -6.1204 -0.6628 2.73677 -6.71402 -1.27108 3.05839 -6.58278 -1.00108 3.05839 -6.49018 -0.90447 3.05839 -6.34892 -0.78687 2.91021 -6.75309 -1.78298 3.05839 -6.47765 -2.37752 3.05839 -6.62405 -2.19973 3.05839 -6.399449 -2.45695 2.96686 -4.90145 -1.42085 2.33794 -4.9201 -1.30781 2.33864 -5.44258 -0.69912 2.46562 -4.84697 -1.56124 2.55167 -5.21476 -2.3568 2.33864 -5.00865 -2.12441 2.33864 -4.91255 -1.90108 2.33864 -5.47123 -2.50252 2.33864 -5.54118 -2.54309 2.46533 -4.8614 -1.76232 2.55127 -5.53294 -2.59659 2.73867 -5.437591 -0.66279 2.73677 -4.79104 -1.56456 3.05839 -4.97522 -1.00108 3.05839 -4.84397 -1.27108 3.05839 -5.20908 -0.78687 2.91021 -5.06781 -0.90447 3.05839 -4.80491 -1.78298 3.05839 -4.93395 -2.19973 3.05839 -5.08035 -2.37752 3.05839 -5.15855 -2.45695 2.96686 -4.70044 -1.00821 3.70803 -4.89137 -1.11811 3.69938 -4.69339 -1.05679 4.11439 -4.87773 -1.19067 4.32029 -4.776 -1.12819 4.29461 -4.71183 -1.08165 4.22346 -4.71183 -1.08165 4.22346 -4.776 -1.12819 4.29461 -4.87773 -1.19067 4.32029 -4.69339 -1.05679 4.11439 -4.70044 -1.00821 3.70803 -4.89137 -1.11811 3.69938 -4.79581 -1.58061 4.09797 -5.2874 -0.72914 4.09797 -6.2706 -0.72914 4.09797 -6.76219 -1.58061 4.09797 -6.27059 -2.43208 4.09797 -5.28741 -2.43208 4.09797 -6.06559 -1.58095 4.08278 -5.936729 -1.58095 4.38071 -5.9156 -1.50208 4.38071 -6.02719 -1.43765 4.08278 -5.85786 -1.44435 4.38071 -5.92229 -1.33275 4.08278 -5.779 -1.42322 4.38071 -5.779 -1.29436 4.08278 -5.70014 -1.44435 4.38071 -5.6357 -1.33275 4.08278 -5.6424 -1.50208 4.38071 -5.530809 -1.43765 4.08278 -5.62127 -1.58095 4.38071 -5.49241 -1.58095 4.08278 -5.6424 -1.65981 4.38071 -5.530809 -1.72424 4.08278 -5.70014 -1.71754 4.38071 -5.6357 -1.82914 4.08278 -5.779 -1.73867 4.38071 -5.779 -1.86753 4.08278 -5.85786 -1.71754 4.38072 -5.92229 -1.82914 4.08278 -5.9156 -1.65981 4.38072 -6.02719 -1.72424 4.08278 -5.779 -1.58095 4.55928 13.4473 0.5216951 -4.658032 16.43563 0.7969765 -5.516105 16.43621 0.7645574 -5.059154 13.448 0.4806024 -3.985886 16.4335 0.8841925 -5.061058 16.43563 0.7969765 -5.516105 13.4473 0.5216951 -4.658032 13.44441 0.6393572 -3.9937 16.43621 0.7645574 -5.059154 13.448 0.4806024 -3.985886 6.338912 -0.004065096 -1.928082 6.338918 -0.04481828 -1.533516 13.33421 0.5527648 -4.033555 13.33378 0.5743081 -4.245757 13.33512 0.4691661 -3.944664 6.338912 -0.2390667 -1.392795 13.3358 0.5111301 -4.626019 6.33892 -0.1517254 -2.61891 13.33512 0.4691661 -3.944664 6.338912 -0.2390667 -1.392795 6.33892 -0.1517254 -2.61891 13.3358 0.5111301 -4.626019 12.05672 0.3568149 -3.710241 11.74134 0.3328841 -3.71035 11.74837 0.2904104 -3.164308 12.05344 0.3126789 -3.164202 11.74134 0.3328841 -3.71035 11.78339 0.052289 -3.710375 11.78184 0.09051626 -3.164326 11.74837 0.2904104 -3.164308 11.91647 0.2146545 -4.902889 12.01867 0.3135512 -4.514634 12.04034 0.09647005 -4.514657 11.92285 0.1409716 -4.902897 12.04836 0.3884255 -4.246334 11.74611 0.3598807 -4.160408 11.74611 0.3598807 -4.160408 11.78636 0.04546368 -4.169394 12.07772 0.1258085 -3.164224 12.08443 0.0928387 -3.710271 12.08 0.07809817 -4.253953 12.01867 0.3135512 -4.514634 11.80034 0.2898459 -4.514709 11.80034 0.2898459 -4.514709 11.82952 0.07752758 -4.514729 11.93808 0.04744315 -4.514702 11.92285 0.1409716 -4.902897 11.93808 0.04744315 -4.514702 11.93287 0.06819766 -3.164284 11.93892 0.01875329 -3.710331 11.94125 0.00368309 -4.214101 11.93892 0.01875329 -3.710331 11.93287 0.06819766 -3.164284 11.94125 0.00368309 -4.214101 11.91647 0.2146545 -4.902889 11.91647 0.2146545 -4.902889 11.78184 0.09051626 -3.164326 13.0786 0.6345847 -3.711378 12.86108 0.5053384 -4.307152 6.757964 0.03052496 -2.079642 6.979454 0.1377229 -1.481625 13.0786 0.6345847 -3.711378 6.979454 0.1377229 -1.481625 6.757964 0.03052496 -2.079642 12.86108 0.5053384 -4.307152 8.455177 0.01007926 -2.62035 8.1294 -0.01303035 -2.620462 8.138026 -0.07920205 -1.811499 8.453003 -0.06073772 -1.811391 8.1294 -0.01303035 -2.620462 8.173361 -0.3125864 -2.620487 8.173099 -0.2950723 -1.811517 8.138026 -0.07920205 -1.811499 8.308461 -0.1179625 -3.88358 8.420028 -0.02954846 -3.547102 8.430912 -0.2282512 -3.547128 8.31484 -0.191644 -3.883588 8.45823 0.04692173 -3.224379 8.125119 0.01262325 -3.126944 8.125119 0.01262325 -3.126944 8.172764 -0.2968984 -3.138827 8.478414 -0.2588235 -1.811412 8.484629 -0.2709985 -2.62038 8.488149 -0.2464771 -3.226829 8.420028 -0.02954846 -3.547102 8.181367 -0.05807501 -3.547184 8.181367 -0.05807501 -3.547184 8.219452 -0.2445051 -3.547201 8.328843 -0.2761895 -3.547163 8.31484 -0.191644 -3.883588 8.328843 -0.2761895 -3.547163 8.328849 -0.3169119 -1.811474 8.334008 -0.3456072 -2.620442 8.334733 -0.3312743 -3.183741 8.334008 -0.3456072 -2.620442 8.328849 -0.3169119 -1.811474 8.334733 -0.3312743 -3.183741 8.308461 -0.1179625 -3.88358 8.308461 -0.1179625 -3.88358 8.173099 -0.2950723 -1.811517 -13.44694 0.5216905 -4.658028 -13.44765 0.480588 -3.985882 -16.43586 0.7645417 -5.059154 -16.43528 0.7969605 -5.516095 -16.43314 0.8841766 -5.061057 -13.44405 0.6393426 -3.993696 -13.44694 0.5216905 -4.658028 -16.43528 0.7969605 -5.516095 -16.43586 0.7645417 -5.059154 -13.44765 0.480588 -3.985882 -13.07882 0.6345856 -3.711376 -6.979664 0.1377291 -1.481623 -6.758183 0.03053259 -2.079643 -12.8613 0.50535 -4.30715 -13.07882 0.6345856 -3.711376 -12.8613 0.50535 -4.30715 -6.758183 0.03053259 -2.079643 -6.979664 0.1377291 -1.481623 -6.338914 -0.00406152 -1.928086 -13.3338 0.5743052 -4.245758 -13.33422 0.5527619 -4.033556 -6.33892 -0.04481452 -1.53352 -13.33513 0.4691632 -3.944656 -6.338917 -0.2390629 -1.392789 -13.33581 0.5111271 -4.626011 -6.338913 -0.1517229 -2.61891 -13.33513 0.4691632 -3.944656 -13.33581 0.5111271 -4.626011 -6.338913 -0.1517229 -2.61891 -6.338917 -0.2390629 -1.392789 -12.05683 0.3568135 -3.710238 -12.05356 0.3126772 -3.1642 -11.74849 0.2904106 -3.164305 -11.74145 0.3328847 -3.710347 -11.74145 0.3328847 -3.710347 -11.74849 0.2904106 -3.164305 -11.78195 0.09051638 -3.164323 -11.7835 0.0522896 -3.710372 -11.91658 0.2146548 -4.902886 -11.92296 0.140972 -4.902904 -12.04046 0.09647059 -4.514663 -12.01878 0.3135505 -4.514631 -12.04847 0.3884245 -4.246331 -11.74622 0.3598816 -4.160405 -11.74622 0.3598816 -4.160405 -11.78648 0.04545569 -4.169391 -12.08454 0.09283715 -3.710268 -12.07783 0.1258066 -3.164222 -12.08012 0.07809823 -4.25395 -12.01878 0.3135505 -4.514631 -11.80046 0.2898479 -4.514706 -11.80046 0.2898479 -4.514706 -11.82963 0.07752829 -4.514726 -11.93819 0.04744315 -4.514698 -11.92296 0.140972 -4.902904 -11.93819 0.04744315 -4.514698 -11.93298 0.06819677 -3.164271 -11.93903 0.01875281 -3.710329 -11.94137 0.003683984 -4.214097 -11.93903 0.01875281 -3.710329 -11.93298 0.06819677 -3.164271 -11.94137 0.003683984 -4.214097 -11.91658 0.2146548 -4.902886 -11.91658 0.2146548 -4.902886 -11.78195 0.09051638 -3.164323 -8.454919 0.01006329 -2.620353 -8.452749 -0.06074357 -1.811394 -8.137766 -0.07920765 -1.811502 -8.129141 -0.01304602 -2.620465 -8.129141 -0.01304602 -2.620465 -8.137766 -0.07920765 -1.811502 -8.172842 -0.2950779 -1.81152 -8.173107 -0.3126021 -2.62049 -8.308201 -0.1179788 -3.883584 -8.314582 -0.1916603 -3.883592 -8.430653 -0.2282674 -3.547122 -8.419772 -0.02955472 -3.547105 -8.457971 0.04691547 -3.224382 -8.124858 0.01261717 -3.126937 -8.124858 0.01261717 -3.126937 -8.172517 -0.296913 -3.13883 -8.484374 -0.2710044 -2.620383 -8.478157 -0.2588292 -1.811415 -8.487901 -0.246482 -3.226832 -8.419772 -0.02955472 -3.547105 -8.18111 -0.05809116 -3.547188 -8.18111 -0.05809116 -3.547188 -8.219196 -0.2445112 -3.547194 -8.328583 -0.2762055 -3.547167 -8.314582 -0.1916603 -3.883592 -8.328583 -0.2762055 -3.547167 -8.328595 -0.3169175 -1.811466 -8.333746 -0.345613 -2.620435 -8.334474 -0.3312803 -3.183745 -8.333746 -0.345613 -2.620435 -8.328595 -0.3169175 -1.811466 -8.334474 -0.3312803 -3.183745 -8.308201 -0.1179788 -3.883584 -8.308201 -0.1179788 -3.883584 -8.172842 -0.2950779 -1.81152 6.025057 -2.596591 2.738664 6.016823 -2.543097 2.465324 6.086766 -2.502521 2.338644 6.753091 -1.782976 3.058394 6.624056 -2.199725 3.058394 6.645448 -1.901078 2.338634 6.489254 -2.143898 3.058284 6.549353 -2.12441 2.338634 6.343251 -2.356793 2.338634 6.358423 -2.313453 3.058284 6.696593 -1.76231 2.551264 6.645448 -1.901078 2.338634 6.599725 -1.779784 3.058284 6.624056 -2.199725 3.058394 6.477642 -2.377518 3.058394 6.753091 -1.782976 3.058394 6.549353 -2.12441 2.338634 6.696593 -1.76231 2.551264 6.086766 -2.502521 2.338644 6.016823 -2.543097 2.465324 6.025057 -2.596591 2.738664 6.399445 -2.45694 2.966864 6.343251 -2.356793 2.338634 6.399445 -2.45694 2.966864 6.477642 -2.377518 3.058394 6.656545 -1.420854 2.337941 6.714026 -1.271074 3.058388 6.76695 -1.564563 3.05839 6.637892 -1.307806 2.338639 6.517245 -1.057482 2.338645 6.582779 -1.001075 3.05839 6.711028 -1.561239 2.551672 6.616539 -1.561204 3.05873 6.576751 -1.32388 3.058729 6.637892 -1.307806 2.338639 6.656545 -1.420854 2.337941 6.445504 -1.05388 3.058731 6.517245 -1.057482 2.338645 6.35291 -0.9572826 3.058726 6.318888 -0.8437131 2.338645 6.714026 -1.271074 3.058388 6.582779 -1.001075 3.05839 6.490185 -0.9044767 3.058385 6.76695 -1.564563 3.05839 6.318888 -0.8437131 2.338645 6.348924 -0.7868645 2.910212 6.490185 -0.9044767 3.058385 6.711028 -1.561239 2.551672 6.1204 -0.6627965 2.736776 6.11541 -0.6991228 2.465613 6.178664 -0.7574545 2.33864 6.348924 -0.7868645 2.910212 6.1204 -0.6627965 2.736776 6.178664 -0.7574545 2.33864 6.11541 -0.6991228 2.465613 5.532947 -2.596587 2.73867 5.471238 -2.502517 2.33864 5.541181 -2.543093 2.46533 4.804905 -1.782979 3.05839 4.912556 -1.901074 2.33864 4.933949 -2.199721 3.05839 5.06875 -2.143894 3.05829 5.199581 -2.31345 3.05829 5.21476 -2.356797 2.33864 5.008651 -2.124407 2.33864 4.958279 -1.779781 3.05829 4.861403 -1.762313 2.55127 4.912556 -1.901074 2.33864 4.933949 -2.199721 3.05839 5.080354 -2.377521 3.05839 4.804905 -1.782979 3.05839 5.008651 -2.124407 2.33864 4.861403 -1.762313 2.55127 5.532947 -2.596587 2.73867 5.541181 -2.543093 2.46533 5.471238 -2.502517 2.33864 5.158552 -2.456943 2.96687 5.158552 -2.456943 2.96687 5.21476 -2.356797 2.33864 5.080354 -2.377521 3.05839 4.901458 -1.420847 2.337946 4.791052 -1.564556 3.058395 4.843984 -1.271073 3.058392 4.975231 -1.001073 3.058394 5.04076 -1.057489 2.338639 4.920113 -1.307813 2.338643 4.846982 -1.561237 2.551676 4.901458 -1.420847 2.337946 4.920113 -1.307813 2.338643 4.981254 -1.323887 3.058733 4.941465 -1.56121 3.058735 5.04076 -1.057489 2.338639 5.1125 -1.053887 3.058735 5.239109 -0.8437144 2.33864 5.205092 -0.9572757 3.058731 4.843984 -1.271073 3.058392 4.975231 -1.001073 3.058394 5.067817 -0.9044697 3.05839 4.791052 -1.564556 3.058395 5.209087 -0.7868636 2.910206 5.239109 -0.8437144 2.33864 5.067817 -0.9044697 3.05839 4.846982 -1.561237 2.551676 5.437601 -0.6627899 2.73677 5.442593 -0.6991162 2.465617 5.379333 -0.757456 2.338645 5.209087 -0.7868636 2.910206 5.437601 -0.6627899 2.73677 5.379333 -0.757456 2.338645 5.442593 -0.6991162 2.465617 -5.532947 -2.596587 2.73866 -5.541181 -2.543093 2.46532 -5.471231 -2.502524 2.33864 -4.804905 -1.782979 3.05839 -4.933941 -2.199728 3.05839 -4.912549 -1.90108 2.33864 -5.068749 -2.143894 3.05828 -5.008651 -2.124406 2.33864 -5.214746 -2.356796 2.33864 -5.199573 -2.313457 3.05828 -4.861404 -1.762313 2.55126 -4.912549 -1.90108 2.33864 -4.958272 -1.779787 3.05828 -4.933941 -2.199728 3.05839 -5.080354 -2.377521 3.05839 -4.804905 -1.782979 3.05839 -5.008651 -2.124406 2.33864 -4.861404 -1.762313 2.55126 -5.471231 -2.502524 2.33864 -5.541181 -2.543093 2.46532 -5.532947 -2.596587 2.73866 -5.158551 -2.456943 2.96686 -5.214746 -2.356796 2.33864 -5.158551 -2.456943 2.96686 -5.080354 -2.377521 3.05839 -4.901452 -1.420855 2.337936 -4.843971 -1.271075 3.058382 -4.791047 -1.564564 3.058385 -4.920104 -1.307807 2.338633 -5.040752 -1.057483 2.33864 -4.975217 -1.001076 3.058384 -4.846977 -1.561245 2.551676 -4.941458 -1.561205 3.058725 -4.981246 -1.323881 3.058723 -4.920104 -1.307807 2.338633 -4.901452 -1.420855 2.337936 -5.112493 -1.053882 3.058725 -5.040752 -1.057483 2.33864 -5.205087 -0.9572837 3.058721 -5.239109 -0.8437144 2.33864 -4.843971 -1.271075 3.058382 -4.975217 -1.001076 3.058384 -5.067818 -0.9044697 3.05839 -4.791047 -1.564564 3.058385 -5.239109 -0.8437144 2.33864 -5.209074 -0.7868658 2.910206 -5.067818 -0.9044697 3.05839 -4.846977 -1.561245 2.551676 -5.437596 -0.662798 2.73677 -5.442587 -0.6991243 2.465617 -5.379333 -0.757456 2.338635 -5.209074 -0.7868658 2.910206 -5.437596 -0.662798 2.73677 -5.379333 -0.757456 2.338635 -5.442587 -0.6991243 2.465617 -6.025054 -2.596592 2.73866 -6.086762 -2.502523 2.33864 -6.016813 -2.543091 2.46532 -6.75309 -1.782978 3.058389 -6.645445 -1.90108 2.338639 -6.624054 -2.199727 3.058389 -6.489245 -2.143893 3.058279 -6.358422 -2.313455 3.05828 -6.343241 -2.356802 2.33864 -6.549343 -2.124405 2.338639 -6.599723 -1.779786 3.058279 -6.696591 -1.762312 2.551259 -6.645445 -1.90108 2.338639 -6.624054 -2.199727 3.058389 -6.47764 -2.37752 3.058389 -6.75309 -1.782978 3.058389 -6.549343 -2.124405 2.338639 -6.696591 -1.762312 2.551259 -6.025054 -2.596592 2.73866 -6.016813 -2.543091 2.46532 -6.086762 -2.502523 2.33864 -6.399443 -2.456942 2.96686 -6.399443 -2.456942 2.96686 -6.343241 -2.356802 2.33864 -6.47764 -2.37752 3.058389 -6.656535 -1.420852 2.337936 -6.76694 -1.564561 3.058385 -6.714021 -1.27108 3.058382 -6.582774 -1.001081 3.058385 -6.51724 -1.057488 2.33864 -6.637888 -1.307812 2.338633 -6.711016 -1.56125 2.551676 -6.656535 -1.420852 2.337936 -6.637888 -1.307812 2.338633 -6.576746 -1.323886 3.058723 -6.616534 -1.56121 3.058725 -6.51724 -1.057488 2.33864 -6.445499 -1.053887 3.058725 -6.318891 -0.8437141 2.33864 -6.352899 -0.9572812 3.058721 -6.714021 -1.27108 3.058382 -6.582774 -1.001081 3.058385 -6.490174 -0.9044749 3.05839 -6.76694 -1.564561 3.058385 -6.348912 -0.7868631 2.910207 -6.318891 -0.8437141 2.33864 -6.490174 -0.9044749 3.05839 -6.711016 -1.56125 2.551676 -6.120398 -0.6627899 2.73677 -6.115413 -0.6991243 2.465617 -6.178658 -0.7574617 2.338635 -6.348912 -0.7868631 2.910207 -6.120398 -0.6627899 2.73677 -6.178658 -0.7574617 2.338635 -6.115413 -0.6991243 2.465617 -5.831655 -0.249044 -2.343814 -5.829668 -0.2768307 -1.939344 -5.670561 -0.3038387 -1.939344 -5.667213 -0.2742732 -2.343814 -5.670561 -0.3038387 -1.939344 -5.758423 -0.3208175 -1.411324 -5.773262 -0.4965289 -1.411324 -5.689697 -0.5071583 -1.939344 -5.667213 -0.2742732 -2.343814 -5.687252 -0.4899678 -2.343814 -5.810898 -0.2402543 -2.603324 -5.752926 -0.2974259 -2.890974 -5.760571 -0.3662803 -2.890974 -5.825562 -0.4233087 -2.603324 -5.84468 -0.4820148 -1.939344 -5.773262 -0.4965289 -1.411324 -5.758423 -0.3208175 -1.411324 -5.687882 -0.2591176 -2.603324 -5.687882 -0.2591176 -2.603324 -5.70407 -0.4475067 -2.603324 -5.848795 -0.4606704 -2.343814 -5.752926 -0.2974259 -2.890974 -5.752926 -0.2974259 -2.890974 -5.760571 -0.3662803 -2.890974 -5.764191 -0.4569711 -2.603324 -5.764191 -0.4569711 -2.603324 -5.775126 -0.5275001 -1.411324 -5.769075 -0.5316021 -1.939344 -5.769075 -0.5316021 -1.939344 -5.775126 -0.5275001 -1.411324 -5.76765 -0.5052705 -2.343814 -5.76765 -0.5052705 -2.343814 5.831892 -0.2490465 -2.343813 5.667449 -0.2742752 -2.343813 5.670807 -0.303839 -1.939343 5.829905 -0.2768331 -1.939343 5.670807 -0.303839 -1.939343 5.689933 -0.5071601 -1.939343 5.773499 -0.496531 -1.411323 5.75866 -0.3208197 -1.411323 5.667449 -0.2742752 -2.343813 5.687498 -0.4899681 -2.343813 5.811146 -0.2402551 -2.603323 5.825809 -0.4233095 -2.603323 5.760807 -0.3662825 -2.890973 5.753163 -0.2974281 -2.890973 5.75866 -0.3208197 -1.411323 5.773499 -0.496531 -1.411323 5.844916 -0.4820172 -1.939343 5.688119 -0.2591196 -2.603323 5.688119 -0.2591196 -2.603323 5.704316 -0.4475071 -2.603323 5.849031 -0.4606727 -2.343813 5.753163 -0.2974281 -2.890973 5.753163 -0.2974281 -2.890973 5.760807 -0.3662825 -2.890973 5.764437 -0.4569716 -2.603323 5.764437 -0.4569716 -2.603323 5.76931 -0.5315943 -1.939343 5.775362 -0.5275022 -1.411323 5.775362 -0.5275022 -1.411323 5.76931 -0.5315943 -1.939343 5.767895 -0.5052611 -2.343813 5.767895 -0.5052611 -2.343813 -6.338913 -0.002066314 -1.928084 -1.891123 -0.7069216 -1.922964 -1.891123 -0.8925896 -2.618914 -6.338912 -0.1517279 -2.618914 -1.891119 -0.7374251 -1.528394 -6.338908 -0.04482161 -1.533514 -4.09929 -0.5823152 -1.392794 -1.89112 -0.9215755 -1.392794 -6.33891 -0.2390688 -1.392794 -6.338912 -0.1517279 -2.618914 -4.09929 -0.5823152 -1.392794 -6.33891 -0.2390688 -1.392794 -1.891123 -0.8925896 -2.618914 -1.89112 -0.9215755 -1.392794 6.338914 -0.002062559 -1.928084 6.338914 -0.1517241 -2.618913 1.891116 -0.8925907 -2.618913 1.891115 -0.7069227 -1.922964 1.891122 -0.7374246 -1.528394 6.33891 -0.04481798 -1.533524 4.099284 -0.5823196 -1.392794 1.891113 -0.9215765 -1.392794 6.338912 -0.2390649 -1.392794 6.338914 -0.1517241 -2.618913 6.338912 -0.2390649 -1.392794 4.099284 -0.5823196 -1.392794 1.891113 -0.9215765 -1.392794 1.891116 -0.8925907 -2.618913 4.099285 -0.2294752 2.684199 4.099289 -0.1556751 2.619362 2.512385 -0.2832095 3.475547 2.539017 -0.3611321 3.508232 2.510924 -0.4459464 3.474437 4.099287 -0.3039494 2.618134 4.099285 -0.2294752 2.684199 2.539017 -0.3611321 3.508232 4.099284 -0.3434507 2.518023 2.200876 -0.6017258 3.524553 2.203686 -0.2469297 3.525003 2.365695 -0.2140861 3.297033 2.171624 -0.1851482 3.088525 2.22242 -0.3300101 3.781001 2.220915 -0.4107369 3.825446 2.220915 -0.4107369 3.825446 2.21928 -0.4943765 3.7807 5.42066 0.005695879 1.693364 5.338487 0.03856086 1.4347 5.500632 -0.1207145 1.944096 5.480971 -0.05412119 1.882838 5.500632 -0.1207145 1.944096 5.481947 -0.187856 1.884472 5.45607 -0.2220656 1.802522 5.490213 -0.1215638 1.90678 5.481947 -0.187856 1.884472 5.45607 -0.2220656 1.802522 2.205501 -0.3914046 3.654391 2.21928 -0.4943765 3.7807 2.200876 -0.6017258 3.524553 4.099284 -0.3434507 2.518023 2.205501 -0.3914046 3.654391 5.490213 -0.1215638 1.90678 2.171624 -0.1851482 3.088525 5.338487 0.03856086 1.4347 5.45607 -0.2220656 1.802522 2.200876 -0.6017258 3.524553 -4.099161 -0.2294752 2.684195 -2.538897 -0.361132 3.508231 -2.512251 -0.28321 3.475542 -4.099156 -0.1556757 2.619363 -2.510795 -0.4459469 3.474441 -2.538897 -0.361132 3.508231 -4.099161 -0.2294752 2.684195 -4.099163 -0.3039494 2.618129 -4.09916 -0.3434507 2.518019 -2.200747 -0.6017264 3.524558 -2.203562 -0.2469296 3.524995 -2.171502 -0.1851481 3.088525 -2.365574 -0.2140859 3.297033 -2.222287 -0.3300106 3.780997 -2.220782 -0.4107375 3.825443 -2.219157 -0.4943764 3.780691 -2.220782 -0.4107375 3.825443 -5.338358 0.03856086 1.434693 -5.420533 0.005695939 1.693357 -5.480849 -0.05412113 1.88284 -5.500504 -0.1207144 1.944089 -5.500504 -0.1207144 1.944089 -5.481819 -0.1878558 1.884466 -5.455942 -0.2220655 1.802516 -5.490087 -0.1215637 1.906773 -5.481819 -0.1878558 1.884466 -5.455942 -0.2220655 1.802516 -2.205373 -0.3914051 3.654396 -2.219157 -0.4943764 3.780691 -2.200747 -0.6017264 3.524558 -4.09916 -0.3434507 2.518019 -5.490087 -0.1215637 1.906773 -2.205373 -0.3914051 3.654396 -2.171502 -0.1851481 3.088525 -5.338358 0.03856086 1.434693 -5.455942 -0.2220655 1.802516 -2.200747 -0.6017264 3.524558 3.659662 -0.6603503 -1.194389 4.056156 -0.595702 -1.21746 4.135129 -0.6305075 -0.3912758 3.59869 -0.7304735 -0.2676357 3.659662 -0.6603503 -1.194389 3.59869 -0.7304735 -0.2676357 4.135129 -0.6305075 -0.3912758 4.056156 -0.595702 -1.21746 2.861799 -0.4980034 -0.9872291 2.861361 -0.5575333 -1.09142 2.880887 -0.6759315 -1.092946 2.90086 -0.7347792 -0.9902916 2.901297 -0.6752385 -0.8861101 2.881762 -0.556851 -0.8845736 3.702232 -0.3731079 -1.054161 3.70184 -0.4254822 -1.145803 3.719795 -0.4248834 -0.9638594 3.736975 -0.5290226 -0.965209 3.736592 -0.5813962 -1.056861 3.719029 -0.5296216 -1.147153 2.693005 -0.7098737 -0.8654423 2.947648 -0.6438756 -0.8907827 3.863105 -0.5534526 -0.5337898 3.833248 -0.5692235 -0.4356063 2.935709 -0.5715357 -0.8898488 3.846648 -0.4536842 -0.5324909 2.67348 -0.5914863 -0.8639066 3.813713 -0.450826 -0.4340689 3.720413 -0.5648803 -0.5409219 3.644387 -0.5450488 -0.5334816 3.577871 -0.4929956 -1.010313 3.660224 -0.551152 -1.018247 3.708876 -0.4873044 -0.5414714 3.637743 -0.4071881 -1.017934 1.931129 -0.8338505 -0.9987261 1.911594 -0.7154531 -0.9971886 2.064399 -0.7795828 -0.8438841 2.17934 -0.7672424 -0.8175734 2.134708 -0.5607297 -0.7195091 2.019766 -0.5730701 -0.7458198 2.185858 -0.6379854 -0.9066874 2.070915 -0.650325 -0.933008 3.598694 -0.7304743 -0.2676371 2.523377 -0.9306851 -0.01976233 2.411179 -0.9428544 -0.102581 2.234299 -0.9327403 -0.5843268 1.891119 -0.984574 -0.693368 1.891114 -0.948712 -1.091542 3.659664 -0.6603574 -1.194391 3.598694 -0.7304743 -0.2676371 3.659664 -0.6603574 -1.194391 1.891114 -0.948712 -1.091542 1.891119 -0.984574 -0.693368 2.234299 -0.9327403 -0.5843268 2.411179 -0.9428544 -0.102581 2.523377 -0.9306851 -0.01976233 2.196415 -0.6454191 -0.8231748 2.197948 -0.5668188 -0.815387 3.288349 -0.6186437 -0.5068669 3.286817 -0.6972439 -0.5146547 2.158493 -0.5770438 -0.7044257 3.205749 -0.6400503 -0.2745623 2.156961 -0.6556441 -0.7122135 3.204217 -0.7186506 -0.2823501 2.128011 -0.6147325 -0.718737 2.167466 -0.6045075 -0.8296983 3.322171 -0.6598195 -0.4986352 3.239572 -0.6812261 -0.2663307 3.289342 -0.6211184 -0.4491097 3.27998 -0.7121611 -0.460828 2.370801 -0.5727114 -0.7656893 2.378818 -0.4947522 -0.7556549 3.230013 -0.7251108 -0.3202983 2.327796 -0.5838567 -0.6447404 3.239375 -0.634068 -0.30858 2.335813 -0.5058975 -0.6347061 2.993795 -0.591722 -0.4719129 2.995361 -0.6366466 -0.420486 3.966302 -0.3500467 -0.2125252 3.964725 -0.3051319 -0.2639418 3.009779 -0.6262632 -0.4875636 3.980719 -0.3396703 -0.2795904 5.016453 -0.3991434 -2.055952 4.707537 -0.4491921 -2.055952 4.712642 -0.4961486 -0.9036409 5.007529 -0.4528594 -0.9036409 4.707537 -0.4491921 -2.055952 4.740007 -0.7176787 -2.055962 4.73953 -0.7000961 -0.9036409 4.712642 -0.4961486 -0.9036409 4.871702 -0.5245715 -3.319122 4.973483 -0.436116 -2.982692 4.994074 -0.638249 -2.982692 4.879614 -0.5981061 -3.319122 5.011422 -0.3724831 -2.607482 4.711486 -0.4243997 -2.607482 4.711486 -0.4243997 -2.607482 4.744743 -0.7014605 -2.607482 5.047594 -0.6739749 -0.9036409 5.04884 -0.6784858 -2.055962 5.043439 -0.6603674 -2.607482 4.973483 -0.436116 -2.982692 4.748791 -0.4711651 -2.982692 4.748791 -0.4711651 -2.982692 4.782996 -0.6589165 -2.982692 4.893924 -0.6900658 -2.982692 4.879614 -0.5981061 -3.319122 4.893924 -0.6900658 -2.982692 4.900359 -0.7383749 -0.9036409 4.90133 -0.7606023 -2.055962 4.899694 -0.7416628 -2.607482 4.90133 -0.7606023 -2.055962 4.900359 -0.7383749 -0.9036409 4.899694 -0.7416628 -2.607482 4.871702 -0.5245715 -3.319122 4.871702 -0.5245715 -3.319122 4.73953 -0.7000961 -0.9036409 -5.01627 -0.3991379 -2.055952 -5.007528 -0.4528586 -0.903642 -4.712641 -0.4961499 -0.903642 -4.707344 -0.4491895 -2.055952 -4.707344 -0.4491895 -2.055952 -4.712641 -0.4961499 -0.903642 -4.73953 -0.7000973 -0.903642 -4.739827 -0.7176751 -2.055952 -4.871511 -0.5245779 -3.319122 -4.879433 -0.5981115 -3.319122 -4.993883 -0.6382445 -2.982692 -4.97329 -0.4361117 -2.982692 -5.01124 -0.3724876 -2.607482 -4.711303 -0.4243963 -2.607482 -4.711303 -0.4243963 -2.607482 -4.744553 -0.7014577 -2.607482 -5.048649 -0.6784909 -2.055952 -5.047594 -0.673974 -0.903642 -5.043258 -0.6603617 -2.607482 -4.97329 -0.4361117 -2.982692 -4.748608 -0.4711615 -2.982692 -4.748608 -0.4711615 -2.982692 -4.782815 -0.6589226 -2.982692 -4.893733 -0.690062 -2.982692 -4.893733 -0.690062 -2.982692 -4.900359 -0.7383749 -0.903642 -4.901151 -0.7606076 -2.055952 -4.899513 -0.7416581 -2.607482 -4.901151 -0.7606076 -2.055952 -4.900359 -0.7383749 -0.903642 -4.899513 -0.7416581 -2.607482 -4.871511 -0.5245779 -3.319122 -4.871511 -0.5245779 -3.319122 -4.73953 -0.7000973 -0.903642 4.46343 -0.177667 -1.248048 6.231788 0.07452297 -1.24805 6.229485 -0.01940286 -1.92796 4.465858 -0.2988883 -1.925928 4.46343 -0.177667 -1.248048 4.465858 -0.2988883 -1.925928 6.229485 -0.01940286 -1.92796 6.231788 0.07452297 -1.24805 -4.463823 -0.1776704 -1.248052 -4.466252 -0.2988918 -1.925932 -6.22988 -0.01940709 -1.92796 -6.232182 0.07451868 -1.24805 -4.463823 -0.1776704 -1.248052 -6.232182 0.07451868 -1.24805 -6.22988 -0.01940709 -1.92796 -4.466252 -0.2988918 -1.925932 1.896734 -1.146401 -1.128674 1.896734 -1.146401 -0.6596739 1.911594 -0.9814609 -0.686964 1.912044 -0.942371 -1.094514 1.896734 -1.146401 -1.128674 1.911594 -0.9814609 -0.686964 1.912044 -0.942371 -1.094514 -1.91127 -0.9814609 -0.686964 -1.91173 -0.942371 -1.094514 -1.91127 -0.9814609 -0.686964 -1.91173 -0.942371 -1.094514 -3.659285 -0.6603495 -1.194389 -3.59831 -0.7304764 -0.2676351 -4.134749 -0.6305108 -0.3912742 -4.055779 -0.5957012 -1.217459 -3.659285 -0.6603495 -1.194389 -4.055779 -0.5957012 -1.217459 -4.134749 -0.6305108 -0.3912742 -3.59831 -0.7304764 -0.2676351 -3.5983 -0.7304753 -0.2676305 -3.659274 -0.6603494 -1.194385 -1.890726 -0.9487049 -1.091544 -1.890723 -0.9845662 -0.6933686 -2.233914 -0.93274 -0.5843313 -2.410786 -0.942852 -0.1025859 -2.522985 -0.9306817 -0.01976794 -3.5983 -0.7304753 -0.2676305 -2.522985 -0.9306817 -0.01976794 -2.410786 -0.942852 -0.1025859 -2.233914 -0.93274 -0.5843313 -1.890723 -0.9845662 -0.6933686 -1.890726 -0.9487049 -1.091544 -3.659274 -0.6603494 -1.194385 -2.861745 -0.4977078 -0.9872221 -2.861308 -0.5572387 -1.091403 -2.880844 -0.6756361 -1.09294 -2.900818 -0.7344834 -0.9902854 -2.901255 -0.6749426 -0.8861041 -2.881719 -0.5565552 -0.8845675 -3.701794 -0.4251909 -1.145803 -3.702177 -0.3728162 -1.054161 -3.719751 -0.4245818 -0.9638587 -3.736932 -0.5287209 -0.9652083 -3.736549 -0.5810955 -1.056851 -3.718975 -0.52933 -1.147152 -2.692964 -0.7095792 -0.865435 -3.833198 -0.5689201 -0.4356054 -3.863065 -0.5531602 -0.5337808 -2.947606 -0.6435794 -0.8907769 -3.846596 -0.4533908 -0.532491 -2.935667 -0.5712395 -0.8898431 -3.813673 -0.4505329 -0.4340696 -2.673428 -0.5911919 -0.8638983 -3.720364 -0.5645787 -0.5409102 -3.660181 -0.5508617 -1.018237 -3.577827 -0.492705 -1.010312 -3.644336 -0.5447469 -0.5334795 -3.637688 -0.4068969 -1.017933 -3.708836 -0.4870023 -0.5414707 -1.931079 -0.8335525 -0.9987021 -1.911542 -0.7151643 -0.9971755 -2.064348 -0.7792927 -0.8438718 -2.019725 -0.5727803 -0.7458085 -2.134667 -0.5604291 -0.7194977 -2.17929 -0.7669514 -0.8175619 -2.185806 -0.6376845 -0.9066753 -2.070863 -0.6500249 -0.9329952 -2.196418 -0.6454175 -0.8231673 -3.286821 -0.6972385 -0.5146504 -3.288354 -0.6186382 -0.5068629 -2.197951 -0.5668171 -0.8153799 -3.205755 -0.6400433 -0.2745581 -2.158497 -0.5770414 -0.7044184 -3.204222 -0.7186436 -0.2823455 -2.156965 -0.6556417 -0.7122058 -2.167469 -0.6045057 -0.8296908 -2.128015 -0.61473 -0.7187293 -3.322176 -0.6598142 -0.4986312 -3.239577 -0.6812193 -0.2663264 -3.289047 -0.6215314 -0.4492573 -2.378527 -0.4951684 -0.7557866 -2.370512 -0.5731177 -0.7658194 -3.279686 -0.7125643 -0.4609742 -2.32751 -0.5842619 -0.6448796 -3.229719 -0.7255138 -0.3204441 -2.335526 -0.5063126 -0.6348468 -3.23908 -0.6344808 -0.3087273 -2.992212 -0.5923842 -0.4670864 -3.956083 -0.2894064 -0.2496983 -3.9622 -0.3419876 -0.2065474 -2.99832 -0.6449689 -0.4239391 -3.973053 -0.3199555 -0.2714436 -3.009181 -0.6229333 -0.4888318</float_array>
          <technique_common>
            <accessor source="#geometry_d17d45e1_6e74_4e6a_a2d2_8d78c13a2e93-mesh-positions-array" count="2278" stride="3">
              <param name="X" type="float"/>
              <param name="Y" type="float"/>
              <param name="Z" type="float"/>
            </accessor>
          </technique_common>
        </source>
        <source id="geometry_d17d45e1_6e74_4e6a_a2d2_8d78c13a2e93-mesh-normals">
          <float_array id="geometry_d17d45e1_6e74_4e6a_a2d2_8d78c13a2e93-mesh-normals-array" count="7719">0.9997714 0.01767373 -0.01203519 0.9502541 0.3113777 -0.007826387 0.9447988 0.3205589 0.06780296 0.9977284 0.0410763 0.05339455 0.8072394 0.5901744 -0.007662892 0.8098036 0.5814997 0.07795155 0.6025292 0.7933735 0.08670073 0.5856542 0.8104819 -0.01132637 0.3335099 0.938546 0.08889698 0.3280799 0.9446151 -0.008122801 8.17921e-7 0.9957572 0.09202057 5.1025e-6 0.9999977 -0.002161622 0.006953656 -0.9998821 -0.01369881 0.3736228 -0.9274213 -0.01719444 0.354619 -0.9275927 0.1175473 0.007098495 -0.9907801 0.1352937 0.6675492 -0.7442968 -0.02000892 0.6638299 -0.7437317 0.0786966 0.8714123 -0.4901246 -0.02045494 0.8701506 -0.4896295 0.05568748 0.9721334 -0.2335512 -0.02026253 0.9731674 -0.2250473 0.04794877 0.8967722 0.2975856 0.327479 0.9460421 0.02526617 0.3230572 0.7646907 0.545569 0.3429324 0.5678909 0.7398164 0.3607931 0.3124982 0.871983 0.3768163 0.007523477 0.9214521 0.3884195 0.2846058 -0.8606573 0.4222188 0.00746411 -0.9009656 0.4338265 0.5691996 -0.7274341 0.3832121 0.7986592 -0.4940525 0.3435923 0.9197914 -0.2321929 0.3163389 -0.04222095 -0.1062836 0.9934391 -0.08406645 -0.09053015 0.9923393 -0.03169149 -0.1174386 0.9925743 -0.01255804 -0.1322203 0.9911408 -1.75476e-4 -0.1057462 0.9943932 7.84546e-6 -0.0987156 0.9951158 -0.04334175 0.07223159 0.9964458 5.69671e-5 0.07877635 0.9968924 -0.05296599 0.01452738 0.9984908 -0.0875979 -0.01041465 0.9961015 -0.06423306 -0.04065424 0.9971065 -0.936946 -0.3408642 0.07709705 -0.9949652 -0.04181158 0.09108275 -0.09756171 -0.09127295 0.9910354 -0.05488419 -0.110883 0.9923169 -0.7924211 -0.605539 0.0734272 -0.03857976 -0.1227247 0.9916906 -0.5847079 -0.8084439 0.0673443 -0.01642829 -0.1373957 0.99038 -0.3322421 -0.9405806 0.07016742 -0.002391159 -0.1116858 0.9937407 -0.007325768 -0.9974355 0.07119697 -0.001238703 -0.1053676 0.9944326 -0.2884103 0.9435564 0.1628527 -0.007442116 0.9869456 0.160882 -0.001173377 0.08545881 0.996341 -0.04533237 0.07821577 0.9959053 -0.5592619 0.8114627 0.1695718 -0.05678611 0.01950347 0.9981958 -0.8070222 0.5712224 0.1497338 -0.09304559 -0.007174968 0.9956361 -0.9537041 0.2748505 0.1220893 -0.07035684 -0.03918945 0.9967518 -0.9486576 -0.3104388 -0.06063604 -0.9988918 0.007657289 -0.0464375 -0.8150523 -0.574887 -0.07207494 -0.6178826 -0.7817388 -0.08429545 -0.3510145 -0.931138 -0.09884899 -0.00682199 -0.9942729 -0.106653 -0.2951179 0.9548071 -0.03534007 -0.006803512 0.999292 -0.03700453 -0.5591003 0.828641 -0.02758842 -0.795329 0.6056144 -0.0261355 -0.947009 0.31946 -0.03345853 0.9975249 0.01613122 -0.06843912 0.9483438 0.3138251 -0.04645437 0.8205779 0.5701264 -0.04009884 0.6980732 0.7144212 -0.0479201 0.5939711 0.8028435 -0.05138874 0.3491643 0.9363252 -0.03714215 1.91157e-5 0.9993672 -0.03556805 0.007049858 -0.9912166 -0.1320604 0.3745763 -0.9160979 -0.1430287 0.6513366 -0.7534887 -0.0895307 0.7725556 -0.6325082 -0.05559867 0.8765654 -0.4790925 -0.04586434 0.9876275 -0.1403776 -0.06990081 0.4024631 0.9137731 -0.055157 6.66585e-6 0.9989876 -0.04498809 0.9358614 0.3089846 -0.1693871 0.9390909 0.300284 -0.1671459 0.977961 0.1379393 -0.1567326 0.8076193 0.5599207 -0.185041 0.804697 0.5635244 -0.186823 0.6243363 0.7548511 -0.2010079 0.6168021 0.7599878 -0.2048749 0.5188823 0.8295633 -0.2063636 0.5174923 0.8392516 -0.1669085 0.514238 0.8359797 -0.1915652 0.1915796 0.9461547 -0.2609378 -2.28592e-7 0.9638387 -0.2664867 4.21604e-7 0.9880864 -0.1539012 0.6220257 0.7719294 -0.1311832 0.006808042 -0.9648351 -0.2627677 0.3172353 -0.9129966 -0.2565132 0.2919983 -0.9255005 -0.2412174 0.006886303 -0.9714018 -0.2373417 0.6025077 -0.7649496 -0.2276768 0.8216115 -0.5369709 -0.1913555 0.8213332 -0.5342625 -0.1999386 0.6094586 -0.7592538 -0.2282409 0.9540653 -0.2458335 -0.1712471 0.9530546 -0.2587246 -0.1573172 0.9858512 0.04676026 -0.1609683 0.9894997 -0.03296649 -0.1407257 -0.9401767 -0.3248966 -0.1025186 -0.9938923 -0.04465031 -0.1009181 -0.9954106 -0.01555538 -0.09442448 -0.9393773 -0.3266983 -0.1041092 -0.8101595 -0.5765234 -0.1061248 -0.7967802 -0.5931947 -0.115158 -0.6245265 -0.772755 -0.1132103 -0.6951538 -0.713328 -0.08901947 -0.3451941 -0.9377743 0.03769099 -0.3417419 -0.9306411 0.1308423 -1.24096e-6 0.9969086 -0.07857179 -0.3198255 0.9441211 -0.07966834 -0.3285847 0.9409257 -0.08179849 -3.07885e-6 0.9967079 -0.08107584 -0.6076232 0.7893147 -0.08818519 -0.6069448 0.7901276 -0.08553749 -0.8340974 0.5430925 -0.09660261 -0.8367344 0.5382574 -0.100771 -0.9637955 0.2446492 -0.1060425 -0.9574321 0.2716925 -0.09750366 0.9792498 0.02596896 -0.2009861 0.8933467 0.4010475 -0.202713 0.9259443 0.3223842 -0.1967123 0.9795078 0.02130055 -0.200277 0.67165 0.7129449 -0.2014845 0.7795349 0.5936919 -0.1996386 0.3737449 0.906864 -0.1947113 0.6135647 0.7663075 -0.1905553 0.006756901 0.9784312 -0.2064628 0.260729 0.9458972 -0.1931294 0.3610991 0.912033 -0.194431 0.006809949 0.9818555 -0.1895084 0.3154195 -0.9282273 -0.1972426 0.006793856 -0.9800944 -0.1984157 0.006819844 -0.9794478 -0.2015829 0.3863292 -0.9023738 -0.1909749 0.6043219 -0.7703264 -0.2034508 0.8241035 -0.527123 -0.2073518 0.6887534 -0.7020377 -0.1810023 0.9402148 -0.2740531 -0.2022154 0.907249 -0.3735194 -0.1933459 0.2673397 0.9441938 -0.1924257 0.6324358 0.7311465 -0.2558317 0.6150799 0.7428448 -0.2643072 0.7246469 0.6578139 -0.205348 0.7438011 0.6397809 -0.1934953 0 -0.9785547 0.2059869 -2.98247e-7 -0.9908379 0.1350573 0.6622884 0.7220137 -0.200176 0.9495066 0.3078961 -0.06030946 0.9042861 0.4039083 -0.1382921 0 -0.9974898 0.07081079 -0.06358897 -0.9971643 0.04024791 0.9922122 -0.0196588 -0.1229977 0.989296 -0.09557873 -0.1102643 -0.9457819 -0.02170723 -0.3240764 -7.52281e-7 -0.00203365 -0.999998 -0.8643527 -0.3851642 -0.3233312 -0.6523128 -0.6863616 -0.3215524 -0.3586876 -0.8764579 -0.3211925 -8.67153e-7 -0.9462823 -0.3233419 -7.37193e-7 0.9453995 -0.325914 -0.3632063 0.8730876 -0.325268 -0.6621806 0.6753489 -0.3246856 -0.8755921 0.356426 -0.3260357 -1 4.36402e-5 0 -0.499976 0.8660392 0 -0.499985 0.8660341 0 -1 3.37817e-5 0 0.4999957 0.8660278 0 0.4999816 0.866036 0 1 2.75815e-5 0 1 4.98395e-5 0 0.5000151 -0.8660167 0 0.5000292 -0.8660086 0 -0.5000184 -0.8660149 0 -0.5000097 -0.8660199 0 0 0 -1 0 0 -1 5.25101e-7 0 -1 -0.9997714 0.01767343 -0.01203459 -0.9977284 0.04107588 0.05339556 -0.9447939 0.3205729 0.0678057 -0.9502511 0.3113868 -0.00782001 -0.8098014 0.5815024 0.07795405 -0.8072312 0.5901858 -0.007661044 -0.6025294 0.7933734 0.08670049 -0.5856578 0.8104793 -0.01132327 -0.3335108 0.9385456 0.08889853 -0.3280872 0.9446127 -0.008117258 -0.00695312 -0.9998821 -0.0136978 -0.007097721 -0.99078 0.1352949 -0.3546133 -0.9275946 0.1175489 -0.3736161 -0.9274241 -0.01719409 -0.6638237 -0.7437367 0.07870137 -0.6675494 -0.7442966 -0.02001035 -0.8701582 -0.4896169 0.05567777 -0.8714123 -0.4901247 -0.02045679 -0.9731664 -0.2250518 0.04794704 -0.9721294 -0.2335681 -0.02025878 -0.9460424 0.02526545 0.3230565 -0.8967677 0.2976036 0.3274751 -0.7646872 0.5455763 0.3429285 -0.567889 0.7398229 0.3607829 -0.312498 0.871983 0.3768165 -0.007522881 0.921453 0.3884171 -0.007462739 -0.9009583 0.4338417 -0.284606 -0.8606589 0.4222154 -0.5691893 -0.7274383 0.3832194 -0.79865 -0.4940565 0.3436082 -0.9197883 -0.2321926 0.3163481 0.08408439 -0.09055441 0.9923354 0.04216867 -0.1062985 0.9934397 0.03174388 -0.1175175 0.9925634 0.01246643 -0.1322746 0.9911348 1.39177e-4 -0.1057509 0.9943927 -4.40702e-5 -0.09872364 0.9951149 -2.55629e-5 0.07877165 0.9968928 0.04335522 0.07216846 0.9964497 0.05299437 0.01449877 0.9984896 0.08767992 -0.01059108 0.9960924 0.06422722 -0.04069399 0.9971053 0.9369463 -0.3408629 0.0770989 0.05489575 -0.1109045 0.9923138 0.09757506 -0.09128701 0.9910328 0.9949656 -0.04180955 0.09107935 0.7924195 -0.6055421 0.0734176 0.03856927 -0.1227433 0.9916887 0.5847088 -0.8084433 0.06734192 0.01636904 -0.1373485 0.9903876 0.3322398 -0.9405815 0.07016605 0.002368211 -0.111698 0.9937394 0.007320344 -0.9974341 0.0712164 0.001199662 -0.1053738 0.994432 0.2884075 0.9435567 0.1628552 0.04534935 0.07820802 0.9959052 0.001205742 0.08544892 0.9963418 0.007440984 0.9869461 0.1608791 0.5592551 0.8114674 0.1695714 0.05680567 0.01949161 0.9981951 0.8070182 0.5712303 0.1497248 0.09311521 -0.007151901 0.9956297 0.9537056 0.2748519 0.1220743 0.07037651 -0.03920453 0.9967499 0.9486582 -0.3104382 -0.06062781 0.9988921 0.007639586 -0.04643726 0.8150616 -0.5748744 -0.07207041 0.6178759 -0.7817441 -0.08429574 0.3510063 -0.9311411 -0.09884703 0.006820142 -0.9942727 -0.1066557 0.2951098 0.9548096 -0.03534001 0.006805896 0.9993242 -0.03612351 0.5590946 0.8286446 -0.02759444 0.7953271 0.6056166 -0.02613991 0.9470082 0.3194622 -0.03345829 -0.3491713 0.9363223 -0.03714954 -0.4024564 0.9137749 -0.05517548 -0.1915799 0.9461541 -0.2609396 -0.622004 0.7719445 -0.1311973 0.9401763 -0.3248978 -0.1025186 0.9393783 -0.326695 -0.1041098 0.9954105 -0.01555925 -0.09442466 0.9938936 -0.04463595 -0.1009117 0.8101581 -0.5765253 -0.1061245 0.7967728 -0.5932041 -0.1151618 0.6245275 -0.7727537 -0.1132141 0.6951575 -0.7133241 -0.08902186 0.3451869 -0.9377769 0.03769105 0.3417506 -0.9306374 0.1308451 0.3285843 0.9409255 -0.08180207 0.3198243 0.9441211 -0.07967275 0.6069542 0.7901193 -0.08554631 0.607626 0.7893118 -0.08819037 0.8341005 0.5430873 -0.09660607 0.8367295 0.5382661 -0.1007651 0.9637948 0.2446558 -0.1060332 0.9574334 0.2716909 -0.09749621 -0.979251 0.02593261 -0.2009847 -0.9795075 0.02130407 -0.2002784 -0.9259442 0.3223838 -0.1967133 -0.8933485 0.4010425 -0.2027152 -0.7795234 0.5937073 -0.1996373 -0.6716249 0.7129694 -0.2014812 -0.3673865 0.9094858 -0.1945835 -0.6135632 0.7663088 -0.1905548 -0.006755232 0.9784309 -0.2064642 -0.006805241 0.9818574 -0.1894993 -0.2672806 0.9442113 -0.192422 -0.3154191 -0.9282274 -0.1972427 -0.3863113 -0.9023823 -0.1909705 -0.006816625 -0.9794469 -0.2015873 -0.006794691 -0.9800951 -0.1984124 -0.6043215 -0.7703269 -0.2034505 -0.8240942 -0.5271387 -0.2073495 -0.6887549 -0.7020358 -0.1810042 -0.9402169 -0.2740445 -0.2022172 -0.9072595 -0.3734923 -0.1933491 -0.6324437 0.7311392 -0.255833 -0.7438119 0.6397685 -0.1934949 -0.7246575 0.6578023 -0.2053478 -0.6150876 0.742838 -0.2643085 -0.6622896 0.7220124 -0.2001764 -0.9494651 0.3080204 -0.0603283 -0.9042912 0.4038971 -0.1382917 -0.9070835 0.3987888 -0.134786 0.06358879 -0.9971643 0.04024809 0.9457823 -0.02167099 -0.3240776 0.8643531 -0.3851554 -0.3233404 0.6522909 -0.6863825 -0.3215519 0.3586834 -0.8764604 -0.3211907 0.3631831 0.8730978 -0.3252666 0.6621904 0.6753354 -0.3246939 0.8756055 0.3563912 -0.3260374 0.5211102 0.8437016 -0.1288869 0.5538108 0.8279805 -0.08798742 0.2641671 -0.9416295 -0.208686 0.5965469 -0.7855616 -0.1643924 0.1893983 -0.9605875 -0.2034705 -0.9358619 0.3089772 -0.169398 -0.9779614 0.1379303 -0.1567379 -0.9390903 0.3002862 -0.1671458 -0.8076172 0.559922 -0.185046 -0.804693 0.5635247 -0.1868401 -0.6167905 0.7599969 -0.2048764 -0.6243361 0.754849 -0.2010162 -0.5142573 0.8359703 -0.1915548 -0.5175155 0.8392378 -0.1669059 -0.5188611 0.829573 -0.2063783 -0.006801843 -0.9648336 -0.2627735 -0.006882369 -0.9714021 -0.2373409 -0.2919961 -0.9255015 -0.2412164 -0.3172318 -0.9129978 -0.2565134 -0.602513 -0.7649433 -0.2276836 -0.6094567 -0.7592552 -0.2282409 -0.8213334 -0.5342568 -0.199953 -0.8216152 -0.5369581 -0.1913753 -0.9530521 -0.2587236 -0.1573341 -0.9540619 -0.2458314 -0.1712681 -0.9894984 -0.03296649 -0.1407349 -0.9858495 0.0467453 -0.1609839 0.5653735 0.8221008 -0.06710648 -0.9975252 0.01610255 -0.06844091 -0.9483382 0.313842 -0.0464552 -0.8205835 0.5701183 -0.04009866 -0.6980738 0.7144206 -0.04791921 -0.593971 0.8028434 -0.05138975 -0.007047176 -0.9912171 -0.1320573 -0.3745715 -0.9161003 -0.1430261 -0.6513298 -0.7534909 -0.08956062 -0.7725624 -0.6324988 -0.05561131 -0.8765726 -0.4790791 -0.04586887 -0.9876241 -0.1404002 -0.06990492 -0.9922133 -0.01966291 -0.1229886 -0.9892975 -0.09557312 -0.1102556 -0.5211167 0.8436974 -0.1288885 -0.5538198 0.8279736 -0.08799546 -0.2641595 -0.9416312 -0.2086878 -0.5965331 -0.7855635 -0.164433 -0.1893932 -0.9605889 -0.2034679 -0.5653728 0.8221013 -0.06710588 -0.003095448 -0.003113985 0.9999905 -0.0015015 -0.001697838 0.9999974 -0.01003569 -0.005773901 0.999933 -0.0195322 -0.009413361 0.9997649 -0.002975642 -0.002994835 0.9999911 -4.63237e-6 0 1 -0.001462638 -0.001654326 0.9999976 0.002482354 -0.002800345 0.999993 0.001465618 -0.001651704 0.9999976 4.63156e-6 0 1 0.8027327 0.5720551 0.1684443 0.8040926 0.579082 0.1345337 0.8205319 0.5715094 0.01023286 0.8210577 0.5708345 0.003498435 0.8228605 0.5682376 0.002589464 0.8027236 0.5720242 0.1685913 0 0 1 0.7509868 -0.6602839 -0.006651699 0.7202491 -0.6690414 0.1833712 0.7162039 -0.6523134 0.2480709 0.7569144 -0.6533589 0.0142368 0.7612617 -0.592514 -0.2634537 0.8282805 0.5194842 -0.2099712 0.8284432 0.5181373 -0.2126398 0.1504449 -0.699499 -0.6986183 6.93368e-6 0 -1 -6.26236e-6 0 -1 0.2092035 0.6430115 -0.7367294 0.7678839 -0.5818079 -0.2680558 0.6427526 -0.2977862 -0.7058275 0.7307888 0.3064129 -0.6099665 0.002998113 -0.00301361 0.999991 0.01953876 -0.009413421 0.9997648 0.01005119 -0.005774438 0.9999328 0.01001626 -0.005760848 0.9999333 0.001536726 -0.001731812 0.9999973 0.002584099 -0.002917408 0.9999924 -0.8027272 0.5720563 0.1684659 -0.8229472 0.5681174 7.96056e-4 -0.821054 0.5708399 0.003499388 -0.8040944 0.5790954 0.134465 -0.7518594 -0.6592928 -0.00637263 -0.7563783 -0.6539014 0.01746308 -0.7161976 -0.6523172 0.2480792 -0.7202422 -0.6690349 0.183422 -0.7617105 -0.5897052 -0.2684116 -0.8284772 0.5189751 -0.2104535 -0.8279657 0.5221202 -0.2046055 -0.1504836 -0.6994743 -0.6986346 -6.93497e-6 0 -1 6.26305e-6 0 -1 -0.7678287 -0.5808686 -0.2702423 -0.642751 -0.2977766 -0.7058331 -0.7307875 0.306414 -0.6099674 -0.2092299 0.6429797 -0.7367496 0.4995126 0.8591204 0.1113522 0.4995298 0.8591083 0.1113695 0.4996184 0.8590512 0.1114125 0.4994848 0.8591354 0.1113612 -0.4995118 -0.8591187 -0.1113701 -0.4995574 -0.8591033 -0.1112832 -0.4994683 -0.8591322 -0.1114604 -0.4995577 -0.8590946 -0.1113493 -5.69597e-7 0 1 1.89863e-7 0 1 0.9178347 -2.09505e-5 0.3969628 0.7948665 0.4589293 0.3969525 0.7372106 0.4256461 0.5247342 0.8512709 -1.8634e-5 0.5247266 0.4588913 0.7948809 0.3969677 0.4255983 0.7372395 0.5247322 -7.90325e-6 0.9178323 0.3969684 4.44579e-6 0.8512677 0.5247317 -0.4589148 0.7948636 0.3969753 -0.4256031 0.7372396 0.5247284 -0.7948682 0.4589169 0.3969632 -0.7372073 0.4256568 0.5247301 -0.9178351 -2.16717e-5 0.3969618 -0.8512698 -1.53916e-5 0.5247283 -0.7948588 -0.4589372 0.3969587 -0.7372096 -0.4256553 0.5247281 -0.4588887 -0.794882 0.3969684 -0.4256011 -0.7372442 0.5247235 1.06527e-5 -0.9178324 0.3969683 -1.78737e-6 -0.8512748 0.5247202 0.4589129 -0.794866 0.3969723 0.4256107 -0.7372419 0.5247189 0.7948566 -0.4589353 0.3969653 0.737213 -0.4256616 0.5247184 1.45559e-6 -1.57198e-5 1 0.8954981 0.4278932 0.1224371 0.8356027 0.5491061 0.01583808 0.9536225 0.3000158 0.02438777 0.975834 -0.2179819 -0.01523208 0.8848667 -0.459935 0.07396441 0.951357 -0.3046824 0.04570174 0.8019927 -0.5923361 0.07710939 0.7183573 0.6905245 0.08449113 0.9346908 0.3548138 -0.02145683 0.6004113 0.7974228 -0.06019312 0.7932193 0.6064226 -0.05527126 0.6784045 0.7346884 6.42642e-4 0.9245355 0.3786729 -0.04290616 0.995756 0.08897167 -0.02353966 0.9972302 0.05536246 -0.04966765 0.9902074 -0.1385385 -0.0172156 0.8435829 0.488793 0.2223721 0.8511828 -0.4660528 0.2414181 0.9963406 0.02450126 -0.08188432 0.9974281 -0.0092628 -0.07107365 0.9984083 -0.02527332 -0.05042046 0.9980527 -0.02531081 -0.0570113 0.9971597 -0.007805049 -0.07491183 0.9972017 -0.007805049 -0.07435065 0.9974017 -0.009088873 -0.07146584 0.9977605 -0.06673365 -0.004545211 0.9899013 -0.141716 -0.003506958 0.997461 -0.07119232 0.001803815 -0.8955001 0.4278875 0.122441 -0.953631 0.2999886 0.0243898 -0.8356076 0.5490987 0.01583617 -0.975829 -0.2180042 -0.01523244 -0.8836457 -0.4622315 0.07424581 -0.8019927 -0.5923361 0.07710939 -0.7183519 0.6905297 0.08449542 -0.9346908 0.3548138 -0.02145683 -0.6004114 0.797423 -0.06019037 -0.6784235 0.7346709 6.3677e-4 -0.7932197 0.6064221 -0.05527001 -0.9245355 0.3786733 -0.04290616 -0.9956533 0.09009557 -0.02360743 -0.9971703 0.05648803 -0.04960477 -0.8435737 0.4888076 0.222375 -0.8511828 -0.4660527 0.2414181 -0.9963406 0.02450126 -0.08188432 -0.9984083 -0.02527332 -0.05042046 -0.9974279 -0.009266257 -0.0710752 -0.9980527 -0.02531081 -0.0570113 -0.9971165 -0.007805049 -0.0754854 -0.9972 -0.007805049 -0.07437342 -0.997415 -0.00918132 -0.0712679 -0.9958592 0.0878458 -0.02340215 -0.9977658 -0.06665545 -0.004537522 -0.9763798 -0.2155338 -0.0150873 -0.9974668 -0.07111215 0.001785874 0.9950201 0.0831325 -0.05499184 0.9972307 0.05535542 -0.04966801 0.9897965 -0.1415119 -0.01665204 0.9357995 -0.3236089 0.1398453 0.9846897 -0.08190876 0.1538745 0.9749628 -0.1547192 0.1597166 0.8674277 -0.4288581 0.2522894 0.9977083 -0.04828673 0.04739689 0.9934038 0.06703877 0.09303158 0.9782984 -0.1367129 0.1556987 0.930334 -0.2621262 0.2564539 0.8036459 -0.4889065 0.3392989 0.9613142 -0.01161742 0.2752096 -0.9977078 -0.04828667 0.04741024 -0.9934046 0.06703376 0.09302592 -0.9751112 -0.1540312 0.1594758 -0.9782979 -0.136696 0.155716 -0.9303336 -0.2621219 0.25646 -0.9848413 -0.07948637 0.1541737 -0.9613142 -0.01161742 0.2752096 0.83884 -0.5442166 0.0132699 0.8426872 -0.5358269 0.05260878 0.6182556 -0.7848968 0.04119604 0.9594803 -0.2811427 0.01887816 0.9619074 -0.2656997 0.0643264 0.9987332 -0.04218643 0.02743101 0.9960143 -0.001627206 0.08917987 0.6345384 -0.7682992 0.08412802 0.3362145 -0.9396111 0.06396031 0.8464083 -0.5221691 0.1045587 0.961981 -0.2426067 0.1254375 0.982728 0.07826095 0.1676932 0.3596696 -0.9240605 0.1294224 0.1755318 -0.9809665 0.08302587 0.647 -0.7482307 0.146771 0.8467052 -0.5006418 0.180134 0.9502964 -0.2165405 0.2237122 0.9529353 0.1187893 0.2789325 0.3627464 -0.9097209 0.2020472 0.006866753 -0.9807675 0.195059 0.6674591 -0.7082034 0.2301006 0.8577032 -0.4335574 0.2763574 0.9312477 -0.1415706 0.3357612 0.9142086 0.1469858 0.3776478 0.006988942 -0.9605041 0.2781786 0.3712071 -0.882173 0.2897863 0.6805603 -0.6571477 0.3240287 0.8562736 -0.3602828 0.3701241 0.9081701 -0.08407312 0.4100718 0.8831157 0.1631214 0.4398844 0.007113337 -0.903906 0.427672 0.3744553 -0.8168485 0.4387958 0.6767886 -0.5706461 0.4651026 0.825499 -0.2835745 0.4879928 0.8620908 -0.03427839 0.5055934 0.8263844 0.202304 0.5255112 0.007326304 -0.7585119 0.6516181 0.3294932 -0.6775274 0.6575644 0.5923566 -0.4574057 0.6632449 0.7167187 -0.2199218 0.6617769 0.7483704 -0.01611959 0.6630852 0.7100581 0.2067087 0.6731188 0.005513787 -0.4781778 0.8782458 0.2091293 -0.4291687 0.8786804 0.3730107 -0.3070649 0.8755423 0.4635168 -0.1531175 0.8727585 0.4859111 -0.002424538 0.8740049 0.4569422 0.1426941 0.8779764 0.007549822 -0.004124104 0.999963 0.7476896 0.4712658 0.4678343 0.7028231 0.4639295 0.5392673 0.4540376 0.7630855 0.4599463 0.4762898 0.7106766 0.5177711 0.2006525 0.9047639 0.3756873 0.2400631 0.8424004 0.4824222 0.006923675 0.9277028 0.3732555 0.007039427 0.8803754 0.4742252 0.5976139 0.4241062 0.6804348 0.4343671 0.5928463 0.6781286 0.2272917 0.703328 0.6735491 0.007318735 0.7416022 0.6708 0.3804732 0.2854421 0.8796381 0.2476531 0.3891718 0.8872505 0.1229767 0.4390324 0.8900154 -1.85519e-6 0.452767 0.8916289 0.6093455 0.6558332 0.4456242 0.7929673 0.4509977 0.4096388 0.8987872 0.3858143 0.2081562 0.8566721 0.4183359 0.3018414 0.7898524 0.4788918 0.3831395 0.9820519 0.1847516 0.03795778 0.9489305 0.2873802 0.130168 0.852573 0.4949948 0.1676294 0.905469 0.4198924 0.06177616 0.7809781 0.6202884 0.0729081 0.7665776 0.619205 0.1701293 0.6031122 0.7943553 0.07249379 0.5940511 0.7871903 0.1656345 0.7397584 0.6283473 0.2407013 0.8139553 0.5336664 0.2295148 0.5469094 0.7966068 0.2575032 0.3268682 0.9312266 0.1611647 0.305146 0.9137204 0.2683301 0.006582856 0.9875886 0.1569253 0.007057428 0.9611914 0.2757924 0.5399637 0.6586407 0.5240531 0.3491771 0.6686041 0.6565395 0.3657743 0.6522766 0.6638858 0.3773541 0.6420211 0.6673926 0.7898766 0.4788632 0.3831254 0.8509337 0.430875 0.3004307 0.7512055 0.5701362 0.3326187 0.5505834 0.6557551 0.5165687 0.6136317 0.6507582 0.44718 0.782505 0.5555999 0.2810602 0.8140702 0.5334901 0.2295172 0.8958786 0.3918495 0.2094174 0.7825118 0.5555893 0.2810621 0.6740136 0.6532651 0.344892 0.7512152 0.5701255 0.332615 0.4675479 0.793461 0.3896393 0.2664611 0.8744949 0.4052865 0.006571531 0.914738 0.4039941 0.6740282 0.6532727 0.344849 0.5447872 0.6584623 0.5192633 0.7512164 0.5701171 0.3326267 0.4675726 0.7934502 0.3896318 0.3694108 0.7366429 0.5664742 0.2664586 0.8744958 0.4052863 0.2789959 0.8024551 0.5274726 -3.40794e-6 0.9140134 0.405684 -2.63922e-7 0.8772625 0.4800109 0.3491672 0.6686212 0.6565272 0 0.7666422 0.6420747 0.9989808 -0.04514002 5.71365e-7 0.9833667 0.1816313 -2.302e-6 0.8383408 -0.5451464 1.51328e-5 0.9590224 -0.2833302 3.73764e-6 0.9118707 0.4104779 2.28452e-6 0.9830956 0.1829589 -0.007011711 0.9833666 0.1816322 3.48866e-6 0.9989807 -0.04513949 -1.76167e-6 0.9989238 -0.04604381 -0.005598723 0.9590864 -0.2830503 -0.005978941 0.9590229 -0.2833288 -7.12494e-6 0.8382104 -0.5453472 5.93111e-6 0.8343647 -0.5510506 -0.01337671 0.9121053 0.4098882 -0.007454693 0.9118905 0.4104337 0 0.9994644 0.004140019 -0.03246277 0.9252601 0.3760547 -0.0497666 0.8031154 0.5950157 -0.03102022 0.3171734 -0.9291069 -0.1901616 0.3113 -0.9422028 -0.1238799 0.006992995 -0.9917246 -0.128194 0.006894886 -0.9802612 -0.1975869 0.5728678 -0.8002856 -0.1771035 0.5804448 -0.8073529 -0.1061376 0.8033493 -0.5753723 -0.1535466 0.8175901 -0.5709717 -0.07441699 0.95078 -0.2845611 -0.1226477 0.9574679 -0.2847441 -0.04664766 0.9928493 -0.05927193 -0.1036207 0.9882934 0.1302955 -0.07936912 0.9879094 -0.01223367 -0.154549 0.970604 0.200793 -0.1327031 0.8738936 0.4765661 -0.09589022 0.2973719 -0.9234305 -0.2425826 0.006840109 -0.9689416 -0.2471954 0.5979712 -0.7690332 -0.2258724 0.8493509 -0.4890355 -0.1986135 0.9634859 -0.2056199 -0.171509 0.6043023 -0.7963396 -0.0257349 0.3231014 -0.9456952 -0.03558069 0.006783366 -0.9991775 -0.03997975 -0.9594804 -0.2811425 0.01887798 -0.8387793 -0.5443113 0.01321959 -0.8443 -0.5331878 0.05355745 -0.9619074 -0.2656996 0.0643264 -0.9960143 -0.001627147 0.08917987 -0.9987331 -0.04218655 0.02743083 -0.6344889 -0.768321 0.08430147 -0.8464083 -0.5221692 0.1045587 -0.961981 -0.2426066 0.1254375 -0.982728 0.07826083 0.1676932 -0.3332201 -0.9407027 0.06358462 -0.1755469 -0.9809672 0.08298635 -0.3574471 -0.9248574 0.1298866 -0.647 -0.7482308 0.1467711 -0.8467052 -0.5006417 0.180134 -0.9502964 -0.2165404 0.2237122 -0.9529353 0.1187893 0.2789324 -0.006867051 -0.9807685 0.1950538 -0.3627465 -0.9097208 0.2020472 -0.6674591 -0.7082034 0.2301005 -0.8577032 -0.4335574 0.2763575 -0.9312477 -0.1415706 0.3357614 -0.9142066 0.1469871 0.3776522 -0.006989359 -0.9605039 0.2781789 -0.3712074 -0.8821729 0.2897863 -0.6805605 -0.6571477 0.3240287 -0.8562737 -0.3602827 0.3701241 -0.9081698 -0.08406239 0.4100748 -0.8831151 0.1631237 0.4398847 -0.007112979 -0.9039051 0.4276739 -0.3744543 -0.8168489 0.438796 -0.6767879 -0.5706465 0.4651029 -0.825499 -0.2835745 0.487993 -0.862092 -0.03427636 0.5055914 -0.8263874 0.2023023 0.5255072 -0.007326483 -0.7585105 0.6516197 -0.3294922 -0.6775252 0.6575671 -0.592353 -0.4574024 0.6632504 -0.7167158 -0.2199233 0.6617795 -0.7483704 -0.01611959 0.6630853 -0.7100575 0.206709 0.6731194 -0.006931364 -0.478163 0.8782438 -0.209131 -0.4291641 0.8786823 -0.3729971 -0.3070775 0.8755437 -0.4635133 -0.1531423 0.8727559 -0.485911 -0.002424538 0.874005 -0.4569431 0.1426938 0.8779759 -0.007551789 -0.004087269 0.9999632 -0.7476966 0.4712566 0.4678322 -0.7028232 0.4639295 0.5392673 -0.4540374 0.7630856 0.4599464 -0.4762896 0.7106767 0.5177711 -0.2006521 0.9047639 0.3756873 -0.240063 0.8424006 0.4824223 -0.006923258 0.9277037 0.3732532 -0.007039725 0.8803756 0.4742249 -0.597614 0.4241062 0.6804347 -0.4343678 0.5928463 0.6781283 -0.2272911 0.7033281 0.6735491 -0.007317662 0.741603 0.6707992 -0.3804746 0.2854419 0.8796374 -0.2476514 0.389172 0.8872508 -0.1229735 0.4390326 0.8900157 6.32927e-6 0.4527672 0.8916288 -0.6093463 0.6558331 0.4456233 -0.7929679 0.4509953 0.4096404 -0.8988382 0.3859618 0.2076617 -0.8566682 0.4183354 0.3018531 -0.7898791 0.4788486 0.3831384 -0.982052 0.1847518 0.0379576 -0.9489305 0.2873802 0.130168 -0.7809078 0.6203594 0.07305675 -0.9054945 0.4198527 0.06167137 -0.8525733 0.4949943 0.1676288 -0.7665737 0.6192098 0.1701294 -0.6031001 0.7943625 0.07251632 -0.5941444 0.7872012 0.1652483 -0.8140737 0.533491 0.2295029 -0.739756 0.6283499 0.2407021 -0.5469038 0.7966111 0.2575019 -0.3051434 0.9137213 0.2683297 -0.3268716 0.9312255 0.1611647 -0.007061421 0.961192 0.2757899 -0.006578385 0.9875851 0.1569474 -0.3657538 0.6522908 0.6638832 -0.3491777 0.668604 0.6565392 -0.539756 0.6590214 0.5237886 -0.5400895 0.6584404 0.5241752 -0.3773546 0.6420211 0.6673924 -0.3657663 0.6522784 0.6638886 -0.7898473 0.4788979 0.3831424 -0.7512059 0.5701346 0.3326202 -0.8509109 0.4309145 0.3004386 -0.5505792 0.6557573 0.5165705 -0.6136312 0.650758 0.447181 -0.7825055 0.5556004 0.2810574 -0.8140701 0.5334883 0.2295219 -0.8958817 0.3918505 0.2094023 -0.7825163 0.5555835 0.281061 -0.7512184 0.5701252 0.3326081 -0.6740159 0.6532638 0.3448901 -0.4675583 0.7934541 0.3896407 -0.2664588 0.8744972 0.4052832 -0.006573319 0.9147354 0.404 -0.6740233 0.653273 0.3448579 -0.7512079 0.5701244 0.3326334 -0.5448246 0.6584278 0.519268 -0.3694111 0.7366428 0.566474 -0.4675542 0.7934612 0.3896311 -0.2789964 0.8024548 0.5274725 -0.2664609 0.8744952 0.4052863 -0.349157 0.6686336 0.65652 -0.3491563 0.6686376 0.6565163 -0.9833675 0.1816274 -2.69096e-6 -0.9989805 -0.04514557 1.60826e-7 -0.9590247 -0.2833226 3.73765e-6 -0.8390719 -0.5440207 -1.03736e-5 -0.9118439 0.4105373 2.28906e-6 -0.9989806 -0.04514431 -1.02865e-6 -0.9833675 0.1816275 4.14465e-6 -0.9830957 0.1829587 -0.007011353 -0.9989238 -0.04604357 -0.005598306 -0.8390198 -0.5441009 -1.96342e-5 -0.959025 -0.2833216 -6.45827e-6 -0.9590865 -0.2830503 -0.005978941 -0.8343263 -0.5511047 -0.01353776 -0.9118635 0.4104939 1.39997e-6 -0.9120727 0.4099612 -0.007444083 -0.9994644 0.004139959 -0.03246277 -0.006995439 -0.9917247 -0.1281924 -0.3086856 -0.9435204 -0.1203438 -0.2931612 -0.9363432 -0.1931785 -0.006894826 -0.9802611 -0.1975871 -0.5831748 -0.8061987 -0.09975433 -0.5705663 -0.8023927 -0.1749861 -0.8175865 -0.5709767 -0.07441896 -0.814922 -0.5602217 -0.1485062 -0.9574679 -0.2847441 -0.04664766 -0.9507777 -0.284568 -0.1226495 -0.9928492 -0.05927193 -0.1036207 -0.9254027 0.3757163 -0.04967153 -0.9882937 0.1302857 -0.07938182 -0.9879109 -0.01226198 -0.1545368 -0.2973726 -0.9234302 -0.2425826 -0.006841301 -0.9689404 -0.2471999 -0.5965729 -0.7693724 -0.2284013 -0.8497139 -0.4877967 -0.2001017 -0.9634965 -0.205611 -0.17146 -0.6043003 -0.7963426 -0.02568423 -0.3231094 -0.9456925 -0.03558123 -0.006780982 -0.9991768 -0.04000037 0.9982641 -0.0229364 -0.05424582 0.9979301 -0.03822845 -0.05171233 0.9994676 -0.01626098 -0.02828568 -0.9998804 0.001783251 -0.01537203 -0.9990876 -0.02575516 -0.03407108 -0.9989895 -0.03728544 -0.02509754 0.9988667 0.03896272 -0.0273379 -0.9987742 -0.03554821 -0.03444665 -0.993375 -0.1104603 -0.03169828 -0.005470871 0.02980923 -0.9995407 -0.004253864 0.03007805 -0.9995385 -0.004195928 0.03009235 -0.9995384 -0.00494492 0.02992695 -0.9995399 -0.9999663 -0.005375862 0.006223917 -0.9839001 0.1747019 0.03768169 -0.9959455 -0.079737 0.04165053 -0.9960918 -0.08350342 -0.02878016 -0.9886018 -0.1357749 -0.06505149 -0.9962598 -0.08331847 -0.02290207 -0.9978237 -0.03429907 -0.05631536 -0.997133 -0.05114454 -0.05576831 0.9940451 -0.08819687 -0.0639975 0.9957742 -0.0668171 -0.0630027 0.9970036 -0.05618685 -0.05316919 0.998767 0.02916747 0.0401706 0.997864 -0.04388922 -0.04838836 -0.002928495 -0.9997282 -0.02313143 0.009634375 -0.9997061 -0.02225047 0.007199406 -0.8613983 -0.5078792 -0.9986169 -0.02413487 -0.04671001 0.9968872 -0.07829076 -0.009298086 0.998517 -0.04381418 -0.03231382 0.9838905 0.1770803 0.0245406 0.9999861 0.002539098 -0.004652321 0.7016258 0.7049936 0.1034675 0.7109314 0.6861116 0.1543614 -0.002307236 0.9902204 0.1394929 0.7015979 0.7050216 0.1034656 0.7109588 0.6860821 0.1543663 -0.01494926 0.9872882 0.1582356 0.9571686 0.2736071 0.09469711 0.9984667 0.01866698 0.05211424 0.6087263 0.7687041 0.1963324 -1.27474e-6 0.9696867 0.2443518 0.5974194 0.7769695 0.198516 0.9709605 0.1830981 0.1539832 0.7244855 0.6306618 0.2781845 0.4330423 0.8463266 0.3101707 0.4269852 0.8493832 0.3102127 0.01796078 0.9425376 0.3336173 -0.6948434 0.7105504 0.110954 -0.7695979 0.6094798 0.1904034 -0.6948453 0.7105536 0.1109222 -0.7736778 0.604512 0.1897052 -0.9571622 0.2736271 0.09470456 -0.9984627 0.01881486 0.05213654 -0.6086659 0.7687482 0.1963471 -0.5974413 0.7769525 0.198516 -0.9709511 0.1831437 0.153988 -0.7245 0.6306423 0.2781909 -0.4038372 0.8570272 0.3200312 -0.3976012 0.8598595 0.320242 0.8723716 -0.4887779 -0.007998585 0.8675999 0.4526657 0.2058253 0.0950042 0.9843418 0.1484777 0.0261178 0.9895923 0.1415104 -0.846831 0.4535436 0.2778052 -0.8588297 -0.5114318 -0.02914118 -0.09309303 0.9825876 0.1607959 -0.8501047 0.4474953 0.2776152 0.8643789 0.4586459 0.2061389 -0.9994673 -0.0162732 -0.02828973 -0.9985169 -0.04381561 -0.03231573 -0.9987055 -0.02840065 -0.04219895 0.9998803 0.001786231 -0.01537239 0.9989897 -0.03728228 -0.02509814 0.9990875 -0.0257554 -0.03407102 -0.9994676 -0.0162667 -0.02828818 -0.9984581 -0.03102707 -0.04603129 -0.9988667 0.03896254 -0.0273382 0.9987742 -0.03554797 -0.03444671 0.9933753 -0.1104568 -0.03169977 0.005086243 0.0299459 -0.9995386 0.004197061 0.03014326 -0.9995368 0.004620969 0.03004544 -0.9995378 0.005464136 0.02986186 -0.9995391 0.9999663 -0.005372822 0.006223857 0.9960919 -0.0835027 -0.02878028 0.9959456 -0.07973575 0.04164886 0.9838997 0.1747046 0.03768134 0.9886016 -0.1357755 -0.06505239 0.9962599 -0.0833171 -0.02290362 0.997133 -0.05114376 -0.05576884 0.9978237 -0.03429913 -0.05631536 -0.9927617 -0.09657132 -0.07140207 -0.9969625 -0.04891443 -0.06060695 -0.9957742 -0.06681811 -0.06300264 -0.9987675 0.02915966 0.04016548 -0.9978644 -0.04388195 -0.04838567 -4.49863e-4 -0.9997376 -0.02290618 -0.009641468 -0.9997057 -0.02226144 -0.006061673 -0.9997283 -0.02251273 0.002929627 -0.999728 -0.02314269 -0.007359147 -0.8613922 -0.5078872 0.9986169 -0.02413505 -0.04671019 -0.9968897 -0.07825851 -0.00930643 -0.9987062 -0.02730965 -0.04289811 -0.9838902 0.1770817 0.02453833 -0.9999861 0.002539217 -0.004652559 -0.7016277 0.7049918 0.1034659 -0.7109325 0.6861089 0.1543685 0.00230813 0.9902202 0.1394942 0.01497375 0.9872874 0.1582388 -0.7109633 0.6860811 0.1543506 -0.7016066 0.7050122 0.1034707 -0.9571691 0.2736066 0.09469276 -0.9984666 0.01866936 0.05211412 -0.6086854 0.7687389 0.196323 6.07157e-7 0.9696866 0.2443521 -0.5974366 0.7769549 0.1985212 -0.9709557 0.1831241 0.1539825 -0.724424 0.6307256 0.2781998 -0.4330385 0.8463248 0.3101807 -0.4269855 0.8493812 0.3102178 -0.01797527 0.9425374 0.3336167 0.7696275 0.6094445 0.190397 0.6948409 0.7105526 0.1109562 0.6948528 0.7105448 0.1109315 0.7736834 0.6044934 0.1897413 0.957163 0.2736253 0.09470027 0.9984627 0.01881724 0.05213648 0.6086716 0.7687417 0.1963549 0.5974183 0.7769619 0.1985487 0.9709464 0.1831697 0.1539875 0.7244867 0.6306608 0.2781834 0.4038224 0.857033 0.3200345 0.3976575 0.8598361 0.3202351 -0.8723686 -0.4887834 -0.007991671 -0.8676074 0.4526485 0.2058317 -0.09497404 0.9843475 0.1484589 -0.02614724 0.9895914 0.1415103 0.8588342 -0.5114239 -0.02914929 0.8468329 0.4535458 0.2777955 0.09309422 0.9825904 0.1607781 0.8501057 0.4474831 0.2776318 -0.8643753 0.4586498 0.2061451 1 4.36402e-5 0 1 3.37817e-5 0 0.499985 0.8660341 0 0.499976 0.8660392 0 -0.4999816 0.866036 0 -0.4999958 0.8660279 0 -1 4.98395e-5 0 -1 2.75815e-5 0 -0.5000292 -0.8660086 0 -0.5000151 -0.8660167 0 0.5000097 -0.8660199 0 0.5000184 -0.8660149 0 0 0 -1 -5.25101e-7 0 -1 -0.9997715 0.01766949 -0.01203215 -0.9977282 0.04107713 0.05339759 -0.9447981 0.3205612 0.06780254 -0.9502504 0.3113888 -0.007826328 -0.8098095 0.5814918 0.07794773 -0.807246 0.5901655 -0.007660388 -0.6025266 0.7933756 0.08670097 -0.5856591 0.8104784 -0.01132553 -0.3335018 0.9385485 0.08890014 -0.3280814 0.9446147 -0.00811547 -7.88531e-7 0.9957571 0.09202051 -2.86167e-6 0.9999977 -0.002154469 -0.006948053 -0.9998821 -0.01370352 -0.007074892 -0.9907816 0.1352844 -0.3546175 -0.9275931 0.1175477 -0.3736165 -0.9274239 -0.01719743 -0.6638355 -0.7437264 0.07869929 -0.667539 -0.7443063 -0.02000051 -0.8701485 -0.4896323 0.05569374 -0.8714134 -0.490123 -0.02045172 -0.9731668 -0.2250502 0.04794883 -0.9721319 -0.2335574 -0.0202623 -0.9460419 0.02526324 0.3230582 -0.8967726 0.2975866 0.3274768 -0.7646913 0.5455718 0.3429269 -0.567881 0.7398247 0.3607917 -0.3124949 0.871982 0.3768216 -0.007542371 0.9214602 0.3883996 -0.007457256 -0.9009563 0.4338458 -0.2845973 -0.860657 0.4222249 -0.569201 -0.7274318 0.3832142 -0.7986595 -0.4940523 0.3435919 -0.9197911 -0.2321934 0.3163395 0.08406627 -0.09055751 0.9923368 0.04221308 -0.1063129 0.9934363 0.03171312 -0.1174935 0.9925672 0.0125373 -0.1322442 0.9911379 1.40883e-4 -0.1057531 0.9943924 -5.92843e-5 -0.09869819 0.9951174 -2.09063e-5 0.07878994 0.9968913 0.04337346 0.07221126 0.9964458 0.05299443 0.01449817 0.9984896 0.08769696 -0.01057517 0.9960911 0.06424146 -0.04069024 0.9971045 0.9369446 -0.3408698 0.07708901 0.05487984 -0.1109007 0.9923151 0.09756219 -0.09128695 0.991034 0.9949651 -0.04181194 0.0910831 0.7924249 -0.6055328 0.07343518 0.03855955 -0.1227318 0.9916905 0.5847246 -0.8084309 0.06735485 0.0163719 -0.1373501 0.9903873 0.3322462 -0.9405797 0.07015973 0.002360165 -0.1116806 0.9937413 0.007322669 -0.9974339 0.07121908 0.001195073 -0.1053577 0.9944337 0.2884095 0.9435583 0.1628422 0.04527449 0.07826358 0.9959042 0.001203536 0.08543425 0.9963431 0.007449805 0.9869456 0.1608819 0.5592629 0.8114647 0.1695594 0.05681866 0.01950252 0.998194 0.8070238 0.5712234 0.1497216 0.09306985 -0.007182538 0.9956337 0.9537046 0.2748506 0.1220856 0.07036733 -0.03920817 0.9967504 0.9486593 -0.3104339 -0.06063282 0.9988919 0.007650613 -0.04643756 0.8150449 -0.574897 -0.07207822 0.6178762 -0.7817441 -0.08429217 0.351028 -0.9311343 -0.09883457 0.006794989 -0.9942715 -0.1066675 0.2951174 0.9548073 -0.03534013 0.006807386 0.999324 -0.03612995 0.5590876 0.8286495 -0.0275886 0.7953343 0.605607 -0.02614432 0.9470142 0.319444 -0.03346377 -0.9975246 0.01613283 -0.06844222 -0.9483435 0.3138262 -0.04645073 -0.8205775 0.5701275 -0.04009228 -0.6980594 0.7144346 -0.04791986 -0.5939674 0.8028458 -0.05139529 -0.3491876 0.936316 -0.03715509 -6.60827e-7 0.9993673 -0.03556728 -0.007035851 -0.991217 -0.1320586 -0.3745611 -0.9161037 -0.1430319 -0.651333 -0.7534926 -0.08952218 -0.7725534 -0.6325112 -0.055597 -0.8765684 -0.4790871 -0.04586398 -0.9876272 -0.1403788 -0.06990379 0 0.9989876 -0.04498797 -0.4024669 0.9137705 -0.05517309 -0.9358609 0.3089852 -0.1693887 -0.9779606 0.1379419 -0.156733 -0.939089 0.3002905 -0.167146 -0.8076226 0.5599175 -0.1850361 -0.8047055 0.5635126 -0.1868226 -0.6168252 0.7599738 -0.2048575 -0.624336 0.7548519 -0.2010055 -0.5142048 0.8359935 -0.1915948 -0.5174064 0.8392943 -0.1669607 -0.5188608 0.829577 -0.2063631 -0.191615 0.946147 -0.26094 -0.6220355 0.7719216 -0.1311835 -3.54668e-7 0.9880854 -0.1539068 0 0.9638387 -0.2664864 -0.006773173 -0.9648392 -0.2627539 -0.006867945 -0.9714019 -0.2373422 -0.2920043 -0.9254993 -0.2412147 -0.3172239 -0.913002 -0.2565083 -0.6025016 -0.7649531 -0.2276811 -0.6094474 -0.7592628 -0.2282412 -0.8213374 -0.5342535 -0.1999454 -0.8216189 -0.5369573 -0.1913619 -0.9530544 -0.2587244 -0.1573185 -0.954065 -0.2458357 -0.1712452 -0.9894996 -0.03297084 -0.1407256 -0.9858511 0.0467596 -0.1609696 0.9401788 -0.3248944 -0.1025069 0.9393779 -0.3266994 -0.1041002 0.9954112 -0.01554203 -0.09441971 0.9938927 -0.04464256 -0.1009173 0.8101647 -0.5765174 -0.1061174 0.7967731 -0.593204 -0.1151592 0.6245214 -0.7727591 -0.1132104 0.6951628 -0.7133197 -0.08901524 0.3451979 -0.9377727 0.03769588 0.3417489 -0.9306364 0.1308577 1.23618e-6 0.9969096 -0.0785582 3.23425e-6 0.996708 -0.08107477 0.328563 0.9409342 -0.0817883 0.3198144 0.9441252 -0.07966369 0.6069447 0.7901275 -0.08553934 0.6076404 0.7893003 -0.08819401 0.8341042 0.5430813 -0.09660661 0.8367365 0.5382542 -0.1007705 0.9637944 0.2446541 -0.1060414 0.9574323 0.2716915 -0.09750437 -0.9792493 0.0259692 -0.2009884 -0.9795081 0.02128261 -0.2002772 -0.9259381 0.3224001 -0.1967148 -0.8933364 0.4010689 -0.2027159 -0.7795267 0.593702 -0.1996405 -0.6716568 0.7129396 -0.2014806 -0.3673872 0.9094845 -0.1945883 -0.6135693 0.7663038 -0.1905555 -0.006739556 0.9784296 -0.2064704 -0.006822526 0.9818568 -0.1895015 -0.2672612 0.944217 -0.1924212 -0.315418 -0.928228 -0.1972416 -0.3863583 -0.9023605 -0.1909789 -0.006816685 -0.9794465 -0.2015887 -0.006803512 -0.9800915 -0.1984301 -0.6043355 -0.7703165 -0.2034481 -0.8241044 -0.5271222 -0.2073505 -0.6887779 -0.7020133 -0.1810039 -0.9402129 -0.2740601 -0.2022148 -0.9072483 -0.373521 -0.193346 -0.6324656 0.7311211 -0.2558304 -0.743812 0.6397662 -0.1935019 -0.7246605 0.6577973 -0.2053533 -0.615113 0.7428184 -0.2643048 2.98248e-7 -0.9908377 0.1350588 0 -0.9785526 0.2059977 -0.66231 0.721992 -0.2001827 -0.9495196 0.3078574 -0.06030362 -0.9042918 0.4038956 -0.1382924 -0.9070801 0.3987937 -0.1347941 0.06363052 -0.9971614 0.04025465 0 -0.9974895 0.07081544 -0.9922123 -0.01965874 -0.1229969 -0.989296 -0.09557956 -0.1102644 0.9457821 -0.02169162 -0.3240769 0.8643422 -0.3851847 -0.3233348 1.7939e-6 -0.002029776 -0.999998 0.6523193 -0.6863554 -0.3215522 0.3586798 -0.8764581 -0.321201 8.67124e-7 -0.9462822 -0.323342 7.37193e-7 0.9453995 -0.325914 0.3632365 0.8730751 -0.3252679 0.6622194 0.6753141 -0.3246791 0.875595 0.3564242 -0.3260296 0.9997718 0.01765549 -0.01203244 0.9502514 0.3113864 -0.007817983 0.9447938 0.3205739 0.06780105 0.9977285 0.04107815 0.0533896 0.8072377 0.5901769 -0.007658541 0.8098081 0.5814936 0.07795077 0.6025268 0.7933755 0.08670079 0.5856628 0.8104758 -0.01132243 0.3335023 0.9385482 0.08890157 0.3280866 0.9446129 -0.008114099 0.006947457 -0.999882 -0.01370483 0.3736143 -0.9274247 -0.01719772 0.3546117 -0.9275952 0.1175492 0.007074415 -0.9907842 0.1352651 0.667539 -0.7443061 -0.02000546 0.663831 -0.7437305 0.07869833 0.8714134 -0.4901227 -0.02045702 0.8701553 -0.4896218 0.05568194 0.9721303 -0.2335638 -0.02026456 0.9731669 -0.2250514 0.04794001 0.8967688 0.2976038 0.3274718 0.9460422 0.02526009 0.3230575 0.7646885 0.5455784 0.3429226 0.5678799 0.7398307 0.3607812 0.3124944 0.8719822 0.3768213 0.007542073 0.9214521 0.3884192 0.2845972 -0.8606573 0.4222244 0.007457256 -0.9009639 0.4338302 0.5691908 -0.727436 0.3832217 0.7986494 -0.4940572 0.3436084 0.9197875 -0.2321951 0.3163486 -0.0421819 -0.1062666 0.9934425 -0.0840879 -0.09052586 0.9923378 -0.03192359 -0.1176147 0.9925462 -0.01255589 -0.1322161 0.9911414 -1.66789e-4 -0.1057348 0.9943944 2.23368e-5 -0.09869229 0.995118 -0.04332417 0.07217437 0.9964507 5.21541e-5 0.07879477 0.9968909 -0.05296516 0.01452082 0.9984909 -0.08766239 -0.01056146 0.9960944 -0.06420093 -0.04058486 0.9971114 -0.9369432 -0.3408721 0.07709532 -0.9949651 -0.04182893 0.09107625 -0.09756761 -0.09127283 0.9910348 -0.05488473 -0.1108793 0.9923173 -0.7924318 -0.6055247 0.07342815 -0.03857254 -0.1227191 0.9916916 -0.584718 -0.8084363 0.0673483 -0.01639461 -0.1373487 0.9903872 -0.3322375 -0.9405828 0.07015931 -0.002381503 -0.1116674 0.9937428 -0.007321774 -0.9974341 0.07121586 -0.001233935 -0.1053497 0.9944345 -0.2884224 0.9435541 0.1628441 -0.007401227 0.9869472 0.1608748 -0.001169562 0.08543968 0.9963427 -0.04525691 0.07825928 0.9959053 -0.5592599 0.8114663 0.1695611 -0.05678915 0.01951354 0.9981955 -0.8070123 0.5712403 0.1497196 -0.09308135 -0.007152438 0.9956329 -0.9537062 0.2748515 0.1220709 -0.07037794 -0.03918743 0.9967504 -0.9486564 -0.310442 -0.06063616 -0.9988921 0.007637321 -0.04643732 -0.815061 -0.5748738 -0.07208091 -0.6178644 -0.7817526 -0.08429962 -0.351006 -0.9311422 -0.0988391 -0.006794691 -0.9942721 -0.1066632 -0.2951058 0.9548112 -0.03532975 -0.006795942 0.9992918 -0.03700929 -0.5590828 0.8286526 -0.02759599 -0.7953249 0.6056194 -0.0261445 -0.947009 0.3194598 -0.03345847 0.3491808 0.9363188 -0.0371477 0.4023292 0.9138305 -0.05518203 0.1916156 0.9461465 -0.2609413 0.622017 0.7719342 -0.1311971 -0.9401771 -0.3248969 -0.1025144 -0.993894 -0.04463028 -0.100911 -0.9954103 -0.01556146 -0.09442526 -0.9393756 -0.3267031 -0.104108 -0.8101575 -0.5765268 -0.1061219 -0.7967735 -0.5932036 -0.115159 -0.6245211 -0.7727594 -0.1132098 -0.695164 -0.7133187 -0.08901435 -0.3451965 -0.9377731 0.03769642 -0.3417491 -0.9306362 0.1308587 -0.319813 0.9441254 -0.0796681 -0.3285618 0.9409343 -0.08179163 -0.607643 0.7892978 -0.08819919 -0.6069537 0.7901195 -0.08554804 -0.8341075 0.5430758 -0.09661006 -0.8367298 0.5382655 -0.1007646 -0.9637943 0.2446587 -0.1060321 -0.9574328 0.2716929 -0.0974968 0.979251 0.02593576 -0.2009852 0.893338 0.4010656 -0.2027158 0.9259396 0.3223972 -0.1967134 0.9795074 0.02130234 -0.2002786 0.6716316 0.7129642 -0.2014773 0.7795265 0.5937026 -0.1996391 0.3737499 0.9068589 -0.1947252 0.6135677 0.7663052 -0.190555 0.006784915 0.9784266 -0.2064837 0.260707 0.9459028 -0.1931314 0.3611012 0.9120253 -0.1944627 0.00681895 0.9818556 -0.1895077 0.3154175 -0.9282283 -0.1972416 0.006803989 -0.9800902 -0.1984361 0.006813347 -0.9794483 -0.2015804 0.386341 -0.9023687 -0.190975 0.6043348 -0.7703173 -0.2034477 0.8240944 -0.5271387 -0.2073479 0.6887811 -0.7020096 -0.1810063 0.9402149 -0.2740519 -0.2022165 0.9072591 -0.3734931 -0.1933494 0.2673344 0.9441963 -0.192421 0.6324665 0.7311205 -0.25583 0.6151142 0.7428176 -0.2643042 0.7246596 0.657798 -0.2053539 0.7438108 0.6397674 -0.1935027 0.6623117 0.7219902 -0.2001832 0.9494601 0.3080397 -0.0603097 0.9042934 0.4038905 -0.1382973 -0.06363058 -0.9971614 0.04025471 -0.9457826 -0.02165132 -0.3240781 -0.8643425 -0.385176 -0.3233442 -0.6522974 -0.6863763 -0.3215518 -0.3586755 -0.8764604 -0.3211994 -0.3632133 0.8730852 -0.3252667 -0.6622272 0.6753027 -0.3246867 -0.8756063 0.356396 -0.3260299 -0.5208712 0.8438441 -0.1289207 -0.5538286 0.8279702 -0.08797419 -0.2641589 -0.9416296 -0.2086955 -0.596542 -0.785566 -0.1643892 -0.1894266 -0.9605847 -0.2034572 0.9358611 0.3089779 -0.1694014 0.9390862 0.3002951 -0.1671525 0.9779635 0.1379086 -0.1567444 0.807614 0.5599253 -0.1850495 0.8046926 0.5635254 -0.1868399 0.624332 0.7548522 -0.2010169 0.6168127 0.7599802 -0.2048715 0.5188575 0.8295762 -0.2063743 0.5174456 0.8392747 -0.1669377 0.5142237 0.835985 -0.1915804 0.006814897 -0.9648408 -0.2627467 0.3172198 -0.9130033 -0.2565087 0.2920058 -0.9254999 -0.2412106 0.006912469 -0.971402 -0.2373405 0.6025075 -0.764948 -0.2276825 0.8216228 -0.5369444 -0.1913812 0.8213343 -0.5342547 -0.1999552 0.6094437 -0.7592695 -0.2282285 0.9540649 -0.2458287 -0.1712557 0.953059 -0.2586935 -0.157341 0.9858518 0.04673302 -0.1609727 0.9894966 -0.03296601 -0.140747 -0.5653621 0.8221086 -0.06710582 0.9975253 0.01610213 -0.06843978 0.9483379 0.3138431 -0.04645162 0.8205832 0.5701193 -0.04009217 0.6980601 0.714434 -0.04791903 0.5939582 0.8028529 -0.05139064 0.007033288 -0.991217 -0.132059 0.3745563 -0.9161061 -0.143029 0.6513518 -0.7534732 -0.08954882 0.7725748 -0.6324843 -0.05560481 0.8765693 -0.4790853 -0.0458644 0.9876242 -0.1404009 -0.06990039 0.9922102 -0.01967364 -0.1230128 0.9892958 -0.09556168 -0.1102803 0.5209454 0.8438012 -0.1289013 0.5536253 0.8281031 -0.0880028 0.2641518 -0.9416314 -0.2086965 0.596543 -0.7855568 -0.1644296 0.1894215 -0.9605864 -0.2034533 0.5653822 0.8220948 -0.06710577 0.002995491 -0.003011703 0.999991 0.01953488 -0.009414613 0.9997649 0.01004803 -0.005773782 0.9999329 0.01006275 -0.005778133 0.9999327 0.001473546 -0.001661479 0.9999976 0.002585828 -0.002917587 0.9999925 0.002481937 -0.002800762 0.999993 0.001465082 -0.001652181 0.9999976 4.63306e-6 0 1 -0.002975642 -0.002994835 0.9999911 -4.63229e-6 0 1 -0.001462638 -0.001654326 0.9999976 -0.80273 0.5720453 0.16849 -0.8229495 0.5681141 8.01945e-4 -0.8210587 0.5708329 0.003536224 -0.8040972 0.5790874 0.1344826 3.27289e-6 0 1 -5.03091e-6 0 1 -0.7517677 -0.6594111 -0.004728972 -0.756384 -0.6538949 0.01745647 -0.7162059 -0.6523206 0.2480463 -0.7202493 -0.6690415 0.1833701 -0.7617365 -0.5897033 -0.2683422 -0.8284693 0.519017 -0.2103812 -0.8279634 0.5221478 -0.2045447 -0.1503363 -0.6995948 -0.6985458 -6.93368e-6 0 -1 3.13131e-6 0 -1 -0.2092065 0.6429993 -0.7367391 -0.767824 -0.5808709 -0.2702509 -0.6427422 -0.2977709 -0.7058435 -0.7307847 0.3064112 -0.6099721 -0.003097951 -0.003114104 0.9999904 -0.001502871 -0.001699328 0.9999975 -0.01003158 -0.005773961 0.9999331 -0.01951849 -0.009413242 0.9997652 0.8027311 0.5720498 0.1684693 0.8040941 0.5790957 0.1344648 0.8205327 0.5715083 0.01021319 0.8210531 0.5708411 0.003501296 0.8228224 0.5682888 0.00337094 0.8027237 0.5720239 0.1685926 5.03037e-6 0 1 -1.63658e-6 0 1 0.7509816 -0.6602897 -0.006655454 0.7202422 -0.669035 0.1834213 0.7161995 -0.6523246 0.2480543 0.7569104 -0.6533635 0.01424342 0.761242 -0.5926221 -0.2632678 0.8281277 0.5209124 -0.2070142 0.8284425 0.518138 -0.2126405 0.1502776 -0.6996352 -0.6985179 6.93497e-6 0 -1 -3.13131e-6 0 -1 0.7678907 -0.5818254 -0.2679982 0.642751 -0.2977766 -0.7058331 0.7307875 0.306414 -0.6099674 0.2092143 0.6429907 -0.7367445 -0.4995461 0.8590984 0.1113715 -0.4995309 0.8591074 0.1113698 -0.4995302 0.8591089 0.1113622 -0.4995657 0.8590866 0.1113753 0.4995258 -0.8591018 -0.1114367 0.4995581 -0.8590931 -0.1113588 0.4995385 -0.859103 -0.1113712 0.4995461 -0.8590989 -0.1113687 5.69591e-7 0 1 -3.79727e-7 0 1 -0.9178301 -2.48291e-5 0.3969737 -0.8512787 8.34767e-6 0.5247139 -0.7372131 0.4256477 0.5247294 -0.7948629 0.4589261 0.3969634 -0.4256024 0.737241 0.5247271 -0.458887 0.7948785 0.3969772 -5.3596e-6 0.851269 0.5247296 1.55765e-6 0.9178281 0.3969783 0.4256057 0.7372391 0.5247269 0.4589236 0.7948483 0.3969956 0.7372099 0.425659 0.5247248 0.7948697 0.4589021 0.3969774 0.8512732 -1.75313e-5 0.5247229 0.9178305 -2.048e-5 0.3969728 0.7372116 -0.4256559 0.5247249 0.7948644 -0.4589175 0.3969703 0.4255977 -0.7372471 0.5247222 0.4588955 -0.7948679 0.3969886 2.76121e-5 -0.851282 0.5247085 -1.65383e-5 -0.9178266 0.3969817 -0.4255852 -0.7372538 0.5247229 -0.4589095 -0.7948659 0.3969767 -0.7372253 -0.4256353 0.5247222 -0.7948561 -0.4589324 0.3969698 4.86704e-6 -9.97299e-6 1 0.072604 -0.9954503 -0.06170362 0.07135826 -0.9949435 -0.07067823 0.07150715 -0.9950083 -0.06960827 0.07271015 -0.9954899 -0.06093662 -0.1430394 0.9721946 -0.1854118 -0.1432075 0.9718765 -0.1869435 -0.1417218 0.9745829 -0.1735027 -0.1416921 0.9746345 -0.1732373 0.3345193 0.0235148 0.9420956 0.3345619 0.0225653 0.9421036 0.3330371 0.05314975 0.9414146 0.3329977 0.05386525 0.9413878 0.9997435 0.02264595 3.37547e-4 -0.9997434 -0.02265602 -3.41186e-4 -0.08968675 0.9957247 -0.02210706 0.1302319 0.8147216 0.5650386 0.04480987 0.9360634 0.3489664 -0.1032887 0.9930559 -0.05631673 0.1797937 0.716181 0.6743583 0.1323896 0.8107913 0.5701671 0.2296884 0.5709764 0.788181 0.1819973 0.7106301 0.6796189 -1 4.03478e-5 2.05439e-5 0.9998327 0.01819282 0.001903176 0.9999516 0.009792447 -0.001033484 0.99991 0.01341414 2.32553e-4 0.9998183 0.01893943 0.002164185 -1 -1.58033e-5 -7.4276e-6 0.07656139 -0.9951338 -0.0620262 0.07484769 -0.9946746 -0.07085436 0.07494044 -0.9947015 -0.07037758 0.07671844 -0.9951719 -0.0612151 -0.1392953 0.9767404 -0.1630185 -0.1483663 0.9671752 -0.2063 -0.0750401 0.9947662 0.06934779 -0.07578331 0.9947379 0.068946 -0.07354801 0.9941276 0.07937932 -0.07259547 0.9941543 0.07992035 -0.9886478 -0.1500721 -0.007339894 -0.7241517 -0.6890802 0.02780115 -0.7153386 -0.6974639 0.04283481 -0.9862715 -0.165132 -1.46451e-4 0.9564385 0.08654993 -0.2788091 0.9750788 0.09907865 -0.1985061 0.8503605 -0.4729484 -0.2306662 0.9537019 -0.05752807 -0.2952006 -0.1241957 0.9861161 -0.1102299 -0.1000152 0.9938694 -0.04712408 -0.9895697 -0.1290621 -0.06399214 -0.7521043 -0.6560869 -0.06236362 0.9925102 0.1219483 0.007229089 0.8742458 -0.482509 0.05365908 0.8781 -0.4777351 0.02664119 0.994584 0.1039269 0.001415014 0.8748068 -0.4771237 -0.08405911 0.9923509 0.1028551 -0.06826823 -0.1196409 0.9673215 -0.2235513 -0.1053878 0.9713196 -0.2131472 -0.1027997 0.9928686 -0.0603671 -0.1277222 0.984125 -0.123228 -0.9735857 -0.1304287 -0.1874011 -0.7375613 -0.6406572 -0.2134521 0.09325808 -0.9780991 -0.1860784 -0.9391733 -0.2219469 -0.2620939 0.07944387 -0.9793592 -0.1858611 0.1024959 -0.9913018 0.08255612 0.115544 -0.9919668 0.05149281 0.09047335 -0.9941725 -0.05861568 0.1292126 -0.9902839 0.0514 0.1160071 -0.989776 0.08298164 0.1044799 -0.9928265 -0.05813336 0.9923503 0.1028456 -0.06829142 -0.1052379 0.9699503 -0.2193663 -0.9632506 -0.09757751 -0.2502539 -3.43387e-4 -1.6286e-4 1 -3.06937e-4 -1.84965e-4 1 -3.37966e-4 -1.45902e-4 1 -0.1348755 0.9777806 -0.1604798 -0.1353822 0.9773605 -0.1625984 -0.1278379 0.9830708 -0.1312612 -0.1273204 0.9834204 -0.1291273 0.1348755 -0.9777806 0.1604799 0.1273205 -0.9834204 0.1291273 0.127838 -0.9830708 0.1312612 0.1353822 -0.9773605 0.1625984 -0.06916773 0.9950227 0.07173508 -0.07332342 0.9948697 0.06970077 -0.06129926 0.9944309 0.08572995 -0.05832856 0.9945078 0.08690297 -0.9892164 -0.1464544 0.001429438 -0.7204101 -0.6935469 0.001460373 -0.7047024 -0.7093956 0.01234441 -0.9870539 -0.160368 -0.00259298 0.9446351 0.07267504 -0.3199732 0.9707171 0.06570208 -0.2310659 0.8325654 -0.4914832 -0.2554979 0.03038811 -0.4478752 -0.8935796 -0.1258295 0.9878717 -0.09097582 -0.1084003 0.9933149 -0.03968572 -0.9875688 -0.1487802 -0.05071908 -0.731058 -0.6777083 -0.07915669 0.9924477 0.1224702 0.006966948 0.8641723 -0.5026062 0.02435922 0.873124 -0.4874826 0.003916144 0.994539 0.1037812 0.0110296 0.8814315 -0.4629031 -0.09380459 0.9929795 0.1017779 -0.06027382 -0.1273154 0.9709471 -0.2026143 -0.1163276 0.9737988 -0.1954069 -0.1113017 0.9923945 -0.05258613 -0.1297043 0.98609 -0.1039404 -0.9604845 -0.1839779 -0.2088583 -0.7243949 -0.6476964 -0.2360962 0.08771342 -0.9760032 -0.1993089 0.01554656 -0.4491576 -0.8933174 0.07385224 -0.9771618 -0.19925 0.1041582 -0.9941095 0.02995651 0.117727 -0.9930459 4.93912e-4 0.1158308 -0.9893094 -0.0886017 0.1314453 -0.9913234 4.06378e-4 0.1176788 -0.9925899 0.03028368 0.1296911 -0.9876216 -0.08822625 0.9929789 0.1017615 -0.06031191 -0.1157976 0.9694285 -0.2163313 -0.9488673 -0.1145328 -0.2941653 -3.56447e-4 -1.51531e-4 1 -3.00746e-4 -1.7788e-4 1 -3.34312e-4 -1.37788e-4 1 -0.07259792 -0.99545 -0.06171798 -0.07270389 -0.9954894 -0.06095212 -0.07150286 -0.9950085 -0.06961089 -0.07135421 -0.9949437 -0.07067924 0.143037 0.9721935 -0.1854193 0.1416872 0.9746376 -0.173223 0.1418124 0.9744192 -0.1743457 0.14181 0.9744212 -0.174337 0.1432047 0.9718754 -0.1869506 0.1430513 0.9721663 -0.1855505 -0.3345181 0.02354377 0.9420952 -0.3329968 0.05388921 0.9413869 -0.333034 0.0531761 0.9414143 -0.3345605 0.02259051 0.9421035 -0.9997411 0.02275115 3.44333e-4 0.9997429 -0.02267396 -3.30607e-4 0.1348708 0.9777836 -0.1604656 0.1273191 0.9834207 -0.1291266 0.1278364 0.9830711 -0.1312596 0.1353774 0.9773637 -0.1625832 -0.1348709 -0.9777835 0.1604657 -0.1353775 -0.9773636 0.1625833 -0.1278364 -0.9830711 0.1312596 -0.1273192 -0.9834206 0.1291267 0.08968609 0.9957247 -0.02210825 0.1044096 0.992752 -0.05951714 -0.04480141 0.9360725 0.3489429 -0.130232 0.8147178 0.5650439 -0.1801021 0.7154122 0.6750916 -0.2296774 0.5710107 0.7881593 1 3.36233e-5 1.73194e-5 -0.999834 0.01812237 0.001899898 -0.9999125 0.01323342 1.97941e-4 -0.9999512 0.009837806 -9.83158e-4 -0.9999101 0.01341253 2.606e-4 -0.9998201 0.01884263 0.002157449 1 -3.95081e-6 2.67859e-6 -0.07656043 -0.9951338 -0.0620259 -0.07671749 -0.9951719 -0.06121492 -0.07493972 -0.9947016 -0.07037693 -0.07484698 -0.9946748 -0.07085365 0.1481975 0.9673758 -0.2054791 0.1392943 0.9767404 -0.1630195 0.07503408 0.9947666 0.06934916 0.07258915 0.9941546 0.07992237 0.07354182 0.9941279 0.0793814 0.07577824 0.9947373 0.06896084 0.9886488 -0.1500662 -0.007337093 0.9862785 -0.1650904 -1.26044e-4 0.7153417 -0.6974602 0.04284411 0.7241575 -0.6890739 0.02780276 -0.9564275 0.08661901 -0.2788255 -0.9536977 -0.0574764 -0.295224 -0.8503614 -0.4729405 -0.2306789 -0.9750737 0.09912073 -0.1985105 0.1241468 0.9861176 -0.1102712 0.07577848 0.9947363 0.0689736 0.1000199 0.9938691 -0.04712069 0.124221 0.9861128 -0.1102303 0.9895658 -0.1290826 -0.06400978 0.7520791 -0.6561148 -0.06237286 -0.9925146 0.1219123 0.007230043 -0.9945831 0.1039344 0.001414 -0.8780974 -0.4777395 0.02664554 -0.8742247 -0.4825474 0.05365991 -0.9925139 0.1219176 0.007228493 -0.9923468 0.102887 -0.06828004 -0.8748141 -0.4771112 -0.08405601 0.1196342 0.9673224 -0.2235513 0.127728 0.9841249 -0.1232228 0.1028145 0.9928672 -0.0603637 0.1053816 0.97132 -0.2131481 0.9735915 -0.1303987 -0.1873926 0.7375835 -0.6406332 -0.2134468 -0.09325486 -0.9780941 -0.1861062 0.9391695 -0.2219797 -0.2620796 -0.07944381 -0.9793568 -0.1858738 -0.1024873 -0.9913018 0.08256649 -0.1155428 -0.9919667 0.05149817 -0.09047287 -0.994172 -0.05862361 -0.1292096 -0.9902842 0.05140161 -0.1159558 -0.9897825 0.08297663 -0.1045151 -0.9928237 -0.05811965 0.1052305 0.9699513 -0.2193652 0.963254 -0.09758234 -0.250239 2.74296e-4 -1.545e-4 1 3.60727e-4 -1.11934e-4 1 3.34105e-4 -1.46552e-4 1 0.06916666 0.9950225 0.07173711 0.05832749 0.9945088 0.08689141 0.06129807 0.994432 0.08571797 0.07328087 0.9948692 0.06975054 0.9892149 -0.1464645 0.001429498 0.9870514 -0.1603832 -0.002593219 0.7046872 -0.7094106 0.01235163 0.7203884 -0.6935694 0.001457691 -0.9446368 0.07269835 -0.3199628 -0.03037863 -0.4479051 -0.8935648 -0.8325566 -0.4914987 -0.2554966 -0.9707143 0.06569206 -0.231081 0.1255244 0.9878971 -0.0911203 0.07331144 0.9948698 0.06971114 0.1088582 0.9931857 -0.04162007 0.1260614 0.9878438 -0.09095776 0.9875633 -0.1488159 -0.05072075 0.7310312 -0.6777372 -0.07915568 -0.9924485 0.1224642 0.006963372 -0.9945372 0.103798 0.01103276 -0.8731228 -0.4874846 0.003919482 -0.8641602 -0.5026268 0.02435868 -0.9924519 0.122437 0.006973385 -0.9929777 0.1017993 -0.06026923 -0.881436 -0.462895 -0.09380322 0.127346 0.9709401 -0.2026284 0.1297037 0.98609 -0.1039406 0.1113231 0.9923942 -0.05254495 0.1163671 0.97379 -0.1954277 0.9604812 -0.1840046 -0.2088494 0.724431 -0.647661 -0.2360826 -0.08767825 -0.976003 -0.1993261 -0.01558309 -0.449127 -0.8933321 -0.07381165 -0.9771625 -0.1992619 -0.1041672 -0.994108 0.02997452 -0.1177248 -0.9930462 4.9379e-4 -0.1158186 -0.9893117 -0.08859163 -0.1314366 -0.9913245 4.1054e-4 -0.1176812 -0.9925896 0.03028547 -0.1296736 -0.9876251 -0.08821249 0.1158376 0.9694202 -0.2163476 0.9488672 -0.1145602 -0.2941552 2.86025e-4 -1.42572e-4 1 3.60892e-4 -1.05836e-4 1 3.35175e-4 -1.37789e-4 1 0.4322279 -0.8860099 -0.1678258 0.2052859 -0.9592974 -0.1939238 0.4475479 -0.8834366 -0.1387109 0.955079 -0.2800685 -0.09688025 0.865631 -0.4844105 -0.1266075 0.9369815 -0.3276548 -0.1212766 -0.8802374 0.4719879 -0.0490899 -0.8479235 0.5253553 -0.07090443 -0.6294158 0.7759571 -0.04154968 -0.7322981 0.680958 -0.005980074 -0.889217 0.4383889 -0.1307989 -0.9179478 0.3949745 -0.03697365 -0.9343759 0.3423854 -0.09855967 -6.20548e-4 4.76779e-4 0.9999997 -6.39392e-4 5.26302e-4 0.9999997 -7.1217e-4 2.20472e-4 0.9999998 -7.26037e-4 2.19763e-4 0.9999998 0.02076596 0.9990468 0.0383985 0.8386437 -0.5245946 -0.1465516 0.9764374 -0.18185 -0.1161924 -0.5128176 0.857851 0.03331685 -0.2052865 0.9592971 0.193924 -0.6485692 0.7571453 0.07803326 -0.5180503 0.8548174 0.03018593 -0.6486265 0.7570621 0.07836306 -0.2849546 -0.5716787 0.7694053 -0.2615652 -0.5707081 0.7783803 -0.2761646 -0.5713555 0.7728428 -0.2761874 -0.5713565 0.772834 -0.3082324 -0.5722888 0.75992 -0.2849773 -0.5716798 0.769396 0.6170151 -0.7709258 -0.1580067 0.6941722 -0.6985968 -0.1734575 0.7686778 -0.620964 -0.1534219 0.9783335 0.1745091 -0.1114016 0.944153 0.3083713 -0.1161134 0.9768631 0.1812335 -0.113547 0.9475098 0.2981579 -0.1154432 0.8189302 0.5623128 -0.1147075 0.8141218 0.5684379 -0.1186762 -0.9533318 -0.292218 -0.07594144 -0.9699919 -0.1626255 -0.1807448 -0.9365896 -0.3289554 -0.1207825 -0.9361508 -0.349855 -0.03497374 -0.9764481 -0.1619929 0.1425043 -0.8155919 -0.5729289 -0.08100891 -0.8264719 -0.5574076 -0.07900124 -0.7205588 -0.6914227 -0.05224621 -0.6246157 -0.7755464 -0.09155946 0.002093851 0.001011848 0.9999974 0.002099215 0.001010358 0.9999973 0.001802921 0.001778423 0.9999968 0.001802861 0.001778364 0.9999969 -0.0223363 -0.9997422 -0.00409311 0.002319335 4.24886e-4 0.9999973 0.001961171 0.001838028 0.9999964 0.002270042 3.84419e-4 0.9999974 0.6350386 0.7640369 -0.1139027 0.6619395 0.7404149 -0.1167135 0.7126793 0.6911275 -0.1201285 0.9707008 0.2157901 -0.1057114 0.5343253 0.8375293 -0.1141979 0.5222381 0.8437492 -0.1239137 0.5195662 0.844608 -0.1291832 -0.2200897 0.6379532 0.7379541 -0.2139099 0.6389371 0.7389196 -0.2345505 0.6355453 0.7355735 -0.2421405 0.6342216 0.7342555 -0.6053926 -0.7925318 -0.073439 -0.6194702 -0.7795517 -0.0924983 -0.7205582 -0.6914234 -0.05224621 -0.7376937 -0.6751338 0.001534104 -0.8269966 -0.5550256 0.0895729 -0.4322132 -0.8860162 -0.1678308 -0.4475395 -0.883441 -0.1387097 -0.2052576 -0.959304 -0.1939206 -0.9550696 -0.2800975 -0.09688979 -0.9369767 -0.3276674 -0.1212798 -0.8656369 -0.4843993 -0.1266102 0.8802379 0.4719866 -0.04908978 0.7323728 0.6808775 -0.005995452 0.6320363 0.7739363 -0.03940826 0.8488369 0.5239655 -0.07025843 0.9343721 0.3423943 -0.09856516 0.8898822 0.4376174 -0.1288436 0.9179503 0.3949736 -0.0369206 5.77942e-4 4.78292e-4 0.9999998 5.64224e-4 4.33338e-4 0.9999998 6.60236e-4 1.99741e-4 0.9999998 6.44873e-4 2.00392e-4 0.9999998 -0.02080619 0.9990461 0.03839457 -0.8386471 -0.5245873 -0.1465576 -0.976428 -0.1818975 -0.1161963 0.6485667 0.7571506 0.07800197 0.2052576 0.959304 0.1939206 0.5180409 0.854823 0.03018736 0.7300406 0.683382 -0.005462706 0.6269053 0.7781013 -0.03934973 0.2849379 -0.5716705 0.7694175 0.3081772 -0.5722796 0.7599492 0.2761512 -0.5713483 0.772853 0.2615739 -0.5707039 0.7783805 -0.6941599 -0.6986056 -0.1734712 -0.6170056 -0.7709313 -0.1580162 -0.7686887 -0.6209487 -0.1534291 -0.9783298 0.1745297 -0.1114011 -0.9768602 0.1812497 -0.1135453 -0.9441485 0.3083864 -0.1161095 -0.814141 0.5684106 -0.1186755 -0.8189374 0.562303 -0.1147031 -0.9475029 0.2981812 -0.1154395 0.9529073 -0.2931566 -0.07763344 0.9764493 -0.1620376 0.1424456 0.9356414 -0.3510896 -0.03620988 0.9365908 -0.3289533 -0.1207787 0.9699929 -0.16263 -0.180735 0.826479 -0.557397 -0.07900077 0.8156154 -0.5728965 -0.08100128 0.6220494 -0.7775514 -0.09202396 0.7205987 -0.6913813 -0.05224442 -0.002097249 0.001011133 0.9999974 -0.002212047 6.95839e-4 0.9999974 -0.001887917 0.001546978 0.9999971 -0.001922428 0.001458525 0.9999971 -0.002094507 0.001011133 0.9999974 -0.001801192 0.001769781 0.9999969 -0.001804351 0.001769185 0.9999969 0.02224963 -0.9997441 -0.004092276 -0.002269268 3.88454e-4 0.9999974 -0.002321481 4.28001e-4 0.9999973 -0.002197921 7.39995e-4 0.9999973 -0.6619341 0.7404187 -0.116719 -0.6350594 0.7640201 -0.1138994 -0.7126941 0.6911106 -0.1201387 -0.9707178 0.2157034 -0.1057317 -0.5343481 0.8375155 -0.1141928 -0.5222432 0.843744 -0.123928 -0.5195516 0.8446115 -0.1292191 0.220041 0.637995 0.7379325 0.234557 0.635573 0.7355474 0.2138649 0.6389782 0.738897 0.2421531 0.6342502 0.7342266 0.2345189 0.6355798 0.7355537 0.2200495 0.6379925 0.7379322 0.6053995 -0.7925272 -0.07343155 0.7377021 -0.6751247 0.001541972 0.8270022 -0.5550159 0.08958077 0.4322065 -0.8860211 -0.1678221 0.2051794 -0.9593209 -0.1939198 0.4475342 -0.8834465 -0.1386926 0.9550778 -0.2800718 -0.09688323 0.8656269 -0.484415 -0.1266181 0.936975 -0.3276695 -0.1212869 -0.8802433 0.4719767 -0.04908758 -0.8479254 0.5253518 -0.07090848 -0.6294271 0.775948 -0.04154956 -0.7323144 0.6809405 -0.005979716 -0.8892074 0.4384075 -0.1308013 -0.9179337 0.3950054 -0.03699469 -0.9343688 0.3424052 -0.09855842 -8.36641e-4 5.29117e-5 0.9999997 -8.24007e-4 4.6472e-5 0.9999997 -6.12589e-4 4.76717e-4 0.9999998 -6.43297e-4 5.26304e-4 0.9999997 -7.15437e-4 2.20472e-4 0.9999998 -7.19531e-4 2.19763e-4 0.9999998 0.02076601 0.9990467 0.03839927 0.8386413 -0.5245952 -0.1465632 0.9764368 -0.1818518 -0.1161947 -0.5127583 0.8578875 0.0332871 -0.2051795 0.959321 0.1939197 -0.6485204 0.7571879 0.07802629 -0.5180349 0.8548272 0.03017359 -0.6486002 0.7570858 0.07835203 -0.2849564 -0.5716767 0.7694061 -0.261565 -0.5707133 0.7783767 -0.2761659 -0.5713552 0.7728426 -0.2761854 -0.5713571 0.7728342 -0.3082291 -0.5722942 0.7599173 -0.2849759 -0.5716785 0.7693974 0.6170224 -0.77092 -0.1580053 0.6941686 -0.6985993 -0.1734617 0.7686801 -0.6209588 -0.1534315 0.9783368 0.1744887 -0.1114041 0.9441534 0.3083698 -0.116114 0.9768649 0.1812217 -0.1135504 0.94751 0.2981579 -0.1154415 0.8189284 0.5623154 -0.1147069 0.8141186 0.5684424 -0.1186776 -0.9532687 -0.2923526 -0.0762158 -0.9699955 -0.1626178 -0.1807323 -0.9365921 -0.3289496 -0.1207787 -0.9361686 -0.3498092 -0.0349583 -0.9764536 -0.1619904 0.1424695 -0.8155919 -0.5729289 -0.08100932 -0.82647 -0.5574103 -0.07900249 -0.7205555 -0.6914262 -0.05224543 -0.6246128 -0.7755486 -0.0915603 0.002095818 0.001011133 0.9999974 0.002094507 0.001011133 0.9999973 0.002207815 6.95284e-4 0.9999973 0.00175029 0.001718282 0.999997 0.001835584 0.001694202 0.999997 -0.02233517 -0.9997423 -0.004083752 0.00231868 4.27923e-4 0.9999973 0.00219053 7.38068e-4 0.9999973 0.002268671 3.88437e-4 0.9999974 0.6350378 0.7640377 -0.1139022 0.6619376 0.7404166 -0.1167133 0.712674 0.691133 -0.1201293 0.9707186 0.2156986 -0.1057334 0.5343266 0.8375284 -0.1141991 0.5222342 0.8437511 -0.1239182 0.5195649 0.8446102 -0.1291745 -0.2201086 0.6379549 0.7379471 -0.2139072 0.6389428 0.7389153 -0.2346199 0.6355365 0.7355589 -0.2422363 0.6342071 0.7342364 -0.6053919 -0.7925324 -0.07343918 -0.619473 -0.7795494 -0.09249877 -0.7205545 -0.6914272 -0.05224484 -0.7376946 -0.6751328 0.001536905 -0.8270031 -0.5550151 0.08957827 -0.4322094 -0.8860183 -0.1678292 -0.4475135 -0.8834527 -0.1387192 -0.2051212 -0.9593268 -0.1939519 -0.955078 -0.2800707 -0.09688413 -0.9369742 -0.3276715 -0.1212878 -0.8656263 -0.4844157 -0.1266195 0.8802424 0.4719788 -0.04908698 0.7324357 0.6808097 -0.005998849 0.6320661 0.7739118 -0.03940886 0.8487271 0.5241319 -0.07034486 0.9343678 0.3424081 -0.09855812 0.8898805 0.4376221 -0.1288396 0.9179329 0.395007 -0.03699547 6.35501e-4 5.21743e-4 0.9999997 6.17528e-4 4.80969e-4 0.9999997 7.20605e-4 2.19766e-4 0.9999997 7.15321e-4 2.20472e-4 0.9999997 -0.0207653 0.9990468 0.03839892 -0.838639 -0.5245985 -0.146564 -0.9764381 -0.1818448 -0.1161949 0.6485543 0.7571606 0.07800734 0.2051212 0.9593268 0.1939519 0.5180161 0.8548377 0.03019928 0.7300394 0.6833834 -0.005461812 0.6268973 0.7780717 -0.04005378 0.2849604 -0.5716798 0.7694023 0.3082298 -0.5722885 0.7599213 0.2761591 -0.5713573 0.7728435 0.2615628 -0.5707125 0.7783779 -0.694172 -0.6985962 -0.1734606 -0.6170212 -0.77092 -0.1580104 -0.7686783 -0.6209607 -0.1534328 -0.9783406 0.1744683 -0.1114024 -0.976865 0.1812207 -0.113551 -0.9441539 0.3083685 -0.1161144 -0.8141192 0.5684417 -0.1186764 -0.8189349 0.5623072 -0.1147007 -0.9475156 0.2981402 -0.1154414 0.9529153 -0.2931321 -0.07762724 0.9764525 -0.1619622 0.1425085 0.9356508 -0.3510661 -0.03619617 0.9365908 -0.3289532 -0.1207791 0.9699937 -0.1626272 -0.1807336 0.8264792 -0.5573964 -0.07900345 0.8155968 -0.5729212 -0.08101379 0.6220148 -0.7775772 -0.09203958 0.7205672 -0.6914128 -0.05226254 -0.002094507 0.001011133 0.9999973 -0.002210021 6.96077e-4 0.9999973 -0.002091765 0.001005291 0.9999973 -0.001825749 0.001696527 0.999997 -0.001753509 0.001718282 0.999997 0.02228391 -0.9997435 -0.004073381 -0.002269387 3.88464e-4 0.9999974 -0.002318739 4.27894e-4 0.9999973 -0.6619485 0.7404078 -0.1167071 -0.6350476 0.764028 -0.1139115 -0.7126787 0.6911283 -0.1201284 -0.9707137 0.2157256 -0.1057241 -0.5343416 0.8375194 -0.1141948 -0.522217 0.8437569 -0.1239511 -0.5195056 0.8446293 -0.1292883 0.2200838 0.6379544 0.7379548 0.2345998 0.6355351 0.7355666 0.2139076 0.6389347 0.7389221 0.2421932 0.63421 0.7342481 0.2346058 0.6355333 0.7355661 0.2200899 0.6379551 0.7379524 0.6053899 -0.7925341 -0.073435 0.7377405 -0.6750826 0.001559793 0.8270128 -0.5550012 0.08957362 0.1533204 0.9864198 0.05889838 0.1670166 0.9839191 0.06331473 0.1649664 0.984211 0.06414651 0.1513698 0.9866568 0.05996322 0.9927282 -0.09249073 0.07704716 0.9834576 -0.08305501 0.1609757 0.9846703 -0.07236599 0.1587061 0.7846441 -0.6185545 0.04152262 0.9947744 -0.09259277 -0.04301869 0.7357848 -0.6704499 -0.09548699 -0.9869391 0.08128517 -0.1390821 -0.9702224 0.1077176 -0.216946 -0.9721935 -0.01161956 -0.2338906 -0.864616 -0.4573101 -0.2081027 -0.9945657 0.07510787 0.07209604 -0.90037 -0.434112 0.02967846 -0.9880698 0.06996649 0.1371963 -0.9880672 0.06999248 0.1372018 -0.98663 0.08332294 0.1400662 -0.994562 0.07511103 0.07214528 0.1514301 0.9872912 -0.04821974 0.1513718 0.986662 0.05987197 0.1514227 0.9872615 -0.04884463 0.1514254 0.9872706 -0.04865318 0.9859106 -0.08630388 -0.1432898 0.7174413 -0.6568484 -0.2320091 -0.9961432 0.08049947 -0.03490859 -0.8756315 -0.4761886 -0.08070987 0.1513788 0.9869022 -0.05575567 0.15136 0.9868751 -0.05628222 0.1495242 0.9751172 -0.1636732 0.9711779 -0.09922754 -0.2167199 0.94815 -0.2038831 -0.2438097 -0.1726257 -0.9558192 -0.2379289 -0.1588393 -0.9581037 -0.2383436 0.976746 -0.1509926 0.1522125 -0.1413294 -0.9896765 -0.02379947 -0.1413868 -0.9896681 -0.02380639 -0.991248 -0.03354048 0.1276812 -0.1516783 -0.9814878 -0.1169422 -0.1654869 -0.9792878 -0.1166598 0.1670165 0.9839187 0.06331998 0.1670578 0.9841536 0.0594443 0.165215 0.9842077 0.06355613 -0.1533165 0.9864203 0.05889803 -0.1513615 0.9866645 0.05985605 -0.1649639 0.9842115 0.06414663 -0.1670141 0.9839195 0.06331455 -0.992731 -0.09244954 0.07706111 -0.7846229 -0.6185816 0.04151976 -0.9846727 -0.0723468 0.1587001 -0.9834603 -0.08305525 0.1609589 -0.9947708 -0.09262734 -0.04302668 -0.7357289 -0.6705092 -0.09550142 0.9869434 0.08127254 -0.1390599 0.8646169 -0.4573112 -0.2080971 0.9718463 -0.01887732 -0.2348583 0.97245 -0.004947066 -0.2330592 0.9702137 0.1077285 -0.2169792 0.9869347 0.08128613 -0.1391136 0.9945652 0.07510507 0.07210749 0.98663 0.08332294 0.1400662 0.9880672 0.06999498 0.1372008 0.900349 -0.4341557 0.02967649 -0.1514235 0.9872725 -0.04862022 -0.1514126 0.9872441 -0.04922759 -0.9859067 -0.08634924 -0.1432898 -0.7174249 -0.6568714 -0.2319948 0.8756171 -0.4762178 -0.08069312 0.9961441 0.08049827 -0.03488713 -0.151377 0.9869023 -0.05575823 -0.1495229 0.9751171 -0.1636756 -0.1513587 0.9868779 -0.05623674 -0.9711835 -0.09922838 -0.2166943 -0.9481632 -0.2038633 -0.2437751 0.1726055 -0.9558246 -0.2379214 0.1588362 -0.9581015 -0.2383541 0.1413411 -0.9896748 -0.02380484 -0.97675 -0.1509657 0.1522132 0.9912466 -0.03359597 0.1276782 0.14134 -0.9896745 -0.02382171 0.1516834 -0.9814881 -0.1169334 0.1654769 -0.9792869 -0.1166816 -0.1670145 0.9839223 0.06327193 -0.165023 0.9842079 0.06404972 -0.1670532 0.9841544 0.05944406 0.1584229 0.9858695 -0.05443954 0.15596 0.983474 -0.09195333 0.1525698 0.9561023 -0.2501816 0.1606769 0.9646301 -0.2089775 0.1338468 0.8556469 0.4999537 0.1341394 0.8665541 0.4807191 0.09063088 0.5881294 0.8036728 0.09072345 0.5904987 0.8019232 0.08955216 0.5843117 0.8065732 1 -6.44781e-6 -2.59828e-6 1 3.02793e-5 -7.7301e-6 -1 1.51907e-5 1.39804e-5 -1 -7.82211e-6 1.12174e-6 -0.1552515 -0.985887 -0.0626412 -0.1601267 -0.9860072 -0.04635947 -0.1511179 -0.9860174 -0.07023721 -0.1557625 -0.9873182 -0.03067415 -0.1518154 -0.9881328 -0.02335941 -0.1583287 0.9860692 -0.05098873 -0.1606777 0.96463 -0.2089779 -0.1525704 0.9561021 -0.2501822 -0.1559607 0.9834737 -0.09195476 -0.1338464 0.8556455 0.4999558 -0.1341415 0.86656 0.4807077 -0.09063017 0.5881332 0.8036701 -0.09072244 0.5904992 0.8019229 -0.08955824 0.5843387 0.806553 -1 -5.80359e-5 1.34743e-5 -1 4.80896e-5 -1.3056e-6 1 1.85671e-5 1.32468e-5 1 -3.91106e-6 1.17067e-6 0.1552538 -0.9858865 -0.06264257 0.151121 -0.9860169 -0.07023721 0.1601274 -0.986007 -0.04636228 0.1518138 -0.9881331 -0.02335941 0.1557617 -0.9873183 -0.03067547 0.4725721 0.006520032 0.8812679 0.2112798 0.8306336 0.5151784 0.3123471 0.7913472 0.5255559 0.5993262 0.01438474 0.8003758 0.5089597 -0.5902712 0.6265302 0.3495625 -0.7717768 0.5311938 0.4716032 0.02005904 0.8815827 0.5993732 0.01440817 0.8003401 0.2703318 -0.8924005 0.361306 0.4625682 -0.7932921 0.3958768 0.1215245 0.9608931 0.2488297 0.04907917 0.9793008 0.1963701 -7.30911e-4 0.9904131 0.1381354 0.528594 0.5848119 0.6152914 0.7077232 -0.02341175 0.706102 0.7085073 -0.03690755 0.7047377 0.6370304 -0.549144 0.5409559 0.03232705 0.9803926 0.1943847 0.03228211 0.9804041 0.194334 -0.003647863 0.9918727 0.127183 -8.44902e-4 0.9904731 0.1377043 0.4707445 0.0355497 0.8815531 0.4707174 0.03556722 0.881567 0.1816401 0.8688515 0.4605475 0.4696289 0.04912018 0.8814964 0.3208382 -0.8219659 0.4705686 0.2441463 -0.9198908 0.3069098 0.9631334 0.003704965 -0.2689988 0.9611293 0.004360616 -0.2760646 0.9560988 0.02745527 -0.2917558 0.9569271 -0.02190119 -0.2895015 0.955814 -0.02049708 -0.293257 0.9535407 0.0167104 -0.3008005 0.9536469 0.01739919 -0.3004245 -0.995428 0.0303424 0.0905686 -0.9925844 0.07284337 0.09731513 -0.9944406 0.06304359 0.08434128 -0.9948142 0.06063681 0.08165758 -0.9956384 0.01733112 0.09167319 -0.9956382 0.01734238 0.09167253 -0.9954285 0.03032016 0.09056991 -0.9959294 -0.02828663 0.08558326 -0.9959994 -0.03005093 0.08415538 -0.3782391 0.7046152 -0.6003772 -0.4569579 0.4924076 -0.7407592 -0.3705918 0.7254746 -0.5799555 -0.1003805 -0.9377987 -0.3323511 -0.08677369 -0.9515864 -0.2948794 -0.08806121 -0.9503578 -0.2984381 -0.08807957 -0.9503375 -0.2984973 -0.1014619 -0.9366241 -0.3353222 -0.1003695 -0.9378094 -0.3323245 -0.3703067 0.7264084 -0.5789678 -0.380622 0.6997645 -0.60453 -0.4620568 0.4731959 -0.7500594 -0.4585644 0.4864823 -0.7436759 -0.4725796 0.006518363 0.8812639 -0.5994282 0.01441031 0.8002989 -0.312326 0.7913757 0.5255255 -0.2112815 0.8306321 0.5151801 -0.5089604 -0.5902764 0.6265246 -0.5993523 0.01439696 0.8003559 -0.4716152 0.02005302 0.8815764 -0.3495636 -0.7717776 0.5311918 -0.270334 -0.8923991 0.3613082 -0.4625689 -0.7932887 0.3958829 -0.121527 0.9608915 0.248835 8.43658e-4 0.9904714 0.1377163 -0.04908096 0.9792994 0.1963769 -0.5285773 0.5848213 0.6152969 -0.7077586 -0.02338582 0.7060673 -0.6370251 -0.5491317 0.5409746 -0.7085137 -0.03688263 0.7047325 0.003647744 0.9918727 0.1271829 -0.0323109 0.9803968 0.1943662 -0.1816502 0.8688384 0.4605682 -0.4707053 0.03555488 0.8815738 -0.4696032 0.04912567 0.8815099 -0.320841 -0.8219636 0.4705709 -0.2441475 -0.9198905 0.3069095 -0.9631313 0.0037207 -0.2690061 -0.9560982 0.02740669 -0.2917621 -0.9611267 0.004360258 -0.2760736 -0.9569315 -0.02195149 -0.2894828 -0.9631338 0.003651261 -0.2689984 -0.9611279 0.004309475 -0.2760702 -0.9558169 -0.02054595 -0.2932437 -0.9536444 0.01737856 -0.3004337 -0.9535383 0.01669275 -0.3008092 0.9954299 0.0303142 0.09055668 0.9948121 0.0606687 0.08165913 0.9944393 0.06307137 0.0843361 0.9925874 0.07284021 0.09728688 0.9956419 0.01727098 0.09164577 0.9959281 -0.0283522 0.08557766 0.9959961 -0.03006339 0.08418977 0.3784837 0.7039162 -0.6010426 0.3705931 0.7254658 -0.5799658 0.4585629 0.4864913 -0.7436709 0.1003912 -0.937789 -0.3323755 0.1014624 -0.9366242 -0.3353214 0.08808505 -0.9503384 -0.2984927 0.08677417 -0.9515866 -0.2948786 0.3705034 0.7257658 -0.5796476 0.3782322 0.704632 -0.6003618 0.3703074 0.7264102 -0.5789653 0.4620584 0.4731978 -0.7500573 0.1614814 -0.9851108 -0.0589962 0.1574589 -0.985903 -0.05658519 0.1657742 -0.9842398 -0.06157004 0.1687043 -0.9836302 -0.06332743 -0.1614815 0.9851108 0.0589962 -0.1687044 0.9836302 0.06332743 -0.1657743 0.9842398 0.06157004 -0.1574589 0.985903 0.05658525 -0.1331025 0.4930495 -0.8597593 -0.1465868 0.9891845 0.005134642 -0.145619 0.9891901 0.01726859 -0.133717 0.4982505 -0.8566599 0.004480719 0.4933058 0.8698444 0.004545807 0.4935964 0.8696792 0.1669979 -0.492533 0.8541212 0.1664577 -0.4877698 0.8569554 0.1789109 -0.9836532 -0.02043211 0.179862 -0.9836564 -0.008360087 0.0287466 -0.4878836 -0.8724352 0.02982002 -0.4930185 -0.8695077 0.2104783 -0.9289867 -0.3044384 0.1618298 -0.9808536 -0.1083393 0.3563274 0.07083886 -0.931672 0.3563131 0.07090401 -0.9316725 -0.08517783 0.9914849 -0.09850174 -0.1035189 0.9926007 -0.06346565 -0.3444401 -0.06895112 0.9362729 -0.3444393 -0.06898885 0.9362704 -0.2581359 -0.9636281 -0.06918621 -0.5730248 -0.8180882 0.04872786 -0.6356067 0.7401943 0.2193548 -0.8002187 0.5738298 0.1742687 -0.1529334 -0.4506838 0.879486 -0.1529321 -0.4506841 0.879486 0.9694817 0.1041301 0.2219506 -0.01116353 0.923232 -0.3840808 -0.01119494 0.9232207 -0.3841071 -0.9694852 -0.1041476 -0.2219274 0.1596745 -0.9846792 -0.07007849 0.1648669 -0.983156 -0.07888823 0.1646419 -0.9830715 -0.0803976 0.1663732 -0.9826647 -0.08179265 0.1761358 -0.9803974 -0.08830279 0.1664407 -0.9829373 -0.07830607 0.1569484 -0.9855155 -0.06423729 -0.1596745 0.9846792 0.07007849 -0.1569484 0.9855155 0.06423729 -0.1664407 0.9829373 0.07830601 -0.1761358 0.9803974 0.08830261 -0.1663732 0.9826647 0.08179259 -0.1646419 0.9830715 0.0803976 -0.1648669 0.983156 0.07888823 0.2928349 0.08861857 -0.9520476 0.2928349 0.0886209 -0.9520473 0.2941636 0.08855456 -0.9516438 0.2941645 0.0885536 -0.9516437 0.2941645 0.08855634 -0.9516434 0.2927899 0.08862042 -0.9520612 -0.3832986 0.9221981 -0.05131161 -0.3844507 0.921693 -0.05176752 0.3979016 0.889792 0.2234827 0.4006979 0.8883221 0.2243328 0.4018095 0.8877338 0.224673 -0.3832719 0.9222077 -0.05133968 -0.3681254 -0.08456754 0.9259223 -0.3681253 -0.08456671 0.9259224 -0.367011 -0.08463156 0.9263588 -0.3670114 -0.08463042 0.9263587 -0.3670114 -0.08463251 0.9263584 -0.3681261 -0.0845859 0.9259203 -0.4195576 -0.878085 -0.2300832 -0.4183942 -0.8787286 -0.229744 0.3635414 -0.9305623 0.04349273 0.3664208 -0.9293779 0.0446397 0.3652363 -0.9298661 0.04417818 -0.4195407 -0.8781031 -0.2300449 -0.9424555 0.05112951 -0.3303987 -0.9424552 0.05109834 -0.3304045 -0.3680902 -0.08456814 0.9259363 -0.3680901 -0.08456641 0.9259364 -0.3337597 -0.08650171 0.938681 0.2928474 0.08861786 -0.9520438 0.2928474 0.08861631 -0.9520439 0.3337615 0.08649808 -0.9386807 0.2941805 0.08855587 -0.9516385 0.2941803 0.08855152 -0.9516389 0.3337658 0.08650076 -0.9386789 0.9424579 -0.05111968 0.3303936 0.942458 -0.05109113 0.3303976 -0.3670167 -0.08462983 0.9263566 -0.3670166 -0.08462589 0.9263571 -0.3337559 -0.08649969 0.9386826 0.3287088 0.08723801 -0.9403936 0.3287087 0.08723759 -0.9403936 -0.1078726 -0.985735 -0.1291902 -0.1078727 -0.9857349 -0.1291906 -0.3488436 -0.0842669 0.9333848 -0.3488423 -0.08426457 0.9333856 0.09504824 0.9876185 0.1248028 0.09504806 0.9876183 0.1248035 0.9371817 -0.1376315 0.3205437 0.9371814 -0.1376314 0.3205443 -0.2376013 0.9504503 -0.2004747 -0.08289933 -0.3858907 0.9188123 -0.06047421 -0.4438721 0.8940473 -0.2237033 0.9413091 -0.252773 0.309819 -0.4367629 -0.8445415 0.3115724 -0.4470977 -0.8384666 -0.1585832 0.9863035 0.04535329 -0.1614728 0.9858952 0.04401415 -0.1475787 0.9880592 0.04426836 -0.1450962 0.9883959 0.04495126 -0.9926779 -0.1206493 -0.005859971 -0.7510697 -0.6601853 -0.007050514 -0.7457345 -0.6661885 0.008541822 -0.9914203 -0.1307091 -9.34019e-4 0.9454311 0.1000325 -0.3100864 0.9732933 0.101262 -0.2060251 0.8583179 -0.455435 -0.2363669 0.9434026 -0.05335634 -0.3273298 -0.1685234 0.9845458 -0.04764014 -0.167598 0.9846827 -0.04807144 -0.9917685 -0.1191813 -0.0468086 -0.7488443 -0.657995 -0.07921427 0.98563 0.1689037 0.002263188 0.8850898 -0.4652943 0.01083159 0.8886852 -0.4584681 -0.006756365 0.9934235 0.1144416 0.003621995 0.8899444 -0.4490007 -0.07998472 0.9921385 0.1103339 -0.05905669 -0.1558551 0.9729999 -0.1702362 -0.1519317 0.9739984 -0.1680594 -0.1674593 0.9845239 -0.05167448 -0.1685649 0.9843125 -0.05210393 -0.9664109 -0.1623978 -0.1991906 -0.727261 -0.6460954 -0.2316297 0.109157 -0.9735254 -0.2008309 -0.9155046 -0.2571451 -0.309399 0.0952593 -0.974991 -0.2007941 0.08139127 -0.9965296 0.01744294 0.1146371 -0.9933536 -0.01034051 0.1207141 -0.9892099 -0.08301818 0.1283374 -0.9916754 -0.01046347 0.09495359 -0.9953277 0.01751142 0.1344907 -0.9874414 -0.08289647 0.9921346 0.110343 -0.05910605 -0.1507368 0.9663428 -0.2084712 -0.9464846 -0.1226512 -0.2985358 0.1585873 0.9863025 0.04535865 0.1451023 0.9883938 0.04497802 0.1475844 0.9880571 0.04429566 0.161374 0.9859107 0.04403138 0.9926724 -0.1206982 -0.005794644 0.9914195 -0.1307173 -7.69827e-4 0.7457008 -0.6662247 0.008661329 0.7510845 -0.6601691 -0.006991684 -0.9454311 0.1001191 -0.3100584 -0.9434217 -0.0532484 -0.3272922 -0.8583226 -0.455425 -0.2363692 -0.9732889 0.1012745 -0.2060397 0.1682239 0.9847534 -0.04429084 0.1614834 0.9858934 0.04401814 0.1675931 0.9846928 -0.04788178 0.1685149 0.9845483 -0.04761826 0.9917701 -0.1191692 -0.04680627 0.7488493 -0.6579896 -0.07921236 -0.9856333 0.1688864 0.002107799 -0.9934267 0.1144151 0.003552377 -0.8886771 -0.4584828 -0.006825447 -0.8851092 -0.4652609 0.0106889 -0.9856317 0.1688961 0.002102196 -0.9921339 0.1103503 -0.05910319 -0.8899487 -0.4489901 -0.07999545 0.1558559 0.9729989 -0.170242 0.1685642 0.9842705 -0.05289381 0.1674523 0.9845284 -0.05161094 0.1519406 0.9739949 -0.1680716 0.9664129 -0.1623932 -0.199185 0.7280895 -0.6452241 -0.2314556 -0.1091682 -0.9735203 -0.2008494 -0.0814411 -0.9965263 0.01740097 -0.1146467 -0.9933525 -0.0103476 -0.120688 -0.9892149 -0.08299583 -0.1283291 -0.9916763 -0.01048052 -0.09495812 -0.9953293 0.01739418 -0.1344984 -0.9874401 -0.08289939 0.1507455 0.9663354 -0.2084991 0.9464637 -0.1227679 -0.2985538 -0.09536069 -0.9750143 -0.2006328 -0.1509909 0.9746111 -0.1653335 -0.139891 0.9809161 -0.1350343 -0.1432697 0.979118 -0.1442289 -0.1543146 0.9724974 -0.1744587 0.1509908 -0.9746111 0.1653334 0.1543145 -0.9724975 0.1744587 0.1432696 -0.979118 0.1442288 0.1398909 -0.9809161 0.1350343 0.1509899 0.9746111 -0.1653337 0.1543136 0.9724975 -0.174459 0.1432689 0.979118 -0.1442291 0.1398903 0.9809162 -0.1350345 -0.1509898 -0.9746111 0.1653337 -0.1398902 -0.9809162 0.1350344 -0.1432688 -0.979118 0.144229 -0.1543136 -0.9724976 0.174459 0.9963126 -0.08578538 -0.001484334 0.9715216 -0.2369512 1.0651e-5 0.9725074 -0.2328659 -0.00165522 0.9972531 -0.07382857 -0.005980253 -0.9963133 0.08577686 0.001486539 -0.997253 0.07382911 0.005980253 -0.9732313 0.2298218 0.001738429 -0.161481 -0.9851107 -0.05900025 -0.1687033 -0.9836303 -0.06333094 -0.1657734 -0.9842398 -0.06157374 -0.1574587 -0.9859029 -0.0565896 0.1614809 0.9851107 0.05900019 0.1574586 0.9859029 0.05658948 0.1657733 0.9842398 0.06157374 0.1687032 0.9836303 0.06333094 -0.1596752 -0.9846788 -0.07008427 -0.1569488 -0.9855149 -0.06424593 -0.1664317 -0.9829383 -0.07831257 -0.1761068 -0.980403 -0.08829754 -0.1663708 -0.9826645 -0.08180046 -0.1646412 -0.9830721 -0.08038973 -0.1648664 -0.9831568 -0.07887792 0.1596752 0.9846788 0.07008427 0.1648664 0.9831568 0.07887792 0.1646412 0.9830721 0.08038973 0.1663708 0.9826645 0.08180052 0.1761068 0.980403 0.08829772 0.1664317 0.9829383 0.07831263 0.1569488 0.9855149 0.06424593 0.1331183 0.4930822 -0.8597381 0.1337232 0.4982385 -0.8566659 0.1456205 0.9891907 0.01722335 0.146591 0.9891842 0.005097806 -0.004551529 0.4936092 0.869672 -0.00471878 0.492653 0.870213 -0.1664636 -0.4877461 0.8569676 -0.166256 -0.490083 0.8556739 -0.1798795 -0.983654 -0.008261144 -0.1789101 -0.9836533 -0.02042973 -0.02983087 -0.4930672 -0.8694798 -0.02872383 -0.4878377 -0.8724617 -0.1618006 -0.9808701 -0.1082342 -0.2104805 -0.9289815 -0.3044525 -0.3563198 0.07086241 -0.9316731 -0.3563257 0.07083529 -0.931673 0.1035231 0.992601 -0.06345206 0.08518111 0.9914857 -0.09848994 0.344434 -0.06895166 0.936275 0.3444325 -0.06899017 0.9362728 0.5730261 -0.8180866 0.04873973 0.2581228 -0.9636329 -0.06916928 0.8002763 0.573757 0.174244 0.6355406 0.7402504 0.219357 0.1528943 -0.4506701 0.8794998 0.1529277 -0.4506627 0.8794977 -0.969494 0.104109 0.2219073 0.01127624 0.9232116 -0.3841266 0.01118171 0.923248 -0.384042 0.9694962 -0.1041212 -0.2218917 -0.2928318 0.08861726 -0.9520486 -0.2941606 0.08854931 -0.9516453 -0.2941606 0.08855032 -0.9516452 -0.294161 0.0885384 -0.9516461 -0.2928326 0.08861798 -0.9520483 -0.2928326 0.08861649 -0.9520484 0.3832913 0.922202 -0.05129587 -0.3990006 0.8892118 0.2238327 -0.3979031 0.8897947 0.2234694 0.3844395 0.9216973 -0.05177408 0.3681215 -0.08455711 0.9259248 0.3670071 -0.08462059 0.9263613 0.3670071 -0.0846216 0.9263612 0.367008 -0.08461993 0.9263609 0.3681224 -0.08455723 0.9259244 0.3681224 -0.08455646 0.9259244 0.4195179 -0.8780997 -0.2300993 -0.3623737 -0.9310385 0.04304361 -0.3635334 -0.9305639 0.04352521 0.4183914 -0.8787325 -0.2297345 0.4184201 -0.8787224 -0.229721 0.9424579 0.05109542 -0.3303974 0.9424585 0.05112898 -0.3303904 0.4195417 -0.8780876 -0.2301021 0.368083 -0.08455973 0.9259399 0.3337524 -0.08649462 0.9386842 0.368083 -0.08455806 0.92594 0.3844467 0.9216933 -0.05179136 0.3832994 0.9221988 -0.05129241 -0.2928495 0.08861583 -0.9520433 -0.3337634 0.08649033 -0.9386807 -0.2928494 0.0886144 -0.9520435 -0.2941703 0.08854693 -0.9516425 -0.3337557 0.08649307 -0.9386832 -0.2941703 0.08854943 -0.9516422 -0.4045956 0.8862472 0.2255405 -0.9424586 -0.05110025 0.3303947 -0.9424581 -0.05113065 0.3303915 -0.4035061 0.8868387 0.2251672 0.3670173 -0.0846247 0.9263569 0.3337564 -0.08649051 0.9386832 0.3670172 -0.08462089 0.9263573 -0.368189 -0.9286601 0.04502737 -0.3692532 -0.9282004 0.0457859 -0.328695 0.08724147 -0.9403981 -0.3286955 0.08723902 -0.9403982 0.1078728 -0.9857354 -0.129187 0.1078726 -0.9857351 -0.1291895 0.3488391 -0.08426266 0.9333869 0.3488397 -0.08426308 0.9333868 -0.09504836 0.9876187 0.1248003 -0.09504806 0.9876186 0.1248015 -0.9371821 -0.1376293 0.3205433 -0.9371826 -0.1376252 0.3205438 0.2933861 0.955496 -0.03085821 0.281388 0.9558606 -0.08456629 -0.001978099 -0.5871102 0.8095047 0.02218276 -0.5352877 0.8443785 -0.2952966 -0.2851741 -0.9118528 -0.2927819 -0.2741793 -0.9160265</float_array>
          <technique_common>
            <accessor source="#geometry_d17d45e1_6e74_4e6a_a2d2_8d78c13a2e93-mesh-normals-array" count="2573" stride="3">
              <param name="X" type="float"/>
              <param name="Y" type="float"/>
              <param name="Z" type="float"/>
            </accessor>
          </technique_common>
        </source>
        <source id="geometry_d17d45e1_6e74_4e6a_a2d2_8d78c13a2e93-mesh-map-0">
          <float_array id="geometry_d17d45e1_6e74_4e6a_a2d2_8d78c13a2e93-mesh-map-0-array" count="15558">0.89983 0.27131 0.89983 0.2831 0.88104 0.28275 0.88104 0.28275 0.88153 0.27131 0.89983 0.27131 0.89983 0.2831 0.89983 0.29333 0.88061 0.29274 0.88061 0.29274 0.88104 0.28275 0.89983 0.2831 0.88026 0.30073 0.88061 0.29274 0.89983 0.29333 0.89983 0.29333 0.89983 0.30144 0.88026 0.30073 0.88002 0.30749 0.88026 0.30073 0.89983 0.30144 0.89983 0.30144 0.89983 0.30772 0.88002 0.30749 0.87993 0.31348 0.88002 0.30749 0.89983 0.30772 0.89983 0.30772 0.89983 0.31348 0.87993 0.31348 0.89983 0.22578 0.89983 0.23185 0.88323 0.23234 0.88323 0.23234 0.88335 0.22652 0.89983 0.22578 0.89983 0.23185 0.89983 0.23829 0.88296 0.23897 0.88296 0.23897 0.88323 0.23234 0.89983 0.23185 0.89983 0.23829 0.89983 0.2487199 0.88251 0.24908 0.88251 0.24908 0.88296 0.23897 0.89983 0.23829 0.89983 0.2487199 0.89983 0.26022 0.88202 0.26044 0.88202 0.26044 0.88251 0.24908 0.89983 0.2487199 0.89983 0.26022 0.89983 0.27131 0.88153 0.27131 0.88153 0.27131 0.88202 0.26044 0.89983 0.26022 0.88153 0.27131 0.88104 0.28275 0.86319 0.28199 0.86319 0.28199 0.86409 0.2713 0.88153 0.27131 0.88104 0.28275 0.88061 0.29274 0.86239 0.29122 0.86239 0.29122 0.86319 0.28199 0.88104 0.28275 0.88061 0.29274 0.88026 0.30073 0.8618 0.29807 0.8618 0.29807 0.86239 0.29122 0.88061 0.29274 0.86137 0.3051 0.8618 0.29807 0.88026 0.30073 0.88026 0.30073 0.88002 0.30749 0.86137 0.3051 0.86119 0.31046 0.86137 0.3051 0.88002 0.30749 0.88002 0.30749 0.87993 0.31348 0.86119 0.31046 0.88335 0.22652 0.88323 0.23234 0.86718 0.23597 0.86718 0.23597 0.86738 0.2305099 0.88335 0.22652 0.88323 0.23234 0.88296 0.23897 0.86673 0.24124 0.86673 0.24124 0.86718 0.23597 0.88323 0.23234 0.88296 0.23897 0.88251 0.24908 0.86592 0.25058 0.86592 0.25058 0.86673 0.24124 0.88296 0.23897 0.88251 0.24908 0.88202 0.26044 0.86502 0.26098 0.86502 0.26098 0.86592 0.25058 0.88251 0.24908 0.88202 0.26044 0.88153 0.27131 0.86409 0.2713 0.86409 0.2713 0.86502 0.26098 0.88202 0.26044 0.86409 0.2713 0.86319 0.28199 0.85774 0.28058 0.85774 0.28058 0.85852 0.2713 0.86409 0.2713 0.86319 0.28199 0.86239 0.29122 0.85701 0.28899 0.85701 0.28899 0.85774 0.28058 0.86319 0.28199 0.85653 0.29466 0.85701 0.28899 0.86239 0.29122 0.86239 0.29122 0.8618 0.29807 0.85653 0.29466 0.85614 0.30199 0.85653 0.29466 0.8618 0.29807 0.8618 0.29807 0.86137 0.3051 0.85614 0.30199 0.86137 0.3051 0.86119 0.31046 0.85597 0.3076 0.85597 0.3076 0.85614 0.30199 0.86137 0.3051 0.86738 0.2305099 0.86718 0.23597 0.8612 0.24059 0.8612 0.24059 0.86137 0.2357299 0.86738 0.2305099 0.86718 0.23597 0.86673 0.24124 0.86084 0.24489 0.86084 0.24489 0.8612 0.24059 0.86718 0.23597 0.86673 0.24124 0.86592 0.25058 0.86015 0.25283 0.86015 0.25283 0.86084 0.24489 0.86673 0.24124 0.86592 0.25058 0.86502 0.26098 0.85937 0.26185 0.85937 0.26185 0.86015 0.25283 0.86592 0.25058 0.86502 0.26098 0.86409 0.2713 0.85852 0.2713 0.85852 0.2713 0.85937 0.26185 0.86502 0.26098 0.79829 0.96797 0.79896 0.95978 0.7882 0.95979 0.7882 0.95979 0.78742 0.96907 0.79829 0.96797 0.7976 0.97583 0.79829 0.96797 0.78742 0.96907 0.78742 0.96907 0.7867 0.97747 0.7976 0.97583 0.79715 0.98109 0.7976 0.97583 0.7867 0.97747 0.7867 0.97747 0.78621 0.98314 0.79715 0.98109 0.79682 0.98781 0.79715 0.98109 0.78621 0.98314 0.78621 0.98314 0.78583 0.99047 0.79682 0.98781 0.79665 0.99337 0.79682 0.98781 0.78583 0.99047 0.78583 0.99047 0.78565 0.99605 0.79665 0.99337 0.80135 0.9325 0.80147 0.9281 0.79105 0.92421 0.79105 0.92421 0.79088 0.92908 0.80135 0.9325 0.80106 0.93597 0.80135 0.9325 0.79088 0.92908 0.79088 0.92908 0.79052 0.93337 0.80106 0.93597 0.80048 0.94266 0.80106 0.93597 0.79052 0.93337 0.79052 0.93337 0.78983 0.94132 0.80048 0.94266 0.79976 0.95102 0.80048 0.94266 0.78983 0.94132 0.78983 0.94132 0.78905 0.95033 0.79976 0.95102 0.79896 0.95978 0.79976 0.95102 0.78905 0.95033 0.78905 0.95033 0.7882 0.95979 0.79896 0.95978 0.82 0.96873 0.82 0.95979 0.79896 0.95978 0.79896 0.95978 0.79829 0.96797 0.82 0.96873 0.82001 0.97703 0.82 0.96873 0.79829 0.96797 0.79829 0.96797 0.7976 0.97583 0.82001 0.97703 0.82002 0.98304 0.82001 0.97703 0.7976 0.97583 0.7976 0.97583 0.79715 0.98109 0.82002 0.98304 0.82003 0.99049 0.82002 0.98304 0.79715 0.98109 0.79715 0.98109 0.79682 0.98781 0.82003 0.99049 0.82003 0.99634 0.82003 0.99049 0.79682 0.98781 0.79682 0.98781 0.79665 0.99337 0.82003 0.99634 0.81996 0.93169 0.81997 0.92728 0.80147 0.9281 0.80147 0.9281 0.80135 0.9325 0.81996 0.93169 0.81998 0.93529 0.81996 0.93169 0.80135 0.9325 0.80135 0.9325 0.80106 0.93597 0.81998 0.93529 0.81998 0.94221 0.81998 0.93529 0.80106 0.93597 0.80106 0.93597 0.80048 0.94266 0.81998 0.94221 0.81999 0.9508 0.81998 0.94221 0.80048 0.94266 0.80048 0.94266 0.79976 0.95102 0.81999 0.9508 0.82 0.95979 0.81999 0.9508 0.79976 0.95102 0.79976 0.95102 0.79896 0.95978 0.82 0.95979 0.89983 0.27131 0.93084 0.27221 0.89983 0.2831 0.93084 0.28269 0.93084 0.29233 0.89983 0.29333 0.89983 0.29333 0.89983 0.2831 0.93084 0.28269 0.89983 0.29333 0.93084 0.29578 0.89983 0.30144 0.93084 0.30027 0.93084 0.30737 0.89983 0.30772 0.89983 0.30772 0.89983 0.30144 0.93084 0.30027 0.93084 0.30737 0.93084 0.31348 0.89983 0.31348 0.89983 0.31348 0.89983 0.30772 0.93084 0.30737 0.93084 0.22773 0.93084 0.23385 0.89983 0.23185 0.89983 0.23185 0.89983 0.22578 0.93084 0.22773 0.89983 0.23185 0.93084 0.23385 0.93084 0.23982 0.93084 0.23982 0.89983 0.23829 0.89983 0.23185 0.89983 0.23829 0.93084 0.24317 0.89983 0.2487199 0.93084 0.24952 0.93084 0.26441 0.89983 0.26022 0.89983 0.26022 0.89983 0.2487199 0.93084 0.24952 0.93084 0.30737 0.94128 0.30704 0.94127 0.31348 0.94127 0.31348 0.93084 0.31348 0.93084 0.30737 0.97245 0.28015 0.95654 0.28138 0.95657 0.27734 0.95654 0.29032 0.95654 0.28138 0.97245 0.28015 0.97245 0.28015 0.97259 0.28812 0.95654 0.29032 0.95654 0.29032 0.97259 0.28812 0.97271 0.29467 0.97271 0.29467 0.95654 0.29795 0.95654 0.29032 0.97271 0.29467 0.97278 0.29949 0.95654 0.30384 0.97271 0.29467 0.95654 0.30384 0.95654 0.30103 0.97271 0.29467 0.95654 0.30103 0.95654 0.29795 0.98829 0.30372 0.98832 0.31348 0.96373 0.31348 0.96373 0.31348 0.96373 0.30625 0.98829 0.30372 0.97177 0.23743 0.9718 0.2426 0.95654 0.23871 0.95654 0.23871 0.95654 0.2332 0.97177 0.23743 0.97188 0.24716 0.97201 0.25451 0.95654 0.25221 0.95654 0.25221 0.95654 0.24391 0.97188 0.24716 0.97201 0.25451 0.97215 0.26297 0.95654 0.26019 0.95654 0.26019 0.95654 0.25221 0.97201 0.25451 0.97215 0.26297 0.9723 0.27131 0.95654 0.26866 0.95654 0.26866 0.95654 0.26019 0.97215 0.26297 0.86286 0.85544 0.86301 0.8466 0.88716 0.84571 0.88716 0.84571 0.88719 0.85444 0.86286 0.85544 0.86272 0.86342 0.86286 0.85544 0.88719 0.85444 0.88719 0.85444 0.88722 0.86174 0.86272 0.86342 0.86261 0.86997 0.86272 0.86342 0.88722 0.86174 0.88722 0.86174 0.88723 0.86884 0.86261 0.86997 0.86253 0.87524 0.86261 0.86997 0.88723 0.86884 0.88723 0.86884 0.88723 0.88442 0.86253 0.87524 0.8871 0.81577 0.8871 0.81956 0.86352 0.8179 0.86352 0.8179 0.86355 0.81385 0.8871 0.81577 0.8871 0.81956 0.8871 0.82378 0.86343 0.82245 0.86343 0.82245 0.86352 0.8179 0.8871 0.81956 0.86331 0.82981 0.86343 0.82245 0.8871 0.82378 0.8871 0.82378 0.88713 0.83075 0.86331 0.82981 0.86316 0.83826 0.86331 0.82981 0.88713 0.83075 0.88713 0.83075 0.88715 0.83862 0.86316 0.83826 0.86301 0.8466 0.86316 0.83826 0.88715 0.83862 0.88715 0.83862 0.88716 0.84571 0.86301 0.8466 0.88798 0.96938 0.88796 0.97286 0.82468 0.97626 0.82468 0.97626 0.8247 0.96938 0.88798 0.96938 0.88796 0.97286 0.88794 0.97559 0.82465 0.9820001 0.82465 0.9820001 0.82468 0.97626 0.88796 0.97286 0.88793 0.97745 0.85374 0.98227 0.88794 0.97559 0.87159 0.98127 0.87105 0.98114 0.88793 0.97745 0.88793 0.97745 0.88792 0.97812 0.87159 0.98127 0.82475 0.94879 0.82475 0.94552 0.88803 0.95816 0.88803 0.95816 0.88803 0.9611 0.82475 0.94879 0.82475 0.94879 0.88803 0.9611 0.82475 0.95211 0.82473 0.9576 0.82475 0.95211 0.88803 0.9611 0.88803 0.9611 0.88801 0.96291 0.82473 0.9576 0.82471 0.9638 0.82473 0.9576 0.88801 0.96291 0.88801 0.96291 0.8880001 0.966 0.82471 0.9638 0.8880001 0.966 0.88798 0.96938 0.8247 0.96938 0.8247 0.96938 0.82471 0.9638 0.8880001 0.966 0.87105 0.98114 0.85374 0.98227 0.88793 0.97745 0.85374 0.98227 0.87105 0.98114 0.82464 0.99647 0.82464 0.99647 0.82464 0.9876 0.85374 0.98227 0.86253 0.87524 0.88723 0.88442 0.88723 0.88442 0.88723 0.88442 0.86249 0.88066 0.86253 0.87524 0.85374 0.98227 0.82464 0.9876 0.82465 0.9820001 0.85374 0.98227 0.82465 0.9820001 0.88794 0.97559 0.94127 0.31348 0.94128 0.30704 0.96373 0.30625 0.96373 0.30625 0.96373 0.31348 0.94127 0.31348 0.94128 0.30704 0.95654 0.30384 0.96373 0.30625 0.96373 0.30625 0.95654 0.30384 0.97278 0.29949 0.97278 0.29949 0.98829 0.30372 0.96373 0.30625 0.86253 0.87524 0.86249 0.88066 0.84297 0.88145 0.84297 0.88145 0.8430001 0.8766 0.86253 0.87524 0.95654 0.26866 0.95657 0.27734 0.94893 0.27233 0.95657 0.27734 0.9723 0.27131 0.97245 0.28015 0.89983 0.27131 0.93084 0.26441 0.93084 0.27221 0.93084 0.26441 0.89983 0.27131 0.89983 0.26022 0.93084 0.28269 0.89983 0.2831 0.93084 0.27221 0.94893 0.27233 0.93084 0.27221 0.93084 0.26441 0.93084 0.26441 0.94895 0.26515 0.94893 0.27233 0.95657 0.27734 0.95654 0.26866 0.9723 0.27131 0.95654 0.26019 0.95654 0.26866 0.94895 0.26515 0.95654 0.26866 0.94893 0.27233 0.94895 0.26515 0.97188 0.24716 0.95654 0.24391 0.95654 0.23871 0.95654 0.23871 0.9718 0.2426 0.97188 0.24716 0.88697 0.93957 0.87648 0.93949 0.88605 0.9437 0.88605 0.9437 0.87648 0.93949 0.88371 0.94694 0.88371 0.94694 0.87648 0.93949 0.88028 0.94913 0.88028 0.94913 0.87648 0.93949 0.87648 0.94993 0.87648 0.92891 0.87648 0.93949 0.88055 0.92975 0.88055 0.92975 0.87648 0.93949 0.88377 0.9319 0.88377 0.9319 0.87648 0.93949 0.88629 0.93557 0.88629 0.93557 0.87648 0.93949 0.88697 0.93957 0.79328 0.78421 0.79605 0.78421 0.79605 0.83537 0.79605 0.83537 0.79328 0.83537 0.79328 0.78421 0.79605 0.78421 0.79605 0.78421 0.79605 0.83537 0.79605 0.83537 0.79605 0.83537 0.79605 0.78421 0.79605 0.78421 0.79328 0.78421 0.79328 0.83537 0.79328 0.83537 0.79605 0.83537 0.79605 0.78421 0.79328 0.78421 0.7905 0.78421 0.7905 0.83537 0.7905 0.83537 0.79328 0.83537 0.79328 0.78421 0.7905 0.78421 0.7905 0.78421 0.7905 0.83537 0.7905 0.83537 0.7905 0.83537 0.7905 0.78421 0.7905 0.78421 0.79328 0.78421 0.79328 0.83537 0.79328 0.83537 0.7905 0.83537 0.7905 0.78421 0.01251 0.68888 0.01251 0.68888 0.01251 0.68888 0.01251 0.68888 0.01251 0.68888 0.01251 0.68888 0.01251 0.68888 0.01251 0.68888 0.01251 0.68888 0.01251 0.68888 0.01251 0.68888 0.01251 0.68888 0.89983 0.35565 0.88153 0.35565 0.88104 0.3442 0.88104 0.3442 0.89983 0.34385 0.89983 0.35565 0.89983 0.34385 0.88104 0.3442 0.88061 0.33421 0.88061 0.33421 0.89983 0.33363 0.89983 0.34385 0.88026 0.32622 0.89983 0.32551 0.89983 0.33363 0.89983 0.33363 0.88061 0.33421 0.88026 0.32622 0.88002 0.31946 0.89983 0.31923 0.89983 0.32551 0.89983 0.32551 0.88026 0.32622 0.88002 0.31946 0.87993 0.31348 0.89983 0.31348 0.89983 0.31923 0.89983 0.31923 0.88002 0.31946 0.87993 0.31348 0.89983 0.40117 0.88335 0.40044 0.88323 0.39461 0.88323 0.39461 0.89983 0.3951 0.89983 0.40117 0.89983 0.3951 0.88323 0.39461 0.88296 0.38798 0.88296 0.38798 0.89983 0.38866 0.89983 0.3951 0.89983 0.38866 0.88296 0.38798 0.88251 0.37787 0.88251 0.37787 0.89983 0.37823 0.89983 0.38866 0.89983 0.37823 0.88251 0.37787 0.88202 0.36651 0.88202 0.36651 0.89983 0.36673 0.89983 0.37823 0.89983 0.36673 0.88202 0.36651 0.88153 0.35565 0.88153 0.35565 0.89983 0.35565 0.89983 0.36673 0.88153 0.35565 0.86409 0.35565 0.86319 0.34497 0.86319 0.34497 0.88104 0.3442 0.88153 0.35565 0.88104 0.3442 0.86319 0.34497 0.86239 0.33573 0.86239 0.33573 0.88061 0.33421 0.88104 0.3442 0.88061 0.33421 0.86239 0.33573 0.8618 0.32888 0.8618 0.32888 0.88026 0.32622 0.88061 0.33421 0.86137 0.32186 0.88002 0.31946 0.88026 0.32622 0.88026 0.32622 0.8618 0.32888 0.86137 0.32186 0.86119 0.3165 0.87993 0.31348 0.88002 0.31946 0.88002 0.31946 0.86137 0.32186 0.86119 0.3165 0.88335 0.40044 0.86738 0.39644 0.86718 0.39098 0.86718 0.39098 0.88323 0.39461 0.88335 0.40044 0.88323 0.39461 0.86718 0.39098 0.86673 0.38571 0.86673 0.38571 0.88296 0.38798 0.88323 0.39461 0.88296 0.38798 0.86673 0.38571 0.86592 0.37637 0.86592 0.37637 0.88251 0.37787 0.88296 0.38798 0.88251 0.37787 0.86592 0.37637 0.86502 0.36597 0.86502 0.36597 0.88202 0.36651 0.88251 0.37787 0.88202 0.36651 0.86502 0.36597 0.86409 0.35565 0.86409 0.35565 0.88153 0.35565 0.88202 0.36651 0.86409 0.35565 0.85852 0.35565 0.85774 0.34637 0.85774 0.34637 0.86319 0.34497 0.86409 0.35565 0.86319 0.34497 0.85774 0.34637 0.85701 0.33797 0.85701 0.33797 0.86239 0.33573 0.86319 0.34497 0.85653 0.3323 0.8618 0.32888 0.86239 0.33573 0.86239 0.33573 0.85701 0.33797 0.85653 0.3323 0.85614 0.32496 0.86137 0.32186 0.8618 0.32888 0.8618 0.32888 0.85653 0.3323 0.85614 0.32496 0.86137 0.32186 0.85614 0.32496 0.85597 0.31935 0.85597 0.31935 0.86119 0.3165 0.86137 0.32186 0.86738 0.39644 0.86137 0.39122 0.8612 0.38636 0.8612 0.38636 0.86718 0.39098 0.86738 0.39644 0.86718 0.39098 0.8612 0.38636 0.86084 0.38206 0.86084 0.38206 0.86673 0.38571 0.86718 0.39098 0.86673 0.38571 0.86084 0.38206 0.86015 0.37412 0.86015 0.37412 0.86592 0.37637 0.86673 0.38571 0.86592 0.37637 0.86015 0.37412 0.85937 0.36511 0.85937 0.36511 0.86502 0.36597 0.86592 0.37637 0.86502 0.36597 0.85937 0.36511 0.85852 0.35565 0.85852 0.35565 0.86409 0.35565 0.86502 0.36597 0.79829 0.88989 0.78742 0.89099 0.7882 0.88171 0.7882 0.88171 0.79896 0.88171 0.79829 0.88989 0.7976 0.89775 0.7867 0.89939 0.78742 0.89099 0.78742 0.89099 0.79829 0.88989 0.7976 0.89775 0.79715 0.90301 0.78621 0.90507 0.7867 0.89939 0.7867 0.89939 0.7976 0.89775 0.79715 0.90301 0.79682 0.90973 0.78583 0.91239 0.78621 0.90507 0.78621 0.90507 0.79715 0.90301 0.79682 0.90973 0.79665 0.91529 0.78565 0.91797 0.78583 0.91239 0.78583 0.91239 0.79682 0.90973 0.79665 0.91529 0.80135 0.85443 0.79088 0.851 0.79105 0.84613 0.79105 0.84613 0.80147 0.85002 0.80135 0.85443 0.80106 0.85789 0.79052 0.8553 0.79088 0.851 0.79088 0.851 0.80135 0.85443 0.80106 0.85789 0.80048 0.86458 0.78983 0.86324 0.79052 0.8553 0.79052 0.8553 0.80106 0.85789 0.80048 0.86458 0.79976 0.87294 0.78905 0.87226 0.78983 0.86324 0.78983 0.86324 0.80048 0.86458 0.79976 0.87294 0.79896 0.88171 0.7882 0.88171 0.78905 0.87226 0.78905 0.87226 0.79976 0.87294 0.79896 0.88171 0.82 0.89065 0.79829 0.88989 0.79896 0.88171 0.79896 0.88171 0.82 0.88171 0.82 0.89065 0.82001 0.89895 0.7976 0.89775 0.79829 0.88989 0.79829 0.88989 0.82 0.89065 0.82001 0.89895 0.82002 0.90496 0.79715 0.90301 0.7976 0.89775 0.7976 0.89775 0.82001 0.89895 0.82002 0.90496 0.82003 0.91241 0.79682 0.90973 0.79715 0.90301 0.79715 0.90301 0.82002 0.90496 0.82003 0.91241 0.82003 0.91826 0.79665 0.91529 0.79682 0.90973 0.79682 0.90973 0.82003 0.91241 0.82003 0.91826 0.81996 0.85361 0.80135 0.85443 0.80147 0.85002 0.80147 0.85002 0.81997 0.8492 0.81996 0.85361 0.81998 0.85721 0.80106 0.85789 0.80135 0.85443 0.80135 0.85443 0.81996 0.85361 0.81998 0.85721 0.81998 0.86414 0.80048 0.86458 0.80106 0.85789 0.80106 0.85789 0.81998 0.85721 0.81998 0.86414 0.81999 0.87273 0.79976 0.87294 0.80048 0.86458 0.80048 0.86458 0.81998 0.86414 0.81999 0.87273 0.82 0.88171 0.79896 0.88171 0.79976 0.87294 0.79976 0.87294 0.81999 0.87273 0.82 0.88171 0.93084 0.31958 0.89983 0.31923 0.89983 0.31348 0.89983 0.31348 0.93084 0.31348 0.93084 0.31958 0.93084 0.31958 0.93084 0.31348 0.94127 0.31348 0.94127 0.31348 0.94128 0.31991 0.93084 0.31958 0.98829 0.32323 0.96373 0.32071 0.96373 0.31348 0.96373 0.31348 0.98832 0.31348 0.98829 0.32323 0.86286 0.85544 0.88719 0.85444 0.88716 0.84571 0.88716 0.84571 0.86301 0.8466 0.86286 0.85544 0.86272 0.86342 0.88722 0.86174 0.88719 0.85444 0.88719 0.85444 0.86286 0.85544 0.86272 0.86342 0.86261 0.86997 0.88723 0.86884 0.88722 0.86174 0.88722 0.86174 0.86272 0.86342 0.86261 0.86997 0.86253 0.87524 0.88723 0.88442 0.88723 0.86884 0.88723 0.86884 0.86261 0.86997 0.86253 0.87524 0.8871 0.81577 0.86355 0.81385 0.86352 0.8179 0.86352 0.8179 0.8871 0.81956 0.8871 0.81577 0.8871 0.81956 0.86352 0.8179 0.86343 0.82245 0.86343 0.82245 0.8871 0.82378 0.8871 0.81956 0.86331 0.82981 0.88713 0.83075 0.8871 0.82378 0.8871 0.82378 0.86343 0.82245 0.86331 0.82981 0.86316 0.83826 0.88715 0.83862 0.88713 0.83075 0.88713 0.83075 0.86331 0.82981 0.86316 0.83826 0.86301 0.8466 0.88716 0.84571 0.88715 0.83862 0.88715 0.83862 0.86316 0.83826 0.86301 0.8466 0.88798 0.90861 0.8247 0.90861 0.82468 0.90173 0.82468 0.90173 0.88796 0.90513 0.88798 0.90861 0.88796 0.90513 0.82468 0.90173 0.82465 0.89599 0.82465 0.89599 0.88794 0.9024 0.88796 0.90513 0.88793 0.90054 0.88794 0.9024 0.85374 0.89572 0.87159 0.89672 0.88792 0.89987 0.88793 0.90054 0.88793 0.90054 0.87105 0.89685 0.87159 0.89672 0.82475 0.9292 0.88803 0.91689 0.88803 0.91983 0.88803 0.91983 0.82475 0.93247 0.82475 0.9292 0.82475 0.9292 0.82475 0.92588 0.88803 0.91689 0.82473 0.92039 0.88801 0.91508 0.88803 0.91689 0.88803 0.91689 0.82475 0.92588 0.82473 0.92039 0.82471 0.91419 0.8880001 0.91199 0.88801 0.91508 0.88801 0.91508 0.82473 0.92039 0.82471 0.91419 0.8880001 0.91199 0.82471 0.91419 0.8247 0.90861 0.8247 0.90861 0.88798 0.90861 0.8880001 0.91199 0.87105 0.89685 0.88793 0.90054 0.85374 0.89572 0.85374 0.89572 0.82464 0.89039 0.82464 0.88152 0.82464 0.88152 0.87105 0.89685 0.85374 0.89572 0.86253 0.87524 0.86249 0.88066 0.88723 0.88442 0.88723 0.88442 0.88723 0.88442 0.86253 0.87524 0.85374 0.89572 0.82465 0.89599 0.82464 0.89039 0.85374 0.89572 0.88794 0.9024 0.82465 0.89599 0.94127 0.31348 0.96373 0.31348 0.96373 0.32071 0.96373 0.32071 0.94128 0.31991 0.94127 0.31348 0.94128 0.31991 0.96373 0.32071 0.95654 0.32311 0.96373 0.32071 0.98829 0.32323 0.97278 0.32746 0.97278 0.32746 0.95654 0.32311 0.96373 0.32071 0.86253 0.87524 0.8430001 0.8766 0.84297 0.88145 0.84297 0.88145 0.86249 0.88066 0.86253 0.87524 0.86599 0.93957 0.86691 0.9437 0.87648 0.93949 0.86691 0.9437 0.86925 0.94694 0.87648 0.93949 0.86925 0.94694 0.87268 0.94913 0.87648 0.93949 0.87268 0.94913 0.87648 0.94993 0.87648 0.93949 0.87648 0.92891 0.87241 0.92975 0.87648 0.93949 0.87241 0.92975 0.86919 0.9319 0.87648 0.93949 0.86919 0.9319 0.86667 0.93557 0.87648 0.93949 0.86667 0.93557 0.86599 0.93957 0.87648 0.93949 0.95654 0.30103 0.95654 0.30384 0.95201 0.30312 0.95201 0.30312 0.95654 0.30384 0.94128 0.30704 0.94128 0.30704 0.94232 0.30441 0.95201 0.30312 0.93084 0.23385 0.93084 0.22773 0.94226 0.23535 0.93084 0.23385 0.94226 0.23535 0.9341 0.2403399 0.9341 0.2403399 0.93084 0.23982 0.93084 0.23385 0.93084 0.22773 0.95654 0.2332 0.95202 0.23726 0.95202 0.23726 0.94226 0.23535 0.93084 0.22773 0.95654 0.2332 0.95654 0.23871 0.95202 0.23726 0.97245 0.34681 0.95657 0.34961 0.95654 0.34558 0.95654 0.33663 0.97259 0.33883 0.97245 0.34681 0.97245 0.34681 0.95654 0.34558 0.95654 0.33663 0.95654 0.33663 0.95654 0.329 0.97271 0.33228 0.97271 0.33228 0.97259 0.33883 0.95654 0.33663 0.97271 0.33228 0.95654 0.329 0.95654 0.32592 0.97271 0.33228 0.95654 0.32592 0.95654 0.32311 0.97271 0.33228 0.95654 0.32311 0.97278 0.32746 0.97177 0.38952 0.95654 0.39375 0.95654 0.38824 0.95654 0.38824 0.9718 0.38435 0.97177 0.38952 0.97188 0.37979 0.95654 0.38304 0.95654 0.37474 0.95654 0.37474 0.97201 0.37244 0.97188 0.37979 0.97201 0.37244 0.95654 0.37474 0.95654 0.36676 0.95654 0.36676 0.97215 0.36399 0.97201 0.37244 0.97215 0.36399 0.95654 0.36676 0.95654 0.35829 0.95654 0.35829 0.9723 0.35565 0.97215 0.36399 0.95657 0.34961 0.97245 0.34681 0.9723 0.35565 0.95657 0.34961 0.9723 0.35565 0.95654 0.35829 0.97188 0.37979 0.9718 0.38435 0.95654 0.38824 0.95654 0.38824 0.95654 0.38304 0.97188 0.37979 0.94128 0.30704 0.93084 0.30737 0.94232 0.30441 0.93613 0.29998 0.93084 0.30027 0.93084 0.29578 0.89983 0.29333 0.93084 0.29233 0.93084 0.29578 0.93084 0.29578 0.93084 0.30027 0.89983 0.30144 0.94232 0.30441 0.93084 0.30737 0.93084 0.30027 0.93084 0.30027 0.93613 0.29998 0.94232 0.30441 0.93084 0.24317 0.93084 0.23982 0.9341 0.2403399 0.89983 0.23829 0.93084 0.23982 0.93084 0.24317 0.93084 0.24317 0.93084 0.24952 0.89983 0.2487199 0.89983 0.35565 0.89983 0.34385 0.93084 0.35475 0.93084 0.34426 0.89983 0.34385 0.89983 0.33363 0.89983 0.33363 0.93084 0.33462 0.93084 0.34426 0.89983 0.33363 0.89983 0.32551 0.93084 0.33117 0.93084 0.32668 0.89983 0.32551 0.89983 0.31923 0.89983 0.31923 0.93084 0.31958 0.93084 0.32668 0.93084 0.39923 0.89983 0.40117 0.89983 0.3951 0.89983 0.3951 0.93084 0.3931 0.93084 0.39923 0.89983 0.3951 0.89983 0.38866 0.93084 0.38713 0.93084 0.38713 0.93084 0.3931 0.89983 0.3951 0.89983 0.38866 0.89983 0.37823 0.93084 0.38378 0.93084 0.37743 0.89983 0.37823 0.89983 0.36673 0.89983 0.36673 0.93084 0.36255 0.93084 0.37743 0.95654 0.35829 0.94893 0.35463 0.95657 0.34961 0.89983 0.35565 0.93084 0.35475 0.93084 0.36255 0.93084 0.36255 0.89983 0.36673 0.89983 0.35565 0.93084 0.34426 0.93084 0.35475 0.89983 0.34385 0.94893 0.35463 0.94895 0.36181 0.93084 0.36255 0.93084 0.36255 0.93084 0.35475 0.94893 0.35463 0.95654 0.36676 0.94895 0.36181 0.95654 0.35829 0.95654 0.35829 0.94895 0.36181 0.94893 0.35463 0.95654 0.32592 0.95201 0.32384 0.95654 0.32311 0.95201 0.32384 0.94232 0.32254 0.94128 0.31991 0.94128 0.31991 0.95654 0.32311 0.95201 0.32384 0.93084 0.3931 0.94226 0.3916 0.93084 0.39923 0.93084 0.3931 0.93084 0.38713 0.9341 0.38662 0.9341 0.38662 0.94226 0.3916 0.93084 0.3931 0.93084 0.39923 0.94226 0.3916 0.95202 0.38969 0.95202 0.38969 0.95654 0.39375 0.93084 0.39923 0.95654 0.39375 0.95202 0.38969 0.95654 0.38824 0.94128 0.31991 0.94232 0.32254 0.93084 0.31958 0.93613 0.32697 0.93084 0.33117 0.93084 0.32668 0.89983 0.33363 0.93084 0.33117 0.93084 0.33462 0.93084 0.33117 0.89983 0.32551 0.93084 0.32668 0.94232 0.32254 0.93613 0.32697 0.93084 0.32668 0.93084 0.32668 0.93084 0.31958 0.94232 0.32254 0.93084 0.38378 0.9341 0.38662 0.93084 0.38713 0.89983 0.38866 0.93084 0.38378 0.93084 0.38713 0.93084 0.38378 0.89983 0.37823 0.93084 0.37743 0.06194984 0.86268 0.06194984 0.87303 0.06196987 0.85015 0.06196987 0.85015 0.06194984 0.85405 0.06194984 0.86268 0.06194984 0.86268 0.06194984 0.87005 0.06194984 0.87303 0.06194984 0.86268 0.06194984 0.87303 0.06194984 0.87005 0.06196987 0.85015 0.06194984 0.87303 0.05756998 0.87504 0.05756998 0.87504 0.0546 0.84531 0.06196987 0.85015 0.06194984 0.81788 0.06194984 0.82589 0.06194984 0.83359 0.06194984 0.83359 0.06194984 0.81285 0.06194984 0.81788 0.05757999 0.81145 0.06194984 0.81285 0.06194984 0.83359 0.06194984 0.83359 0.05461984 0.83837 0.05757999 0.81145 0.04815 0.80961 0.05757999 0.81145 0.05461984 0.83837 0.0546 0.84531 0.05756998 0.87504 0.04821985 0.87629 0.04821985 0.87629 0.03712987 0.84519 0.0546 0.84531 0.03712987 0.84519 0.03712987 0.86462 0.03712987 0.85531 0.04821985 0.87629 0.04223996 0.87201 0.03712987 0.86796 0.03712987 0.86796 0.03712987 0.86462 0.03712987 0.84519 0.03712987 0.83766 0.03712987 0.82329 0.03712987 0.81716 0.03712987 0.81716 0.04028987 0.81442 0.04815 0.80961 0.04815 0.80961 0.05461984 0.83837 0.03712987 0.83766 0.03712987 0.83766 0.03712987 0.81716 0.04815 0.80961 0.03712987 0.86796 0.03712987 0.84519 0.04821985 0.87629 0.06194984 0.86268 0.06194984 0.85405 0.06196987 0.85015 0.06196987 0.85015 0.06194984 0.87303 0.06194984 0.86268 0.06196987 0.85015 0.0546 0.84531 0.05756998 0.87504 0.05756998 0.87504 0.06194984 0.87303 0.06196987 0.85015 0.06194984 0.81788 0.06194984 0.81285 0.06194984 0.83359 0.06194984 0.83359 0.06194984 0.82589 0.06194984 0.81788 0.05757999 0.81145 0.05461984 0.83837 0.06194984 0.83359 0.06194984 0.83359 0.06194984 0.81285 0.05757999 0.81145 0.04815 0.80961 0.05461984 0.83837 0.05757999 0.81145 0.0546 0.84531 0.03712987 0.84519 0.04821985 0.87629 0.04821985 0.87629 0.05756998 0.87504 0.0546 0.84531 0.03712987 0.84519 0.03712987 0.85531 0.03712987 0.86462 0.04821985 0.87629 0.03712987 0.86796 0.04223996 0.87201 0.03712987 0.86796 0.03712987 0.84519 0.03712987 0.86462 0.03712987 0.83766 0.03712987 0.81716 0.03712987 0.82329 0.04815 0.80961 0.03712987 0.83766 0.05461984 0.83837 0.03712987 0.83766 0.04815 0.80961 0.03712987 0.81716 0.03712987 0.86796 0.04821985 0.87629 0.03712987 0.84519 0.04815 0.80961 0.04028987 0.81442 0.03712987 0.81716 0.82877 0.67678 0.82888 0.65243 0.84017 0.6773 0.84017 0.6773 0.83406 0.64163 0.84017 0.64009 0.83013 0.6459 0.84017 0.6773 0.82888 0.65243 0.83406 0.64163 0.84017 0.6773 0.83013 0.6459 0.82877 0.68257 0.84017 0.68205 0.84017 0.71926 0.84017 0.71926 0.83406 0.71772 0.83013 0.71346 0.84017 0.71926 0.83013 0.71346 0.82888 0.70692 0.82877 0.68257 0.84017 0.71926 0.82888 0.70692 0.71519 0.3886 0.69587 0.42208 0.71519 0.45555 0.71519 0.45555 0.75384 0.45555 0.77317 0.42208 0.71519 0.3886 0.71519 0.45555 0.77317 0.42208 0.75384 0.3886 0.71519 0.3886 0.77317 0.42208 0.72325 0.42168 0.72476 0.42731 0.72801 0.42544 0.72801 0.42544 0.7270001 0.42168 0.72325 0.42168 0.72801 0.42544 0.72476 0.42731 0.72888 0.43144 0.72888 0.43144 0.73076 0.42819 0.72801 0.42544 0.73076 0.42819 0.72888 0.43144 0.73452 0.43295 0.73452 0.43295 0.73452 0.42919 0.73076 0.42819 0.73452 0.42919 0.73452 0.43295 0.74015 0.43144 0.74015 0.43144 0.73827 0.42819 0.73452 0.42919 0.73827 0.42819 0.74015 0.43144 0.74427 0.42731 0.74427 0.42731 0.74103 0.42544 0.73827 0.42819 0.74103 0.42544 0.74427 0.42731 0.74578 0.42168 0.74578 0.42168 0.74203 0.42168 0.74103 0.42544 0.74203 0.42168 0.74578 0.42168 0.74427 0.41605 0.74427 0.41605 0.74103 0.41792 0.74203 0.42168 0.74103 0.41792 0.74427 0.41605 0.74015 0.41192 0.74015 0.41192 0.73827 0.41517 0.74103 0.41792 0.73827 0.41517 0.74015 0.41192 0.73452 0.41041 0.73452 0.41041 0.73452 0.41416 0.73827 0.41517 0.73452 0.41416 0.73452 0.41041 0.72888 0.41192 0.72888 0.41192 0.73076 0.41517 0.73452 0.41416 0.73076 0.41517 0.72888 0.41192 0.72476 0.41605 0.72476 0.41605 0.72801 0.41792 0.73076 0.41517 0.7270001 0.42168 0.72801 0.41792 0.72476 0.41605 0.72476 0.41605 0.72325 0.42168 0.7270001 0.42168 0.72801 0.42544 0.73452 0.42168 0.7270001 0.42168 0.73076 0.42819 0.73452 0.42168 0.72801 0.42544 0.73452 0.42919 0.73452 0.42168 0.73076 0.42819 0.73827 0.42819 0.73452 0.42168 0.73452 0.42919 0.74103 0.42544 0.73452 0.42168 0.73827 0.42819 0.74203 0.42168 0.73452 0.42168 0.74103 0.42544 0.74103 0.41792 0.73452 0.42168 0.74203 0.42168 0.73827 0.41517 0.73452 0.42168 0.74103 0.41792 0.73452 0.41416 0.73452 0.42168 0.73827 0.41517 0.73076 0.41517 0.73452 0.42168 0.73452 0.41416 0.72801 0.41792 0.73452 0.42168 0.73076 0.41517 0.7270001 0.42168 0.73452 0.42168 0.72801 0.41792 0.43775 0.74408 0.4596 0.7461 0.43211 0.75448 0.47263 0.71707 0.44786 0.71733 0.44787 0.70792 0.47263 0.71707 0.45091 0.7267 0.44786 0.71733 0.43775 0.74408 0.45089 0.73893 0.4596 0.7461 0.4698 0.7545 0.43211 0.75448 0.4596 0.7461 0.50324 0.74252 0.50324 0.74543 0.46594 0.74106 0.4596 0.7461 0.50324 0.74543 0.50325 0.75267 0.50325 0.75267 0.4698 0.7545 0.4596 0.7461 0.50324 0.74252 0.58436 0.73456 0.50324 0.74543 0.58436 0.73456 0.63624 0.74267 0.50325 0.75267 0.63624 0.70792 0.63624 0.74267 0.58436 0.73456 0.45089 0.73893 0.43775 0.74408 0.44206 0.73607 0.4596 0.7461 0.45089 0.73893 0.46594 0.74106 0.50324 0.74543 0.4596 0.7461 0.46594 0.74106 0.44786 0.71733 0.45091 0.7267 0.44207 0.7304 0.70125 0.60775 0.71008 0.60405 0.69971 0.61064 0.70124 0.61342 0.71008 0.60405 0.71007 0.61629 0.71007 0.61629 0.71008 0.60405 0.72512 0.61841 0.69971 0.61064 0.71008 0.60405 0.70124 0.61342 0.58436 0.73456 0.47263 0.71707 0.59632 0.71515 0.47263 0.71707 0.44787 0.70792 0.59519 0.70792 0.59519 0.70792 0.59632 0.71515 0.47263 0.71707 0.61002 0.71622 0.63624 0.70792 0.58436 0.73456 0.58436 0.73456 0.59632 0.71515 0.61002 0.71622 0.43775 0.93951 0.43211 0.92911 0.4596 0.93749 0.47263 0.96652 0.44786 0.96626 0.45091 0.95689 0.43775 0.93951 0.4596 0.93749 0.45089 0.94466 0.4698 0.92909 0.4596 0.93749 0.43211 0.92911 0.50324 0.94107 0.46594 0.94253 0.50324 0.93816 0.4596 0.93749 0.4698 0.92909 0.50325 0.93092 0.50325 0.93092 0.50324 0.93816 0.4596 0.93749 0.50324 0.94107 0.50324 0.93816 0.58436 0.94903 0.50325 0.93092 0.63624 0.94092 0.58436 0.94903 0.45089 0.94466 0.44206 0.94753 0.43775 0.93951 0.4596 0.93749 0.46594 0.94253 0.45089 0.94466 0.50324 0.93816 0.46594 0.94253 0.4596 0.93749 0.44786 0.96626 0.44207 0.95319 0.45091 0.95689 0.70125 0.60775 0.69971 0.61064 0.71008 0.60405 0.70124 0.61342 0.71007 0.61629 0.71008 0.60405 0.71007 0.61629 0.72512 0.61841 0.71008 0.60405 0.69971 0.61064 0.70124 0.61342 0.71008 0.60405 0.58436 0.94903 0.59632 0.96845 0.47263 0.96652 0.58436 0.94903 0.61002 0.96737 0.59632 0.96845 0.58436 0.94903 0.50324 0.93816 0.50325 0.93092 0.50325 0.75267 0.50324 0.74543 0.58436 0.73456 0.12939 0.42257 0.09228998 0.42626 0.09228998 0.39151 0.41686 0.71155 0.4054 0.73245 0.38887 0.73244 0.38887 0.73244 0.38885 0.71642 0.41686 0.71155 0.38889 0.74725 0.38887 0.73244 0.40896 0.7532 0.38889 0.74725 0.37918 0.74267 0.38887 0.73244 0.38885 0.71642 0.38887 0.73244 0.37104 0.73244 0.37104 0.73244 0.36841 0.72149 0.38885 0.71642 0.37918 0.74267 0.37104 0.73244 0.38887 0.73244 0.38887 0.73244 0.4054 0.73245 0.40896 0.7532 0.4054 0.73245 0.43775 0.74408 0.40896 0.7532 0.44787 0.70792 0.44786 0.71733 0.4054 0.73245 0.44053 0.73328 0.4054 0.73245 0.44207 0.7304 0.43775 0.74408 0.43211 0.75448 0.40896 0.7532 0.4054 0.73245 0.44786 0.71733 0.44207 0.7304 0.4054 0.73245 0.44053 0.73328 0.44206 0.73607 0.43775 0.74408 0.4054 0.73245 0.44206 0.73607 0.4054 0.73245 0.41686 0.71155 0.44787 0.70792 0.38889 0.93634 0.40896 0.93039 0.38887 0.95115 0.38889 0.93634 0.38887 0.95115 0.37918 0.94092 0.37918 0.94092 0.38887 0.95115 0.37104 0.95115 0.38887 0.95115 0.40896 0.93039 0.4054 0.95115 0.4054 0.95115 0.40896 0.93039 0.43775 0.93951 0.44053 0.95031 0.44207 0.95319 0.4054 0.95115 0.43775 0.93951 0.40896 0.93039 0.43211 0.92911 0.4054 0.95115 0.44207 0.95319 0.44786 0.96626 0.4054 0.95115 0.44206 0.94753 0.44053 0.95031 0.43775 0.93951 0.44206 0.94753 0.4054 0.95115 0.2007 0.72149 0.15801 0.72179 0.15801 0.70676 0.15801 0.72179 0.2007 0.72149 0.2007 0.74267 0.2007 0.74267 0.15801 0.74232 0.15801 0.72179 0.2007 0.76385 0.15801 0.76221 0.15801 0.74232 0.15801 0.74232 0.2007 0.74267 0.2007 0.76385 0.15801 0.70676 0.11611 0.7087 0.11611 0.69803 0.11611 0.7087 0.15801 0.70676 0.15801 0.72179 0.15801 0.72179 0.11611 0.72278 0.11611 0.7087 0.11611 0.72278 0.15801 0.72179 0.15801 0.74232 0.15801 0.74232 0.11611 0.74172 0.11611 0.72278 0.11611 0.74172 0.15801 0.74232 0.15801 0.76221 0.15801 0.76221 0.11611 0.75989 0.11611 0.74172 0.11611 0.69803 0.09545999 0.69975 0.1097699 0.69757 0.09545999 0.69975 0.11611 0.69803 0.11611 0.7087 0.11611 0.7087 0.09545999 0.71036 0.09545999 0.69975 0.09545999 0.71036 0.11611 0.7087 0.11611 0.72278 0.11611 0.72278 0.09545999 0.72362 0.09545999 0.71036 0.09545999 0.72362 0.11611 0.72278 0.11611 0.74172 0.11611 0.74172 0.09545999 0.74128 0.09545999 0.72362 0.09545999 0.74128 0.11611 0.74172 0.11611 0.75989 0.11611 0.75989 0.09545999 0.75813 0.09545999 0.74128 0.09545999 0.69975 0.06790995 0.70404 0.06790995 0.70078 0.06790995 0.70404 0.09545999 0.69975 0.09545999 0.71036 0.09545999 0.71036 0.06790995 0.71381 0.06790995 0.70404 0.06790995 0.71381 0.09545999 0.71036 0.09545999 0.72362 0.09545999 0.72362 0.06790995 0.72555 0.06790995 0.71381 0.06790995 0.72555 0.09545999 0.72362 0.09545999 0.74128 0.09545999 0.74128 0.06790995 0.74082 0.06790995 0.72555 0.06790995 0.74082 0.09545999 0.74128 0.09545999 0.75813 0.09545999 0.75813 0.06790995 0.7548 0.06790995 0.74082 0.04855996 0.70528 0.06790995 0.70078 0.06790995 0.70404 0.06790995 0.70404 0.04855996 0.70825 0.04855996 0.70528 0.04855996 0.70825 0.06790995 0.70404 0.06790995 0.71381 0.06790995 0.71381 0.04855996 0.71733 0.04855996 0.70825 0.04855996 0.71733 0.06790995 0.71381 0.06790995 0.72555 0.06790995 0.72555 0.04855996 0.72767 0.04855996 0.71733 0.04855996 0.72767 0.06790995 0.72555 0.06790995 0.74082 0.06790995 0.74082 0.04855996 0.74056 0.04855996 0.72767 0.04855996 0.74056 0.06790995 0.74082 0.06790995 0.7548 0.06790995 0.7548 0.04855996 0.75235 0.04855996 0.74056 0.02860999 0.71225 0.04855996 0.70528 0.04855996 0.70825 0.04855996 0.70825 0.02860999 0.71481 0.02860999 0.71225 0.02860999 0.71481 0.04855996 0.70825 0.04855996 0.71733 0.04855996 0.71733 0.02860999 0.72223 0.02860999 0.71481 0.02860999 0.72223 0.04855996 0.71733 0.04855996 0.72767 0.04855996 0.72767 0.02860999 0.73064 0.02860999 0.72223 0.02860999 0.73064 0.04855996 0.72767 0.04855996 0.74056 0.04855996 0.74056 0.02860999 0.74046 0.02860999 0.73064 0.04855996 0.75235 0.02860999 0.74927 0.02860999 0.74046 0.02860999 0.74046 0.04855996 0.74056 0.04855996 0.75235 0.01264995 0.72211 0.02860999 0.71225 0.02860999 0.71481 0.02860999 0.71481 0.01264995 0.72383 0.01264995 0.72211 0.01264995 0.72383 0.02860999 0.71481 0.02860999 0.72223 0.02860999 0.72223 0.01264995 0.7287 0.01264995 0.72383 0.01264995 0.7287 0.02860999 0.72223 0.02860999 0.73064 0.02860999 0.73064 0.01264995 0.73411 0.01264995 0.7287 0.01264995 0.73411 0.02860999 0.73064 0.02860999 0.74046 0.02860999 0.74046 0.01264995 0.74015 0.01264995 0.73411 0.02860999 0.74927 0.01264995 0.74624 0.01264995 0.74015 0.01264995 0.74015 0.02860999 0.74046 0.02860999 0.74927 0.005659997 0.73075 0.01264995 0.72211 0.01264995 0.72383 0.01264995 0.72383 0.005659997 0.73169 0.005659997 0.73075 0.005659997 0.73169 0.01264995 0.72383 0.01264995 0.7287 0.01264995 0.7287 0.005659997 0.73407 0.005659997 0.73169 0.005659997 0.73407 0.01264995 0.7287 0.01264995 0.73411 0.01264995 0.73411 0.005659997 0.73687 0.005659997 0.73407 0.005659997 0.73687 0.01264995 0.73411 0.01264995 0.74015 0.01264995 0.74015 0.005659997 0.74001 0.005659997 0.73687 0.01264995 0.74624 0.005659997 0.74359 0.005659997 0.74001 0.005659997 0.74001 0.01264995 0.74015 0.01264995 0.74624 0.005659997 0.73169 0.003099918 0.74 0.005659997 0.73075 0.005659997 0.73407 0.003099918 0.74 0.005659997 0.73169 0.005659997 0.73687 0.003099918 0.74 0.005659997 0.73407 0.005659997 0.74001 0.003099918 0.74 0.005659997 0.73687 0.003099918 0.74 0.005659997 0.74001 0.005659997 0.74359 0.02860999 0.74927 0.04855996 0.75235 0.04855996 0.7637 0.04855996 0.7637 0.02860999 0.75754 0.02860999 0.74927 0.02860999 0.75754 0.04855996 0.7637 0.04855996 0.77195 0.04855996 0.77195 0.02860999 0.76414 0.02860999 0.75754 0.02860999 0.76414 0.04855996 0.77195 0.04855996 0.77574 0.04855996 0.77574 0.02860999 0.76768 0.02860999 0.76414 0.02860999 0.76768 0.04855996 0.77574 0.04855996 0.7777 0.04855996 0.7777 0.02860999 0.76888 0.02860999 0.76768 0.01264995 0.74624 0.02860999 0.74927 0.02860999 0.75754 0.02860999 0.75754 0.01264995 0.75117 0.01264995 0.74624 0.01264995 0.75117 0.02860999 0.75754 0.02860999 0.76414 0.02860999 0.76414 0.01264995 0.7552 0.01264995 0.75117 0.01264995 0.7552 0.02860999 0.76414 0.02860999 0.76768 0.02860999 0.76768 0.01264995 0.75777 0.01264995 0.7552 0.01264995 0.75777 0.02860999 0.76768 0.02860999 0.76888 0.02860999 0.76888 0.01264995 0.7586 0.01264995 0.75777 0.005659997 0.74359 0.01264995 0.74624 0.01264995 0.75117 0.01264995 0.75117 0.005659997 0.74614 0.005659997 0.74359 0.005659997 0.74614 0.01264995 0.75117 0.01264995 0.7552 0.01264995 0.7552 0.005659997 0.74788 0.005659997 0.74614 0.005659997 0.74788 0.01264995 0.7552 0.01264995 0.75777 0.01264995 0.75777 0.005659997 0.74898 0.005659997 0.74788 0.005659997 0.74898 0.01264995 0.75777 0.01264995 0.7586 0.01264995 0.7586 0.005659997 0.74931 0.005659997 0.74898 0.005659997 0.74614 0.003099918 0.74 0.005659997 0.74359 0.005659997 0.74788 0.003099918 0.74 0.005659997 0.74614 0.005659997 0.74898 0.003099918 0.74 0.005659997 0.74788 0.005659997 0.74931 0.003099918 0.74 0.005659997 0.74898 0.04855996 0.77574 0.04855996 0.77195 0.06791996 0.77914 0.04855996 0.77574 0.06791996 0.77914 0.04855996 0.7777 0.06790995 0.76884 0.04855996 0.7637 0.04855996 0.75235 0.04855996 0.75235 0.06790995 0.7548 0.06790995 0.76884 0.06791996 0.77914 0.04855996 0.77195 0.04855996 0.7637 0.04855996 0.7637 0.06790995 0.76884 0.06791996 0.77914 0.11612 0.7753 0.09545999 0.77521 0.09545999 0.75813 0.09545999 0.75813 0.11611 0.75989 0.11612 0.7753 0.06790995 0.76884 0.08232998 0.77549 0.06791996 0.77914 0.09545999 0.77521 0.08232998 0.77549 0.06790995 0.76884 0.15801 0.76221 0.2007 0.76385 0.2007 0.77685 0.2007 0.77685 0.15801 0.77635 0.15801 0.76221 0.15801 0.79355 0.2007 0.79469 0.2007 0.80922 0.2007 0.80922 0.15801 0.80691 0.15801 0.79355 0.15801 0.80691 0.2007 0.80922 0.2007 0.82311 0.2007 0.82311 0.15801 0.81895 0.15801 0.80691 0.15801 0.77635 0.2007 0.77685 0.2007 0.79469 0.2007 0.79469 0.15801 0.79355 0.15801 0.77635 0.15801 0.77635 0.11612 0.7753 0.11611 0.75989 0.11611 0.75989 0.15801 0.76221 0.15801 0.77635 0.15801 0.80691 0.11612 0.80385 0.11612 0.79183 0.11612 0.79183 0.15801 0.79355 0.15801 0.80691 0.15801 0.81895 0.11612 0.81286 0.11612 0.80385 0.11612 0.80385 0.15801 0.80691 0.15801 0.81895 0.15801 0.82737 0.11612 0.81913 0.11612 0.81286 0.11612 0.81286 0.15801 0.81895 0.15801 0.82737 0.15801 0.83116 0.11612 0.82236 0.11612 0.81913 0.11612 0.81913 0.15801 0.82737 0.15801 0.83116 0.15801 0.79355 0.11612 0.79183 0.11612 0.7753 0.11612 0.7753 0.15801 0.77635 0.15801 0.79355 0.14004 0.36013 0.08935999 0.35476 0.08935999 0.32444 0.08935999 0.32444 0.147 0.32704 0.14004 0.36013 0.74981 0.5907 0.7736 0.59018 0.77363 0.6304 0.74981 0.5907 0.77363 0.6304 0.75158 0.6304 0.72369 0.59731 0.74981 0.5907 0.75158 0.6304 0.79999 0.6304 0.77363 0.6304 0.7736 0.59018 0.81104 0.62031 0.79999 0.6304 0.7736 0.59018 0.81105 0.59036 0.81104 0.62031 0.7736 0.59018 0.11002 0.79739 0.09547996 0.80068 0.09547996 0.79739 0.11612 0.79183 0.11612 0.80385 0.11002 0.79739 0.11002 0.79739 0.11612 0.80385 0.09547996 0.80068 0.11612 0.81286 0.09547996 0.80722 0.09547996 0.80068 0.09547996 0.80068 0.11612 0.80385 0.11612 0.81286 0.09547996 0.80722 0.11612 0.81286 0.11612 0.81913 0.11612 0.81913 0.09547996 0.81213 0.09547996 0.80722 0.11612 0.82236 0.09547996 0.81425 0.09547996 0.81213 0.09547996 0.81213 0.11612 0.81913 0.11612 0.82236 0.08192998 0.80986 0.07863998 0.81384 0.07863998 0.80727 0.08846998 0.81794 0.08313995 0.82212 0.07863998 0.81384 0.07863998 0.81384 0.08192998 0.80986 0.08846998 0.81794 0.09337997 0.82925 0.08739995 0.83151 0.08313995 0.82212 0.08313995 0.82212 0.08846998 0.81794 0.09337997 0.82925 0.09549999 0.8418 0.08976 0.8418 0.08739995 0.83151 0.08739995 0.83151 0.09337997 0.82925 0.09549999 0.8418 0.08313995 0.82212 0.07567995 0.8418 0.07863998 0.81384 0.08739995 0.83151 0.08379 0.8418 0.08313995 0.82212 0.08739995 0.83151 0.08976 0.8418 0.08379 0.8418 0.08379 0.8418 0.07567995 0.8418 0.08313995 0.82212 0.2007 0.76385 0.63624 0.76385 0.63624 0.77685 0.63624 0.77685 0.2007 0.77685 0.2007 0.76385 0.2007 0.72149 0.63624 0.72149 0.63624 0.74267 0.63624 0.74267 0.2007 0.74267 0.2007 0.72149 0.2007 0.74267 0.63624 0.74267 0.63624 0.76385 0.63624 0.76385 0.2007 0.76385 0.2007 0.74267 0.2007 0.77685 0.63624 0.77685 0.63624 0.79469 0.63624 0.79469 0.2007 0.79469 0.2007 0.77685 0.33435 0.46044 0.09228998 0.46044 0.09228998 0.44745 0.09228998 0.44745 0.33435 0.44745 0.33435 0.46044 0.33435 0.42626 0.09228998 0.42626 0.09228998 0.40509 0.09228998 0.40509 0.33435 0.40509 0.33435 0.42626 0.33435 0.44745 0.09228998 0.44745 0.09228998 0.42626 0.09228998 0.42626 0.33435 0.42626 0.33435 0.44745 0.33435 0.47828 0.09228998 0.47828 0.09228998 0.46044 0.09228998 0.46044 0.33435 0.46044 0.33435 0.47828 0.33435 0.44745 0.39683 0.44883 0.33435 0.46044 0.33435 0.47828 0.4501 0.47828 0.4501 0.49205 0.4501 0.39345 0.39683 0.38385 0.39683 0.38032 0.39683 0.38032 0.4501 0.38992 0.4501 0.39345 0.4501 0.40321 0.39683 0.39349 0.39683 0.38385 0.39683 0.38385 0.4501 0.39345 0.4501 0.40321 0.4501 0.41653 0.39683 0.40851 0.39683 0.39349 0.39683 0.39349 0.4501 0.40321 0.4501 0.41653 0.4501 0.4338 0.39683 0.42817 0.39683 0.40851 0.39683 0.40851 0.4501 0.41653 0.4501 0.4338 0.4501 0.452 0.39683 0.44883 0.39683 0.42817 0.39683 0.42817 0.4501 0.4338 0.4501 0.452 0.4501 0.47828 0.33435 0.47828 0.33435 0.46044 0.33435 0.46044 0.4501 0.46044 0.4501 0.47828 0.4501 0.46044 0.4501 0.452 0.55068 0.46267 0.55068 0.46267 0.55068 0.48086 0.4501 0.46044 0.55068 0.49107 0.4501 0.49205 0.4501 0.47828 0.4501 0.47828 0.55068 0.48086 0.55068 0.49107 0.55068 0.41536 0.4501 0.39345 0.4501 0.38992 0.4501 0.38992 0.55068 0.41271 0.55068 0.41536 0.55068 0.42345 0.4501 0.40321 0.4501 0.39345 0.4501 0.39345 0.55068 0.41536 0.55068 0.42345 0.55068 0.43606 0.4501 0.41653 0.4501 0.40321 0.4501 0.40321 0.55068 0.42345 0.55068 0.43606 0.55068 0.44933 0.4501 0.4338 0.4501 0.41653 0.4501 0.41653 0.55068 0.43606 0.55068 0.44933 0.55068 0.46267 0.4501 0.452 0.4501 0.4338 0.4501 0.4338 0.55068 0.44933 0.55068 0.46267 0.4501 0.46044 0.55068 0.48086 0.4501 0.47828 0.33435 0.42626 0.39683 0.42817 0.39683 0.44883 0.39683 0.44883 0.33435 0.44745 0.33435 0.42626 0.33435 0.40509 0.39683 0.40851 0.39683 0.42817 0.39683 0.42817 0.33435 0.42626 0.33435 0.40509 0.33435 0.38914 0.39683 0.39349 0.39683 0.40851 0.39683 0.40851 0.33435 0.40509 0.33435 0.38914 0.33435 0.37891 0.39683 0.38385 0.39683 0.39349 0.39683 0.39349 0.33435 0.38914 0.33435 0.37891 0.33435 0.37891 0.33435 0.37013 0.39683 0.38032 0.39683 0.38032 0.39683 0.38385 0.33435 0.37891 0.39683 0.44883 0.4501 0.46044 0.33435 0.46044 0.39683 0.44883 0.4501 0.452 0.4501 0.46044 0.2007 0.94092 0.2007 0.9621 0.15801 0.9618 0.15801 0.9618 0.15801 0.94128 0.2007 0.94092 0.15801 0.94128 0.15801 0.92138 0.2007 0.91974 0.2007 0.91974 0.2007 0.94092 0.15801 0.94128 0.11611 0.97489 0.11611 0.96081 0.15801 0.9618 0.15801 0.94128 0.15801 0.9618 0.11611 0.96081 0.11611 0.96081 0.11611 0.94187 0.15801 0.94128 0.15801 0.92138 0.15801 0.94128 0.11611 0.94187 0.11611 0.94187 0.11611 0.9237 0.15801 0.92138 0.11611 0.98556 0.1097699 0.98602 0.09545999 0.98384 0.11611 0.97489 0.11611 0.98556 0.09545999 0.98384 0.09545999 0.98384 0.09545999 0.97323 0.11611 0.97489 0.11611 0.96081 0.11611 0.97489 0.09545999 0.97323 0.09545999 0.97323 0.09545999 0.95997 0.11611 0.96081 0.11611 0.94187 0.11611 0.96081 0.09545999 0.95997 0.09545999 0.95997 0.09545999 0.94231 0.11611 0.94187 0.11611 0.9237 0.11611 0.94187 0.09545999 0.94231 0.09545999 0.94231 0.09545999 0.92546 0.11611 0.9237 0.06790995 0.98281 0.06790995 0.97955 0.09545999 0.98384 0.06790995 0.97955 0.06790995 0.96978 0.09545999 0.97323 0.09545999 0.97323 0.09545999 0.98384 0.06790995 0.97955 0.06790995 0.96978 0.06790995 0.95804 0.09545999 0.95997 0.09545999 0.95997 0.09545999 0.97323 0.06790995 0.96978 0.09545999 0.94231 0.09545999 0.95997 0.06790995 0.95804 0.06790995 0.95804 0.06790995 0.94277 0.09545999 0.94231 0.09545999 0.92546 0.09545999 0.94231 0.06790995 0.94277 0.06790995 0.94277 0.06790995 0.92879 0.09545999 0.92546 0.06790995 0.97955 0.06790995 0.98281 0.04855996 0.97831 0.04855996 0.97831 0.04855996 0.97534 0.06790995 0.97955 0.06790995 0.96978 0.06790995 0.97955 0.04855996 0.97534 0.04855996 0.97534 0.04855996 0.96626 0.06790995 0.96978 0.06790995 0.95804 0.06790995 0.96978 0.04855996 0.96626 0.04855996 0.96626 0.04855996 0.95592 0.06790995 0.95804 0.04855996 0.95592 0.04855996 0.94303 0.06790995 0.94277 0.06790995 0.94277 0.06790995 0.95804 0.04855996 0.95592 0.06790995 0.92879 0.06790995 0.94277 0.04855996 0.94303 0.04855996 0.94303 0.04855996 0.93125 0.06790995 0.92879 0.02860999 0.97135 0.02860999 0.96878 0.04855996 0.97534 0.04855996 0.97534 0.04855996 0.97831 0.02860999 0.97135 0.04855996 0.96626 0.04855996 0.97534 0.02860999 0.96878 0.02860999 0.96878 0.02860999 0.96136 0.04855996 0.96626 0.04855996 0.95592 0.04855996 0.96626 0.02860999 0.96136 0.02860999 0.96136 0.02860999 0.95295 0.04855996 0.95592 0.02860999 0.95295 0.02860999 0.94313 0.04855996 0.94303 0.04855996 0.94303 0.04855996 0.95592 0.02860999 0.95295 0.02860999 0.94313 0.02860999 0.93432 0.04855996 0.93125 0.04855996 0.93125 0.04855996 0.94303 0.02860999 0.94313 0.02860999 0.96878 0.02860999 0.97135 0.01264995 0.96148 0.01264995 0.96148 0.01264995 0.95976 0.02860999 0.96878 0.02860999 0.96136 0.02860999 0.96878 0.01264995 0.95976 0.01264995 0.95976 0.01264995 0.95489 0.02860999 0.96136 0.02860999 0.95295 0.02860999 0.96136 0.01264995 0.95489 0.01264995 0.95489 0.01264995 0.94948 0.02860999 0.95295 0.01264995 0.94948 0.01264995 0.94344 0.02860999 0.94313 0.02860999 0.94313 0.02860999 0.95295 0.01264995 0.94948 0.01264995 0.94344 0.01264995 0.93735 0.02860999 0.93432 0.02860999 0.93432 0.02860999 0.94313 0.01264995 0.94344 0.01264995 0.95976 0.01264995 0.96148 0.005659997 0.95284 0.005659997 0.95284 0.005659997 0.9519 0.01264995 0.95976 0.01264995 0.95489 0.01264995 0.95976 0.005659997 0.9519 0.005659997 0.9519 0.005659997 0.94952 0.01264995 0.95489 0.01264995 0.94948 0.01264995 0.95489 0.005659997 0.94952 0.005659997 0.94952 0.005659997 0.94672 0.01264995 0.94948 0.005659997 0.94672 0.005659997 0.94358 0.01264995 0.94344 0.01264995 0.94344 0.01264995 0.94948 0.005659997 0.94672 0.005659997 0.94358 0.005659997 0.94 0.01264995 0.93735 0.01264995 0.93735 0.01264995 0.94344 0.005659997 0.94358 0.005659997 0.9519 0.005659997 0.95284 0.003099918 0.94359 0.005659997 0.94952 0.005659997 0.9519 0.003099918 0.94359 0.005659997 0.94672 0.005659997 0.94952 0.003099918 0.94359 0.005659997 0.94358 0.005659997 0.94672 0.003099918 0.94359 0.003099918 0.94359 0.005659997 0.94 0.005659997 0.94358 0.04855996 0.91989 0.04855996 0.93125 0.02860999 0.93432 0.02860999 0.93432 0.02860999 0.92605 0.04855996 0.91989 0.04855996 0.91164 0.04855996 0.91989 0.02860999 0.92605 0.02860999 0.92605 0.02860999 0.91945 0.04855996 0.91164 0.04855996 0.90785 0.04855996 0.91164 0.02860999 0.91945 0.02860999 0.91945 0.02860999 0.91591 0.04855996 0.90785 0.04855996 0.90589 0.04855996 0.90785 0.02860999 0.91591 0.02860999 0.91591 0.02860999 0.91471 0.04855996 0.90589 0.02860999 0.92605 0.02860999 0.93432 0.01264995 0.93735 0.01264995 0.93735 0.01264995 0.93242 0.02860999 0.92605 0.02860999 0.91945 0.02860999 0.92605 0.01264995 0.93242 0.01264995 0.93242 0.01264995 0.92839 0.02860999 0.91945 0.02860999 0.91591 0.02860999 0.91945 0.01264995 0.92839 0.01264995 0.92839 0.01264995 0.92582 0.02860999 0.91591 0.02860999 0.91471 0.02860999 0.91591 0.01264995 0.92582 0.01264995 0.92582 0.01264995 0.92499 0.02860999 0.91471 0.01264995 0.93242 0.01264995 0.93735 0.005659997 0.94 0.005659997 0.94 0.005659997 0.93745 0.01264995 0.93242 0.01264995 0.92839 0.01264995 0.93242 0.005659997 0.93745 0.005659997 0.93745 0.005659997 0.93571 0.01264995 0.92839 0.01264995 0.92582 0.01264995 0.92839 0.005659997 0.93571 0.005659997 0.93571 0.005659997 0.93461 0.01264995 0.92582 0.01264995 0.92499 0.01264995 0.92582 0.005659997 0.93461 0.005659997 0.93461 0.005659997 0.93428 0.01264995 0.92499 0.005659997 0.93745 0.005659997 0.94 0.003099918 0.94359 0.005659997 0.93571 0.005659997 0.93745 0.003099918 0.94359 0.005659997 0.93461 0.005659997 0.93571 0.003099918 0.94359 0.005659997 0.93428 0.005659997 0.93461 0.003099918 0.94359 0.04855996 0.90785 0.06791996 0.90446 0.04855996 0.91164 0.04855996 0.90785 0.04855996 0.90589 0.06791996 0.90446 0.04855996 0.93125 0.04855996 0.91989 0.06790995 0.91475 0.06790995 0.91475 0.06790995 0.92879 0.04855996 0.93125 0.04855996 0.91989 0.04855996 0.91164 0.06791996 0.90446 0.06791996 0.90446 0.06790995 0.91475 0.04855996 0.91989 0.11612 0.90829 0.11611 0.9237 0.09545999 0.92546 0.09545999 0.92546 0.09545999 0.90839 0.11612 0.90829 0.06790995 0.91475 0.06791996 0.90446 0.08232998 0.9081 0.09545999 0.90839 0.09545999 0.92546 0.06790995 0.92879 0.06790995 0.92879 0.06790995 0.91475 0.09545999 0.90839 0.2007 0.90675 0.2007 0.91974 0.15801 0.92138 0.15801 0.92138 0.15801 0.90724 0.2007 0.90675 0.2007 0.87437 0.2007 0.8889 0.15801 0.89004 0.15801 0.89004 0.15801 0.87669 0.2007 0.87437 0.2007 0.86048 0.2007 0.87437 0.15801 0.87669 0.15801 0.87669 0.15801 0.86464 0.2007 0.86048 0.2007 0.8889 0.2007 0.90675 0.15801 0.90724 0.15801 0.90724 0.15801 0.89004 0.2007 0.8889 0.11611 0.9237 0.11612 0.90829 0.15801 0.90724 0.15801 0.90724 0.15801 0.92138 0.11611 0.9237 0.11612 0.89176 0.11612 0.87974 0.15801 0.87669 0.15801 0.87669 0.15801 0.89004 0.11612 0.89176 0.11612 0.87974 0.11612 0.87073 0.15801 0.86464 0.15801 0.86464 0.15801 0.87669 0.11612 0.87974 0.11612 0.87073 0.11612 0.86446 0.15801 0.85622 0.15801 0.85622 0.15801 0.86464 0.11612 0.87073 0.11612 0.86446 0.11612 0.86123 0.15801 0.85244 0.15801 0.85244 0.15801 0.85622 0.11612 0.86446 0.11612 0.90829 0.11612 0.89176 0.15801 0.89004 0.15801 0.89004 0.15801 0.90724 0.11612 0.90829 0.08935999 0.32444 0.08935999 0.35476 0.03867983 0.36013 0.03867983 0.36013 0.03171998 0.32704 0.08935999 0.32444 0.87523 0.5907 0.85141 0.6304 0.85144 0.59018 0.87523 0.5907 0.87346 0.6304 0.85141 0.6304 0.90135 0.59731 0.87346 0.6304 0.87523 0.5907 0.82504 0.6304 0.85144 0.59018 0.85141 0.6304 0.81399 0.62031 0.85144 0.59018 0.82504 0.6304 0.81398 0.59036 0.85144 0.59018 0.81399 0.62031 0.11002 0.8862 0.09547996 0.8862 0.09547996 0.88292 0.11612 0.89176 0.11002 0.8862 0.11612 0.87974 0.11002 0.8862 0.09547996 0.88292 0.11612 0.87974 0.09547996 0.88292 0.09547996 0.87638 0.11612 0.87073 0.11612 0.87073 0.11612 0.87974 0.09547996 0.88292 0.11612 0.86446 0.11612 0.87073 0.09547996 0.87638 0.09547996 0.87638 0.09547996 0.87146 0.11612 0.86446 0.09547996 0.87146 0.09547996 0.86934 0.11612 0.86123 0.11612 0.86123 0.11612 0.86446 0.09547996 0.87146 0.08192998 0.87374 0.07863998 0.87633 0.07863998 0.86976 0.07863998 0.86976 0.08313995 0.86148 0.08846998 0.86567 0.08846998 0.86567 0.08192998 0.87374 0.07863998 0.86976 0.08313995 0.86148 0.08739995 0.85209 0.09337997 0.85436 0.09337997 0.85436 0.08846998 0.86567 0.08313995 0.86148 0.08739995 0.85209 0.08976 0.8418 0.09549999 0.8418 0.09549999 0.8418 0.09337997 0.85436 0.08739995 0.85209 0.08313995 0.86148 0.07863998 0.86976 0.07567995 0.8418 0.08739995 0.85209 0.08313995 0.86148 0.08379 0.8418 0.08739995 0.85209 0.08379 0.8418 0.08976 0.8418 0.08379 0.8418 0.08313995 0.86148 0.07567995 0.8418 0.63624 0.90675 0.63624 0.91974 0.2007 0.91974 0.2007 0.91974 0.2007 0.90675 0.63624 0.90675 0.63624 0.94092 0.63624 0.9621 0.2007 0.9621 0.2007 0.9621 0.2007 0.94092 0.63624 0.94092 0.63624 0.91974 0.63624 0.94092 0.2007 0.94092 0.2007 0.94092 0.2007 0.91974 0.63624 0.91974 0.63624 0.8889 0.63624 0.90675 0.2007 0.90675 0.2007 0.90675 0.2007 0.8889 0.63624 0.8889 0.09228998 0.60333 0.09228998 0.59034 0.33435 0.59034 0.33435 0.59034 0.33435 0.60333 0.09228998 0.60333 0.09228998 0.64569 0.09228998 0.62452 0.33435 0.62452 0.33435 0.62452 0.33435 0.64569 0.09228998 0.64569 0.09228998 0.62452 0.09228998 0.60333 0.33435 0.60333 0.33435 0.60333 0.33435 0.62452 0.09228998 0.62452 0.09228998 0.59034 0.09228998 0.5725 0.33435 0.5725 0.33435 0.5725 0.33435 0.59034 0.09228998 0.59034 0.33435 0.60333 0.33435 0.59034 0.39683 0.60195 0.39683 0.67046 0.39683 0.66693 0.4501 0.65733 0.4501 0.65733 0.4501 0.66086 0.39683 0.67046 0.39683 0.66693 0.39683 0.65729 0.4501 0.6488 0.4501 0.6488 0.4501 0.65733 0.39683 0.66693 0.39683 0.65729 0.39683 0.64227 0.4501 0.63425 0.4501 0.63425 0.4501 0.6488 0.39683 0.65729 0.39683 0.64227 0.39683 0.62261 0.4501 0.61698 0.4501 0.61698 0.4501 0.63425 0.39683 0.64227 0.39683 0.62261 0.39683 0.60195 0.4501 0.59878 0.4501 0.59878 0.4501 0.61698 0.39683 0.62261 0.33435 0.59034 0.33435 0.5725 0.4501 0.5725 0.4501 0.5725 0.4501 0.59034 0.33435 0.59034 0.55068 0.58811 0.4501 0.59878 0.4501 0.59034 0.4501 0.66086 0.4501 0.65733 0.55068 0.63542 0.55068 0.63542 0.55068 0.63807 0.4501 0.66086 0.4501 0.65733 0.4501 0.6488 0.55068 0.62732 0.55068 0.62732 0.55068 0.63542 0.4501 0.65733 0.4501 0.6488 0.4501 0.63425 0.55068 0.61472 0.55068 0.61472 0.55068 0.62732 0.4501 0.6488 0.4501 0.63425 0.4501 0.61698 0.55068 0.60145 0.55068 0.60145 0.55068 0.61472 0.4501 0.63425 0.4501 0.61698 0.4501 0.59878 0.55068 0.58811 0.55068 0.58811 0.55068 0.60145 0.4501 0.61698 0.39683 0.60195 0.39683 0.62261 0.33435 0.62452 0.33435 0.62452 0.33435 0.60333 0.39683 0.60195 0.39683 0.62261 0.39683 0.64227 0.33435 0.64569 0.33435 0.64569 0.33435 0.62452 0.39683 0.62261 0.39683 0.64227 0.39683 0.65729 0.33435 0.66164 0.33435 0.66164 0.33435 0.64569 0.39683 0.64227 0.39683 0.65729 0.39683 0.66693 0.33435 0.67187 0.33435 0.67187 0.33435 0.66164 0.39683 0.65729 0.33435 0.67187 0.39683 0.66693 0.39683 0.67046 0.39683 0.67046 0.33435 0.68072 0.33435 0.67187 0.39683 0.60195 0.33435 0.59034 0.4501 0.59034 0.39683 0.60195 0.4501 0.59034 0.4501 0.59878 0.06790995 0.91475 0.08232998 0.9081 0.09545999 0.90839 0.09545999 0.77521 0.06790995 0.76884 0.06790995 0.7548 0.06790995 0.7548 0.09545999 0.75813 0.09545999 0.77521 0.81827 0.68242 0.79015 0.68268 0.81432 0.65446 0.85368 0.64075 0.87837 0.68263 0.85433 0.65446 0.81432 0.65446 0.82044 0.65465 0.81827 0.68242 0.8506 0.68242 0.84825 0.65465 0.85433 0.65446 0.85433 0.65446 0.85433 0.65446 0.84825 0.65465 0.84825 0.65465 0.84825 0.65465 0.85433 0.65446 0.85806 0.80827 0.85408 0.80827 0.85155 0.76744 0.85155 0.76744 0.86391 0.76745 0.85806 0.80827 0.8468 0.73758 0.87295 0.73758 0.86391 0.76745 0.86391 0.76745 0.85155 0.76744 0.8468 0.73758 0.8468 0.73758 0.85031 0.70744 0.87616 0.72609 0.81913 0.70744 0.79306 0.72858 0.78948 0.70967 0.81694 0.77612 0.79746 0.74448 0.81913 0.70744 0.79015 0.68268 0.78948 0.70967 0.78948 0.70967 0.78948 0.70967 0.79015 0.68268 0.79015 0.68268 0.87837 0.68263 0.87837 0.68263 0.85368 0.64075 0.87837 0.68263 0.8506 0.68242 0.85433 0.65446 0.87837 0.68263 0.87905 0.70967 0.85031 0.70744 0.85031 0.70744 0.8506 0.68242 0.87837 0.68263 0.85031 0.70744 0.87905 0.70967 0.87616 0.72609 0.87616 0.72609 0.87295 0.73758 0.8468 0.73758 0.81694 0.77612 0.80727 0.77614 0.79746 0.74448 0.81913 0.70744 0.79746 0.74448 0.79306 0.72858 0.79015 0.68268 0.81486 0.64075 0.81432 0.65446 0.81913 0.70744 0.78948 0.70967 0.79015 0.68268 0.79015 0.68268 0.81827 0.68242 0.81913 0.70744 0.81445 0.80827 0.81047 0.80827 0.80727 0.77614 0.80727 0.77614 0.81694 0.77612 0.81445 0.80827 0.81901 0.80827 0.81445 0.80827 0.81694 0.77612 0.81694 0.77612 0.82204 0.77611 0.81901 0.80827 0.83452 0.80827 0.83121 0.80827 0.83055 0.7761 0.83055 0.7761 0.83452 0.77434 0.83452 0.80827 0.8132 0.82587 0.8109 0.82587 0.81047 0.80827 0.81047 0.80827 0.81445 0.80827 0.8132 0.82587 0.81659 0.82587 0.8132 0.82587 0.81445 0.80827 0.81445 0.80827 0.81901 0.80827 0.81659 0.82587 0.83452 0.82587 0.83137 0.82587 0.83121 0.80827 0.83121 0.80827 0.83452 0.80827 0.83452 0.82587 0.8132 0.82587 0.81106 0.83155 0.8109 0.82587 0.81126 0.83765 0.8132 0.82587 0.81659 0.82587 0.81659 0.82587 0.81144 0.84119 0.81126 0.83765 0.8334 0.84119 0.83137 0.82587 0.83452 0.82587 0.83452 0.82587 0.83452 0.84282 0.8334 0.84119 0.8132 0.82587 0.81126 0.83765 0.81106 0.83155 0.85408 0.80827 0.84952 0.80827 0.84611 0.77137 0.84611 0.77137 0.85155 0.76744 0.85408 0.80827 0.83776 0.80827 0.83452 0.80827 0.83452 0.77434 0.83452 0.77434 0.83802 0.77137 0.83776 0.80827 0.85534 0.82587 0.85408 0.80827 0.85806 0.80827 0.85806 0.80827 0.85763 0.82587 0.85534 0.82587 0.85194 0.82587 0.84952 0.80827 0.85408 0.80827 0.85408 0.80827 0.85534 0.82587 0.85194 0.82587 0.83452 0.82587 0.83452 0.80827 0.83776 0.80827 0.83776 0.80827 0.83699 0.82587 0.83452 0.82587 0.85534 0.82587 0.85763 0.82587 0.85747 0.83155 0.85728 0.83765 0.85709 0.84119 0.85194 0.82587 0.85194 0.82587 0.85534 0.82587 0.85728 0.83765 0.83564 0.84119 0.83452 0.84282 0.83452 0.82587 0.83452 0.82587 0.83699 0.82587 0.83564 0.84119 0.85534 0.82587 0.85747 0.83155 0.85728 0.83765 0.8252 0.74573 0.81694 0.77612 0.81913 0.70744 0.81694 0.77612 0.8252 0.74573 0.82711 0.75027 0.82711 0.75027 0.82204 0.77611 0.81694 0.77612 0.83213 0.75357 0.83451 0.75514 0.83452 0.77434 0.85155 0.76744 0.84611 0.77137 0.8427 0.75889 0.8427 0.75889 0.84494 0.75422 0.85155 0.76744 0.83452 0.77434 0.83451 0.75514 0.83956 0.75768 0.8427 0.75889 0.83802 0.77137 0.83452 0.77434 0.83452 0.77434 0.83956 0.75768 0.8427 0.75889 0.84494 0.75422 0.8468 0.73758 0.85155 0.76744 0.83452 0.77434 0.83055 0.7761 0.82791 0.75078 0.82791 0.75078 0.83213 0.75357 0.83452 0.77434 0.82337 0.56136 0.82283 0.57507 0.84755 0.53315 0.78402 0.57507 0.78337 0.56136 0.75932 0.5332 0.82337 0.56136 0.81942 0.53341 0.81726 0.56118 0.78709 0.53341 0.78337 0.56136 0.78944 0.56118 0.78337 0.56136 0.78944 0.56118 0.78944 0.56118 0.78944 0.56118 0.78337 0.56136 0.78337 0.56136 0.77964 0.40755 0.77394 0.44794 0.78614 0.44837 0.78614 0.44837 0.78362 0.40755 0.77964 0.40755 0.7909 0.47824 0.78614 0.44837 0.77394 0.44794 0.77394 0.44794 0.76474 0.47825 0.7909 0.47824 0.7909 0.47824 0.76154 0.48974 0.78739 0.50838 0.81857 0.50838 0.84822 0.50616 0.84463 0.48725 0.82076 0.4397 0.81857 0.50838 0.84023 0.47135 0.84755 0.53315 0.84755 0.53315 0.84822 0.50616 0.84822 0.50616 0.84822 0.50616 0.84755 0.53315 0.75932 0.5332 0.78402 0.57507 0.75932 0.5332 0.75932 0.5332 0.78337 0.56136 0.78709 0.53341 0.75932 0.5332 0.78709 0.53341 0.78739 0.50838 0.78739 0.50838 0.75864 0.50616 0.75932 0.5332 0.78739 0.50838 0.76154 0.48974 0.75864 0.50616 0.76154 0.48974 0.7909 0.47824 0.76474 0.47825 0.82076 0.4397 0.84023 0.47135 0.83043 0.43968 0.81857 0.50838 0.84463 0.48725 0.84023 0.47135 0.84822 0.50616 0.81857 0.50838 0.81942 0.53341 0.81942 0.53341 0.84755 0.53315 0.84822 0.50616 0.81942 0.53341 0.82337 0.56136 0.84755 0.53315 0.82325 0.40754 0.82076 0.4397 0.83043 0.43968 0.83043 0.43968 0.82724 0.40754 0.82325 0.40754 0.8187 0.40754 0.81566 0.4397 0.82076 0.4397 0.82076 0.4397 0.82325 0.40754 0.8187 0.40754 0.80319 0.40754 0.80319 0.44147 0.80715 0.43971 0.80715 0.43971 0.8065 0.40754 0.80319 0.40754 0.82451 0.38994 0.82325 0.40754 0.82724 0.40754 0.82724 0.40754 0.8268 0.38994 0.82451 0.38994 0.82112 0.38994 0.8187 0.40754 0.82325 0.40754 0.82325 0.40754 0.82451 0.38994 0.82112 0.38994 0.80319 0.38994 0.80319 0.40754 0.8065 0.40754 0.8065 0.40754 0.80633 0.38994 0.80319 0.38994 0.82451 0.38994 0.8268 0.38994 0.82665 0.38426 0.82645 0.37816 0.82626 0.37462 0.82112 0.38994 0.82112 0.38994 0.82451 0.38994 0.82645 0.37816 0.80431 0.37462 0.80319 0.37299 0.80319 0.38994 0.80319 0.38994 0.80633 0.38994 0.80431 0.37462 0.82451 0.38994 0.82665 0.38426 0.82645 0.37816 0.78362 0.40755 0.78614 0.44837 0.7916 0.44444 0.7916 0.44444 0.78818 0.40754 0.78362 0.40755 0.79995 0.40754 0.79969 0.44444 0.80319 0.44147 0.80319 0.44147 0.80319 0.40754 0.79995 0.40754 0.78237 0.38994 0.78008 0.38994 0.77964 0.40755 0.77964 0.40755 0.78362 0.40755 0.78237 0.38994 0.78576 0.38994 0.78237 0.38994 0.78362 0.40755 0.78362 0.40755 0.78818 0.40754 0.78576 0.38994 0.80319 0.38994 0.80072 0.38994 0.79995 0.40754 0.79995 0.40754 0.80319 0.40754 0.80319 0.38994 0.78237 0.38994 0.78023 0.38426 0.78008 0.38994 0.78043 0.37816 0.78237 0.38994 0.78576 0.38994 0.78576 0.38994 0.78062 0.37462 0.78043 0.37816 0.80206 0.37462 0.80072 0.38994 0.80319 0.38994 0.80319 0.38994 0.80319 0.37299 0.80206 0.37462 0.78237 0.38994 0.78043 0.37816 0.78023 0.38426 0.8125 0.47008 0.81857 0.50838 0.82076 0.4397 0.82076 0.4397 0.81566 0.4397 0.81059 0.46559 0.81059 0.46559 0.8125 0.47008 0.82076 0.4397 0.80557 0.46234 0.80319 0.44147 0.8032 0.46067 0.78614 0.44837 0.79276 0.46159 0.79501 0.45693 0.79501 0.45693 0.7916 0.44444 0.78614 0.44837 0.80319 0.44147 0.79815 0.45813 0.8032 0.46067 0.79501 0.45693 0.79815 0.45813 0.80319 0.44147 0.80319 0.44147 0.79969 0.44444 0.79501 0.45693 0.79276 0.46159 0.78614 0.44837 0.7909 0.47824 0.80319 0.44147 0.80557 0.46234 0.80979 0.46507 0.80979 0.46507 0.80715 0.43971 0.80319 0.44147 0.79328 0.78421 0.79328 0.83537 0.79605 0.83537 0.79605 0.83537 0.79605 0.78421 0.79328 0.78421 0.79605 0.78421 0.79605 0.83537 0.79605 0.83537 0.79605 0.83537 0.79605 0.78421 0.79605 0.78421 0.79605 0.78421 0.79605 0.83537 0.79328 0.83537 0.79328 0.83537 0.79328 0.78421 0.79605 0.78421 0.79328 0.78421 0.79328 0.83537 0.7905 0.83537 0.7905 0.83537 0.7905 0.78421 0.79328 0.78421 0.7905 0.78421 0.7905 0.83537 0.7905 0.83537 0.7905 0.83537 0.7905 0.78421 0.7905 0.78421 0.7905 0.78421 0.7905 0.83537 0.79328 0.83537 0.79328 0.83537 0.79328 0.78421 0.7905 0.78421 0.01251 0.68888 0.01251 0.68888 0.01251 0.68888 0.01251 0.68888 0.01251 0.68888 0.01251 0.68888 0.01251 0.68888 0.01251 0.68888 0.01251 0.68888 0.01251 0.68888 0.01251 0.68888 0.01251 0.68888 0.94879 0.45588 0.96709 0.45588 0.96758 0.46732 0.96758 0.46732 0.94879 0.46767 0.94879 0.45588 0.94879 0.46767 0.96758 0.46732 0.96801 0.47731 0.96801 0.47731 0.94879 0.47789 0.94879 0.46767 0.96836 0.4853 0.94879 0.48601 0.94879 0.47789 0.94879 0.47789 0.96801 0.47731 0.96836 0.4853 0.9686 0.49206 0.94879 0.49229 0.94879 0.48601 0.94879 0.48601 0.96836 0.4853 0.9686 0.49206 0.96869 0.49804 0.94879 0.49804 0.94879 0.49229 0.94879 0.49229 0.9686 0.49206 0.96869 0.49804 0.94879 0.41035 0.96527 0.41109 0.96539 0.41691 0.96539 0.41691 0.94879 0.41642 0.94879 0.41035 0.94879 0.41642 0.96539 0.41691 0.96567 0.42354 0.96567 0.42354 0.94879 0.42286 0.94879 0.41642 0.94879 0.42286 0.96567 0.42354 0.96611 0.43365 0.96611 0.43365 0.94879 0.43329 0.94879 0.42286 0.94879 0.43329 0.96611 0.43365 0.9666 0.44501 0.9666 0.44501 0.94879 0.44479 0.94879 0.43329 0.94879 0.44479 0.9666 0.44501 0.96709 0.45588 0.96709 0.45588 0.94879 0.45588 0.94879 0.44479 0.96709 0.45588 0.98453 0.45587 0.98543 0.46655 0.98543 0.46655 0.96758 0.46732 0.96709 0.45588 0.96758 0.46732 0.98543 0.46655 0.98623 0.47579 0.98623 0.47579 0.96801 0.47731 0.96758 0.46732 0.96801 0.47731 0.98623 0.47579 0.98682 0.48264 0.98682 0.48264 0.96836 0.4853 0.96801 0.47731 0.98725 0.48966 0.9686 0.49206 0.96836 0.4853 0.96836 0.4853 0.98682 0.48264 0.98725 0.48966 0.98743 0.49503 0.96869 0.49804 0.9686 0.49206 0.9686 0.49206 0.98725 0.48966 0.98743 0.49503 0.96527 0.41109 0.98124 0.41508 0.98145 0.42054 0.98145 0.42054 0.96539 0.41691 0.96527 0.41109 0.96539 0.41691 0.98145 0.42054 0.98189 0.42581 0.98189 0.42581 0.96567 0.42354 0.96539 0.41691 0.96567 0.42354 0.98189 0.42581 0.9827 0.43515 0.9827 0.43515 0.96611 0.43365 0.96567 0.42354 0.96611 0.43365 0.9827 0.43515 0.9836 0.44555 0.9836 0.44555 0.9666 0.44501 0.96611 0.43365 0.9666 0.44501 0.9836 0.44555 0.98453 0.45587 0.98453 0.45587 0.96709 0.45588 0.9666 0.44501 0.98453 0.45587 0.9901 0.45587 0.99088 0.46515 0.99088 0.46515 0.98543 0.46655 0.98453 0.45587 0.98543 0.46655 0.99088 0.46515 0.99161 0.47356 0.99161 0.47356 0.98623 0.47579 0.98543 0.46655 0.99209 0.47923 0.98682 0.48264 0.98623 0.47579 0.98623 0.47579 0.99161 0.47356 0.99209 0.47923 0.99248 0.48656 0.98725 0.48966 0.98682 0.48264 0.98682 0.48264 0.99209 0.47923 0.99248 0.48656 0.98725 0.48966 0.99248 0.48656 0.99265 0.49217 0.99265 0.49217 0.98743 0.49503 0.98725 0.48966 0.98124 0.41508 0.98726 0.4203 0.98742 0.42516 0.98742 0.42516 0.98145 0.42054 0.98124 0.41508 0.98145 0.42054 0.98742 0.42516 0.98778 0.42946 0.98778 0.42946 0.98189 0.42581 0.98145 0.42054 0.98189 0.42581 0.98778 0.42946 0.98847 0.4374 0.98847 0.4374 0.9827 0.43515 0.98189 0.42581 0.9827 0.43515 0.98847 0.4374 0.98925 0.44642 0.98925 0.44642 0.9836 0.44555 0.9827 0.43515 0.9836 0.44555 0.98925 0.44642 0.9901 0.45587 0.9901 0.45587 0.98453 0.45587 0.9836 0.44555 0.79829 0.88989 0.78742 0.89099 0.7882 0.88171 0.7882 0.88171 0.79896 0.88171 0.79829 0.88989 0.7976 0.89775 0.7867 0.89939 0.78742 0.89099 0.78742 0.89099 0.79829 0.88989 0.7976 0.89775 0.79715 0.90301 0.78621 0.90507 0.7867 0.89939 0.7867 0.89939 0.7976 0.89775 0.79715 0.90301 0.79682 0.90973 0.78583 0.91239 0.78621 0.90507 0.78621 0.90507 0.79715 0.90301 0.79682 0.90973 0.79665 0.91529 0.78565 0.91797 0.78583 0.91239 0.78583 0.91239 0.79682 0.90973 0.79665 0.91529 0.80135 0.85443 0.79088 0.851 0.79105 0.84613 0.79105 0.84613 0.80147 0.85002 0.80135 0.85443 0.80106 0.85789 0.79052 0.8553 0.79088 0.851 0.79088 0.851 0.80135 0.85443 0.80106 0.85789 0.80048 0.86458 0.78983 0.86324 0.79052 0.8553 0.79052 0.8553 0.80106 0.85789 0.80048 0.86458 0.79976 0.87294 0.78905 0.87226 0.78983 0.86324 0.78983 0.86324 0.80048 0.86458 0.79976 0.87294 0.79896 0.88171 0.7882 0.88171 0.78905 0.87226 0.78905 0.87226 0.79976 0.87294 0.79896 0.88171 0.82 0.89065 0.79829 0.88989 0.79896 0.88171 0.79896 0.88171 0.82 0.88171 0.82 0.89065 0.82001 0.89895 0.7976 0.89775 0.79829 0.88989 0.79829 0.88989 0.82 0.89065 0.82001 0.89895 0.82002 0.90496 0.79715 0.90301 0.7976 0.89775 0.7976 0.89775 0.82001 0.89895 0.82002 0.90496 0.82003 0.91241 0.79682 0.90973 0.79715 0.90301 0.79715 0.90301 0.82002 0.90496 0.82003 0.91241 0.82003 0.91826 0.79665 0.91529 0.79682 0.90973 0.79682 0.90973 0.82003 0.91241 0.82003 0.91826 0.81996 0.85361 0.80135 0.85443 0.80147 0.85002 0.80147 0.85002 0.81997 0.8492 0.81996 0.85361 0.81998 0.85721 0.80106 0.85789 0.80135 0.85443 0.80135 0.85443 0.81996 0.85361 0.81998 0.85721 0.81998 0.86414 0.80048 0.86458 0.80106 0.85789 0.80106 0.85789 0.81998 0.85721 0.81998 0.86414 0.81999 0.87273 0.79976 0.87294 0.80048 0.86458 0.80048 0.86458 0.81998 0.86414 0.81999 0.87273 0.82 0.88171 0.79896 0.88171 0.79976 0.87294 0.79976 0.87294 0.81999 0.87273 0.82 0.88171 0.94879 0.45588 0.94879 0.46767 0.91778 0.45678 0.91778 0.46726 0.94879 0.46767 0.94879 0.47789 0.94879 0.47789 0.91778 0.4769 0.91778 0.46726 0.94879 0.47789 0.94879 0.48601 0.91778 0.48035 0.91778 0.48484 0.94879 0.48601 0.94879 0.49229 0.94879 0.49229 0.91778 0.49194 0.91778 0.48484 0.91778 0.49194 0.94879 0.49229 0.94879 0.49804 0.94879 0.49804 0.91778 0.49804 0.91778 0.49194 0.91778 0.4123 0.94879 0.41035 0.94879 0.41642 0.94879 0.41642 0.91778 0.41842 0.91778 0.4123 0.94879 0.41642 0.94879 0.42286 0.91778 0.42439 0.91778 0.42439 0.91778 0.41842 0.94879 0.41642 0.94879 0.42286 0.94879 0.43329 0.91778 0.42774 0.91778 0.43409 0.94879 0.43329 0.94879 0.44479 0.94879 0.44479 0.91778 0.44897 0.91778 0.43409 0.91778 0.49194 0.91778 0.49804 0.90735 0.49804 0.90735 0.49804 0.90734 0.49161 0.91778 0.49194 0.87617 0.46472 0.89205 0.46191 0.89208 0.46595 0.89208 0.47489 0.87603 0.47269 0.87617 0.46472 0.87617 0.46472 0.89208 0.46595 0.89208 0.47489 0.89208 0.47489 0.89208 0.48252 0.87591 0.47924 0.87591 0.47924 0.87603 0.47269 0.89208 0.47489 0.87591 0.47924 0.89208 0.48252 0.89208 0.4856 0.87591 0.47924 0.89208 0.4856 0.89208 0.48841 0.87591 0.47924 0.89208 0.48841 0.87584 0.48406 0.86047 0.48829 0.8849 0.49081 0.8849 0.49804 0.8849 0.49804 0.86044 0.49804 0.86047 0.48829 0.87686 0.422 0.89208 0.41777 0.89208 0.42328 0.89208 0.42328 0.87682 0.42717 0.87686 0.422 0.87674 0.43173 0.89208 0.42848 0.89208 0.43678 0.89208 0.43678 0.87662 0.43908 0.87674 0.43173 0.87662 0.43908 0.89208 0.43678 0.89208 0.44476 0.89208 0.44476 0.87647 0.44754 0.87662 0.43908 0.87647 0.44754 0.89208 0.44476 0.89208 0.45323 0.89208 0.45323 0.87632 0.45588 0.87647 0.44754 0.86286 0.85544 0.88719 0.85444 0.88716 0.84571 0.88716 0.84571 0.86301 0.8466 0.86286 0.85544 0.86272 0.86342 0.88722 0.86174 0.88719 0.85444 0.88719 0.85444 0.86286 0.85544 0.86272 0.86342 0.86261 0.86997 0.88723 0.86884 0.88722 0.86174 0.88722 0.86174 0.86272 0.86342 0.86261 0.86997 0.86253 0.87524 0.88723 0.88442 0.88723 0.86884 0.88723 0.86884 0.86261 0.86997 0.86253 0.87524 0.8871 0.81577 0.86355 0.81385 0.86352 0.8179 0.86352 0.8179 0.8871 0.81956 0.8871 0.81577 0.8871 0.81956 0.86352 0.8179 0.86343 0.82245 0.86343 0.82245 0.8871 0.82378 0.8871 0.81956 0.86331 0.82981 0.88713 0.83075 0.8871 0.82378 0.8871 0.82378 0.86343 0.82245 0.86331 0.82981 0.86316 0.83826 0.88715 0.83862 0.88713 0.83075 0.88713 0.83075 0.86331 0.82981 0.86316 0.83826 0.86301 0.8466 0.88716 0.84571 0.88715 0.83862 0.88715 0.83862 0.86316 0.83826 0.86301 0.8466 0.88798 0.96938 0.8247 0.96938 0.82468 0.97626 0.82468 0.97626 0.88796 0.97286 0.88798 0.96938 0.88796 0.97286 0.82468 0.97626 0.82465 0.9820001 0.82465 0.9820001 0.88794 0.97559 0.88796 0.97286 0.88793 0.97745 0.88794 0.97559 0.85374 0.98227 0.87159 0.98127 0.88792 0.97812 0.88793 0.97745 0.88793 0.97745 0.87105 0.98114 0.87159 0.98127 0.82475 0.94879 0.88803 0.9611 0.88803 0.95816 0.88803 0.95816 0.82475 0.94552 0.82475 0.94879 0.82475 0.94879 0.82475 0.95211 0.88803 0.9611 0.82473 0.9576 0.88801 0.96291 0.88803 0.9611 0.88803 0.9611 0.82475 0.95211 0.82473 0.9576 0.82471 0.9638 0.8880001 0.966 0.88801 0.96291 0.88801 0.96291 0.82473 0.9576 0.82471 0.9638 0.8880001 0.966 0.82471 0.9638 0.8247 0.96938 0.8247 0.96938 0.88798 0.96938 0.8880001 0.966 0.87105 0.98114 0.88793 0.97745 0.85374 0.98227 0.85374 0.98227 0.82464 0.9876 0.82464 0.99647 0.82464 0.99647 0.87105 0.98114 0.85374 0.98227 0.86253 0.87524 0.86249 0.88066 0.88723 0.88442 0.88723 0.88442 0.88723 0.88442 0.86253 0.87524 0.85374 0.98227 0.82465 0.9820001 0.82464 0.9876 0.85374 0.98227 0.88794 0.97559 0.82465 0.9820001 0.90735 0.49804 0.8849 0.49804 0.8849 0.49081 0.8849 0.49081 0.90734 0.49161 0.90735 0.49804 0.90734 0.49161 0.8849 0.49081 0.89208 0.48841 0.8849 0.49081 0.86047 0.48829 0.87584 0.48406 0.87584 0.48406 0.89208 0.48841 0.8849 0.49081 0.86253 0.87524 0.8430001 0.8766 0.84297 0.88145 0.84297 0.88145 0.86249 0.88066 0.86253 0.87524 0.89208 0.45323 0.89969 0.45689 0.89205 0.46191 0.89205 0.46191 0.87617 0.46472 0.87632 0.45588 0.94879 0.45588 0.91778 0.45678 0.91778 0.44897 0.91778 0.44897 0.94879 0.44479 0.94879 0.45588 0.91778 0.46726 0.91778 0.45678 0.94879 0.46767 0.89969 0.45689 0.89967 0.44971 0.91778 0.44897 0.91778 0.44897 0.91778 0.45678 0.89969 0.45689 0.89205 0.46191 0.87632 0.45588 0.89208 0.45323 0.89208 0.44476 0.89967 0.44971 0.89208 0.45323 0.89208 0.45323 0.89967 0.44971 0.89969 0.45689 0.87674 0.43173 0.87682 0.42717 0.89208 0.42328 0.89208 0.42328 0.89208 0.42848 0.87674 0.43173 0.88697 0.93957 0.88605 0.9437 0.87648 0.93949 0.88605 0.9437 0.88371 0.94694 0.87648 0.93949 0.88371 0.94694 0.88028 0.94913 0.87648 0.93949 0.88028 0.94913 0.87648 0.94993 0.87648 0.93949 0.87648 0.92891 0.88055 0.92975 0.87648 0.93949 0.88055 0.92975 0.88377 0.9319 0.87648 0.93949 0.88377 0.9319 0.88629 0.93557 0.87648 0.93949 0.88629 0.93557 0.88697 0.93957 0.87648 0.93949 0.94879 0.54021 0.94879 0.52842 0.96758 0.52877 0.96758 0.52877 0.96709 0.54022 0.94879 0.54021 0.94879 0.52842 0.94879 0.51819 0.96801 0.51878 0.96801 0.51878 0.96758 0.52877 0.94879 0.52842 0.96836 0.51079 0.96801 0.51878 0.94879 0.51819 0.94879 0.51819 0.94879 0.51008 0.96836 0.51079 0.9686 0.50403 0.96836 0.51079 0.94879 0.51008 0.94879 0.51008 0.94879 0.5038 0.9686 0.50403 0.96869 0.49804 0.9686 0.50403 0.94879 0.5038 0.94879 0.5038 0.94879 0.49804 0.96869 0.49804 0.94879 0.58574 0.94879 0.57967 0.96539 0.57918 0.96539 0.57918 0.96527 0.585 0.94879 0.58574 0.94879 0.57967 0.94879 0.57323 0.96567 0.57255 0.96567 0.57255 0.96539 0.57918 0.94879 0.57967 0.94879 0.57323 0.94879 0.5628 0.96611 0.56244 0.96611 0.56244 0.96567 0.57255 0.94879 0.57323 0.94879 0.5628 0.94879 0.5513 0.9666 0.55108 0.9666 0.55108 0.96611 0.56244 0.94879 0.5628 0.94879 0.5513 0.94879 0.54021 0.96709 0.54022 0.96709 0.54022 0.9666 0.55108 0.94879 0.5513 0.96709 0.54022 0.96758 0.52877 0.98543 0.52954 0.98543 0.52954 0.98453 0.54022 0.96709 0.54022 0.96758 0.52877 0.96801 0.51878 0.98623 0.5203 0.98623 0.5203 0.98543 0.52954 0.96758 0.52877 0.96801 0.51878 0.96836 0.51079 0.98682 0.51345 0.98682 0.51345 0.98623 0.5203 0.96801 0.51878 0.98725 0.50643 0.98682 0.51345 0.96836 0.51079 0.96836 0.51079 0.9686 0.50403 0.98725 0.50643 0.98743 0.50106 0.98725 0.50643 0.9686 0.50403 0.9686 0.50403 0.96869 0.49804 0.98743 0.50106 0.96527 0.585 0.96539 0.57918 0.98145 0.57555 0.98145 0.57555 0.98124 0.58101 0.96527 0.585 0.96539 0.57918 0.96567 0.57255 0.98189 0.57028 0.98189 0.57028 0.98145 0.57555 0.96539 0.57918 0.96567 0.57255 0.96611 0.56244 0.9827 0.56094 0.9827 0.56094 0.98189 0.57028 0.96567 0.57255 0.96611 0.56244 0.9666 0.55108 0.9836 0.55054 0.9836 0.55054 0.9827 0.56094 0.96611 0.56244 0.9666 0.55108 0.96709 0.54022 0.98453 0.54022 0.98453 0.54022 0.9836 0.55054 0.9666 0.55108 0.98453 0.54022 0.98543 0.52954 0.99088 0.53094 0.99088 0.53094 0.9901 0.54022 0.98453 0.54022 0.98543 0.52954 0.98623 0.5203 0.99161 0.52253 0.99161 0.52253 0.99088 0.53094 0.98543 0.52954 0.99209 0.51686 0.99161 0.52253 0.98623 0.5203 0.98623 0.5203 0.98682 0.51345 0.99209 0.51686 0.99248 0.50953 0.99209 0.51686 0.98682 0.51345 0.98682 0.51345 0.98725 0.50643 0.99248 0.50953 0.98725 0.50643 0.98743 0.50106 0.99265 0.50392 0.99265 0.50392 0.99248 0.50953 0.98725 0.50643 0.98124 0.58101 0.98145 0.57555 0.98742 0.57093 0.98742 0.57093 0.98726 0.57579 0.98124 0.58101 0.98145 0.57555 0.98189 0.57028 0.98778 0.56663 0.98778 0.56663 0.98742 0.57093 0.98145 0.57555 0.98189 0.57028 0.9827 0.56094 0.98847 0.55869 0.98847 0.55869 0.98778 0.56663 0.98189 0.57028 0.9827 0.56094 0.9836 0.55054 0.98925 0.54967 0.98925 0.54967 0.98847 0.55869 0.9827 0.56094 0.9836 0.55054 0.98453 0.54022 0.9901 0.54022 0.9901 0.54022 0.98925 0.54967 0.9836 0.55054 0.79829 0.96797 0.79896 0.95978 0.7882 0.95979 0.7882 0.95979 0.78742 0.96907 0.79829 0.96797 0.7976 0.97583 0.79829 0.96797 0.78742 0.96907 0.78742 0.96907 0.7867 0.97747 0.7976 0.97583 0.79715 0.98109 0.7976 0.97583 0.7867 0.97747 0.7867 0.97747 0.78621 0.98314 0.79715 0.98109 0.79682 0.98781 0.79715 0.98109 0.78621 0.98314 0.78621 0.98314 0.78583 0.99047 0.79682 0.98781 0.79665 0.99337 0.79682 0.98781 0.78583 0.99047 0.78583 0.99047 0.78565 0.99605 0.79665 0.99337 0.80135 0.9325 0.80147 0.9281 0.79105 0.92421 0.79105 0.92421 0.79088 0.92908 0.80135 0.9325 0.80106 0.93597 0.80135 0.9325 0.79088 0.92908 0.79088 0.92908 0.79052 0.93337 0.80106 0.93597 0.80048 0.94266 0.80106 0.93597 0.79052 0.93337 0.79052 0.93337 0.78983 0.94132 0.80048 0.94266 0.79976 0.95102 0.80048 0.94266 0.78983 0.94132 0.78983 0.94132 0.78905 0.95033 0.79976 0.95102 0.79896 0.95978 0.79976 0.95102 0.78905 0.95033 0.78905 0.95033 0.7882 0.95979 0.79896 0.95978 0.82 0.96873 0.82 0.95979 0.79896 0.95978 0.79896 0.95978 0.79829 0.96797 0.82 0.96873 0.82001 0.97703 0.82 0.96873 0.79829 0.96797 0.79829 0.96797 0.7976 0.97583 0.82001 0.97703 0.82002 0.98304 0.82001 0.97703 0.7976 0.97583 0.7976 0.97583 0.79715 0.98109 0.82002 0.98304 0.82003 0.99049 0.82002 0.98304 0.79715 0.98109 0.79715 0.98109 0.79682 0.98781 0.82003 0.99049 0.82003 0.99634 0.82003 0.99049 0.79682 0.98781 0.79682 0.98781 0.79665 0.99337 0.82003 0.99634 0.81996 0.93169 0.81997 0.92728 0.80147 0.9281 0.80147 0.9281 0.80135 0.9325 0.81996 0.93169 0.81998 0.93529 0.81996 0.93169 0.80135 0.9325 0.80135 0.9325 0.80106 0.93597 0.81998 0.93529 0.81998 0.94221 0.81998 0.93529 0.80106 0.93597 0.80106 0.93597 0.80048 0.94266 0.81998 0.94221 0.81999 0.9508 0.81998 0.94221 0.80048 0.94266 0.80048 0.94266 0.79976 0.95102 0.81999 0.9508 0.82 0.95979 0.81999 0.9508 0.79976 0.95102 0.79976 0.95102 0.79896 0.95978 0.82 0.95979 0.91778 0.50415 0.91778 0.49804 0.94879 0.49804 0.94879 0.49804 0.94879 0.5038 0.91778 0.50415 0.91778 0.50415 0.90734 0.50448 0.90735 0.49804 0.90735 0.49804 0.91778 0.49804 0.91778 0.50415 0.86047 0.5078 0.86044 0.49804 0.8849 0.49804 0.8849 0.49804 0.8849 0.50528 0.86047 0.5078 0.86286 0.85544 0.86301 0.8466 0.88716 0.84571 0.88716 0.84571 0.88719 0.85444 0.86286 0.85544 0.86272 0.86342 0.86286 0.85544 0.88719 0.85444 0.88719 0.85444 0.88722 0.86174 0.86272 0.86342 0.86261 0.86997 0.86272 0.86342 0.88722 0.86174 0.88722 0.86174 0.88723 0.86884 0.86261 0.86997 0.86253 0.87524 0.86261 0.86997 0.88723 0.86884 0.88723 0.86884 0.88723 0.88442 0.86253 0.87524 0.8871 0.81577 0.8871 0.81956 0.86352 0.8179 0.86352 0.8179 0.86355 0.81385 0.8871 0.81577 0.8871 0.81956 0.8871 0.82378 0.86343 0.82245 0.86343 0.82245 0.86352 0.8179 0.8871 0.81956 0.86331 0.82981 0.86343 0.82245 0.8871 0.82378 0.8871 0.82378 0.88713 0.83075 0.86331 0.82981 0.86316 0.83826 0.86331 0.82981 0.88713 0.83075 0.88713 0.83075 0.88715 0.83862 0.86316 0.83826 0.86301 0.8466 0.86316 0.83826 0.88715 0.83862 0.88715 0.83862 0.88716 0.84571 0.86301 0.8466 0.88798 0.90861 0.88796 0.90513 0.82468 0.90173 0.82468 0.90173 0.8247 0.90861 0.88798 0.90861 0.88796 0.90513 0.88794 0.9024 0.82465 0.89599 0.82465 0.89599 0.82468 0.90173 0.88796 0.90513 0.88793 0.90054 0.85374 0.89572 0.88794 0.9024 0.87159 0.89672 0.87105 0.89685 0.88793 0.90054 0.88793 0.90054 0.88792 0.89987 0.87159 0.89672 0.82475 0.9292 0.82475 0.93247 0.88803 0.91983 0.88803 0.91983 0.88803 0.91689 0.82475 0.9292 0.82475 0.9292 0.88803 0.91689 0.82475 0.92588 0.82473 0.92039 0.82475 0.92588 0.88803 0.91689 0.88803 0.91689 0.88801 0.91508 0.82473 0.92039 0.82471 0.91419 0.82473 0.92039 0.88801 0.91508 0.88801 0.91508 0.8880001 0.91199 0.82471 0.91419 0.8880001 0.91199 0.88798 0.90861 0.8247 0.90861 0.8247 0.90861 0.82471 0.91419 0.8880001 0.91199 0.87105 0.89685 0.85374 0.89572 0.88793 0.90054 0.85374 0.89572 0.87105 0.89685 0.82464 0.88152 0.82464 0.88152 0.82464 0.89039 0.85374 0.89572 0.86253 0.87524 0.88723 0.88442 0.88723 0.88442 0.88723 0.88442 0.86249 0.88066 0.86253 0.87524 0.85374 0.89572 0.82464 0.89039 0.82465 0.89599 0.85374 0.89572 0.82465 0.89599 0.88794 0.9024 0.90735 0.49804 0.90734 0.50448 0.8849 0.50528 0.8849 0.50528 0.8849 0.49804 0.90735 0.49804 0.90734 0.50448 0.89208 0.50768 0.8849 0.50528 0.8849 0.50528 0.89208 0.50768 0.87584 0.51203 0.87584 0.51203 0.86047 0.5078 0.8849 0.50528 0.86253 0.87524 0.86249 0.88066 0.84297 0.88145 0.84297 0.88145 0.8430001 0.8766 0.86253 0.87524 0.86599 0.93957 0.87648 0.93949 0.86691 0.9437 0.86691 0.9437 0.87648 0.93949 0.86925 0.94694 0.86925 0.94694 0.87648 0.93949 0.87268 0.94913 0.87268 0.94913 0.87648 0.93949 0.87648 0.94993 0.87648 0.92891 0.87648 0.93949 0.87241 0.92975 0.87241 0.92975 0.87648 0.93949 0.86919 0.9319 0.86919 0.9319 0.87648 0.93949 0.86667 0.93557 0.86667 0.93557 0.87648 0.93949 0.86599 0.93957 0.89208 0.4856 0.89661 0.48768 0.89208 0.48841 0.89661 0.48768 0.9063 0.48898 0.90734 0.49161 0.90734 0.49161 0.89208 0.48841 0.89661 0.48768 0.91778 0.41842 0.90637 0.41992 0.91778 0.4123 0.91778 0.41842 0.91778 0.42439 0.91452 0.42491 0.91452 0.42491 0.90637 0.41992 0.91778 0.41842 0.91778 0.4123 0.90637 0.41992 0.8966 0.42183 0.8966 0.42183 0.89208 0.41777 0.91778 0.4123 0.89208 0.41777 0.8966 0.42183 0.89208 0.42328 0.87617 0.53137 0.89208 0.53014 0.89205 0.53418 0.89208 0.5212 0.89208 0.53014 0.87617 0.53137 0.87617 0.53137 0.87603 0.5234 0.89208 0.5212 0.89208 0.5212 0.87603 0.5234 0.87591 0.51685 0.87591 0.51685 0.89208 0.51357 0.89208 0.5212 0.87591 0.51685 0.87584 0.51203 0.89208 0.50768 0.87591 0.51685 0.89208 0.50768 0.89208 0.51049 0.87591 0.51685 0.89208 0.51049 0.89208 0.51357 0.87686 0.57409 0.87682 0.56892 0.89208 0.57281 0.89208 0.57281 0.89208 0.57832 0.87686 0.57409 0.87674 0.56436 0.87662 0.55701 0.89208 0.55931 0.89208 0.55931 0.89208 0.56761 0.87674 0.56436 0.87662 0.55701 0.87647 0.54855 0.89208 0.55133 0.89208 0.55133 0.89208 0.55931 0.87662 0.55701 0.87647 0.54855 0.87632 0.54021 0.89208 0.54286 0.89208 0.54286 0.89208 0.55133 0.87647 0.54855 0.89205 0.53418 0.87632 0.54021 0.87617 0.53137 0.89205 0.53418 0.89208 0.54286 0.87632 0.54021 0.87674 0.56436 0.89208 0.56761 0.89208 0.57281 0.89208 0.57281 0.87682 0.56892 0.87674 0.56436 0.90734 0.49161 0.9063 0.48898 0.91778 0.49194 0.91249 0.48455 0.91778 0.48035 0.91778 0.48484 0.94879 0.47789 0.91778 0.48035 0.91778 0.4769 0.91778 0.48035 0.94879 0.48601 0.91778 0.48484 0.9063 0.48898 0.91249 0.48455 0.91778 0.48484 0.91778 0.48484 0.91778 0.49194 0.9063 0.48898 0.91778 0.42774 0.91452 0.42491 0.91778 0.42439 0.94879 0.42286 0.91778 0.42774 0.91778 0.42439 0.91778 0.42774 0.94879 0.43329 0.91778 0.43409 0.94879 0.54021 0.91778 0.53931 0.94879 0.52842 0.91778 0.52883 0.91778 0.51919 0.94879 0.51819 0.94879 0.51819 0.94879 0.52842 0.91778 0.52883 0.94879 0.51819 0.91778 0.51574 0.94879 0.51008 0.91778 0.51125 0.91778 0.50415 0.94879 0.5038 0.94879 0.5038 0.94879 0.51008 0.91778 0.51125 0.91778 0.5838 0.91778 0.57767 0.94879 0.57967 0.94879 0.57967 0.94879 0.58574 0.91778 0.5838 0.94879 0.57967 0.91778 0.57767 0.91778 0.5717 0.91778 0.5717 0.94879 0.57323 0.94879 0.57967 0.94879 0.57323 0.91778 0.56835 0.94879 0.5628 0.91778 0.562 0.91778 0.54711 0.94879 0.5513 0.94879 0.5513 0.94879 0.5628 0.91778 0.562 0.89208 0.54286 0.89205 0.53418 0.89969 0.5392 0.94879 0.54021 0.91778 0.54711 0.91778 0.53931 0.91778 0.54711 0.94879 0.54021 0.94879 0.5513 0.91778 0.52883 0.94879 0.52842 0.91778 0.53931 0.89969 0.5392 0.91778 0.53931 0.91778 0.54711 0.91778 0.54711 0.89967 0.54638 0.89969 0.5392 0.89208 0.55133 0.89208 0.54286 0.89967 0.54638 0.89208 0.54286 0.89969 0.5392 0.89967 0.54638 0.89208 0.51049 0.89208 0.50768 0.89661 0.50841 0.89661 0.50841 0.89208 0.50768 0.90734 0.50448 0.90734 0.50448 0.9063 0.50711 0.89661 0.50841 0.91778 0.57767 0.91778 0.5838 0.90637 0.57617 0.91778 0.57767 0.90637 0.57617 0.91452 0.57118 0.91452 0.57118 0.91778 0.5717 0.91778 0.57767 0.91778 0.5838 0.89208 0.57832 0.8966 0.57426 0.8966 0.57426 0.90637 0.57617 0.91778 0.5838 0.89208 0.57832 0.89208 0.57281 0.8966 0.57426 0.90734 0.50448 0.91778 0.50415 0.9063 0.50711 0.91249 0.51154 0.91778 0.51125 0.91778 0.51574 0.94879 0.51819 0.91778 0.51919 0.91778 0.51574 0.91778 0.51574 0.91778 0.51125 0.94879 0.51008 0.9063 0.50711 0.91778 0.50415 0.91778 0.51125 0.91778 0.51125 0.91249 0.51154 0.9063 0.50711 0.91778 0.56835 0.91778 0.5717 0.91452 0.57118 0.94879 0.57323 0.91778 0.5717 0.91778 0.56835 0.91778 0.56835 0.91778 0.562 0.94879 0.5628 0.06194984 0.86268 0.06194984 0.85405 0.06196987 0.85015 0.06196987 0.85015 0.06194984 0.87303 0.06194984 0.86268 0.06194984 0.86268 0.06194984 0.87303 0.06194984 0.87005 0.06194984 0.86268 0.06194984 0.87005 0.06194984 0.87303 0.06196987 0.85015 0.0546 0.84531 0.05756998 0.87504 0.05756998 0.87504 0.06194984 0.87303 0.06196987 0.85015 0.06194984 0.81788 0.06194984 0.81285 0.06194984 0.83359 0.06194984 0.83359 0.06194984 0.82589 0.06194984 0.81788 0.05757999 0.81145 0.05461984 0.83837 0.06194984 0.83359 0.06194984 0.83359 0.06194984 0.81285 0.05757999 0.81145 0.04815 0.80961 0.05461984 0.83837 0.05757999 0.81145 0.0546 0.84531 0.03712987 0.84519 0.04821985 0.87629 0.04821985 0.87629 0.05756998 0.87504 0.0546 0.84531 0.03712987 0.84519 0.03712987 0.85531 0.03712987 0.86462 0.04821985 0.87629 0.03712987 0.86796 0.04223996 0.87201 0.03712987 0.86796 0.03712987 0.84519 0.03712987 0.86462 0.03712987 0.83766 0.03712987 0.81716 0.03712987 0.82329 0.03712987 0.81716 0.04815 0.80961 0.04028987 0.81442 0.04815 0.80961 0.03712987 0.83766 0.05461984 0.83837 0.03712987 0.83766 0.04815 0.80961 0.03712987 0.81716 0.03712987 0.86796 0.04821985 0.87629 0.03712987 0.84519 0.06194984 0.86268 0.06194984 0.87303 0.06196987 0.85015 0.06196987 0.85015 0.06194984 0.85405 0.06194984 0.86268 0.06196987 0.85015 0.06194984 0.87303 0.05756998 0.87504 0.05756998 0.87504 0.0546 0.84531 0.06196987 0.85015 0.06194984 0.81788 0.06194984 0.82589 0.06194984 0.83359 0.06194984 0.83359 0.06194984 0.81285 0.06194984 0.81788 0.05757999 0.81145 0.06194984 0.81285 0.06194984 0.83359 0.06194984 0.83359 0.05461984 0.83837 0.05757999 0.81145 0.04815 0.80961 0.05757999 0.81145 0.05461984 0.83837 0.0546 0.84531 0.05756998 0.87504 0.04821985 0.87629 0.04821985 0.87629 0.03712987 0.84519 0.0546 0.84531 0.03712987 0.84519 0.03712987 0.86462 0.03712987 0.85531 0.04821985 0.87629 0.04223996 0.87201 0.03712987 0.86796 0.03712987 0.86796 0.03712987 0.86462 0.03712987 0.84519 0.03712987 0.83766 0.03712987 0.82329 0.03712987 0.81716 0.04815 0.80961 0.05461984 0.83837 0.03712987 0.83766 0.03712987 0.83766 0.03712987 0.81716 0.04815 0.80961 0.03712987 0.86796 0.03712987 0.84519 0.04821985 0.87629 0.04815 0.80961 0.03712987 0.81716 0.04028987 0.81442 0.79752 0.53428 0.80892 0.5348 0.79763 0.50993 0.80892 0.5348 0.80892 0.49759 0.80281 0.49913 0.79888 0.5034 0.79763 0.50993 0.80892 0.5348 0.80281 0.49913 0.79888 0.5034 0.80892 0.5348 0.79888 0.57095 0.80281 0.57522 0.80892 0.57676 0.79763 0.56442 0.79888 0.57095 0.80892 0.57676 0.79752 0.54007 0.79763 0.56442 0.80892 0.57676 0.79752 0.54007 0.80892 0.57676 0.80892 0.53955 0.69587 0.42208 0.71519 0.45555 0.75384 0.45555 0.75384 0.45555 0.77317 0.42208 0.75384 0.3886 0.69587 0.42208 0.75384 0.45555 0.75384 0.3886 0.71519 0.3886 0.69587 0.42208 0.75384 0.3886 0.74578 0.42168 0.74203 0.42168 0.74103 0.42544 0.74103 0.42544 0.74427 0.42731 0.74578 0.42168 0.74103 0.42544 0.73827 0.42819 0.74015 0.43144 0.74015 0.43144 0.74427 0.42731 0.74103 0.42544 0.73827 0.42819 0.73452 0.42919 0.73452 0.43295 0.73452 0.43295 0.74015 0.43144 0.73827 0.42819 0.73452 0.42919 0.73076 0.42819 0.72888 0.43144 0.72888 0.43144 0.73452 0.43295 0.73452 0.42919 0.73076 0.42819 0.72801 0.42544 0.72476 0.42731 0.72476 0.42731 0.72888 0.43144 0.73076 0.42819 0.72801 0.42544 0.7270001 0.42168 0.72325 0.42168 0.72325 0.42168 0.72476 0.42731 0.72801 0.42544 0.7270001 0.42168 0.72801 0.41792 0.72476 0.41605 0.72476 0.41605 0.72325 0.42168 0.7270001 0.42168 0.72801 0.41792 0.73076 0.41517 0.72888 0.41192 0.72888 0.41192 0.72476 0.41605 0.72801 0.41792 0.73076 0.41517 0.73452 0.41416 0.73452 0.41041 0.73452 0.41041 0.72888 0.41192 0.73076 0.41517 0.73452 0.41416 0.73827 0.41517 0.74015 0.41192 0.74015 0.41192 0.73452 0.41041 0.73452 0.41416 0.73827 0.41517 0.74103 0.41792 0.74427 0.41605 0.74427 0.41605 0.74015 0.41192 0.73827 0.41517 0.74203 0.42168 0.74578 0.42168 0.74427 0.41605 0.74427 0.41605 0.74103 0.41792 0.74203 0.42168 0.74103 0.42544 0.74203 0.42168 0.73452 0.42168 0.73827 0.42819 0.74103 0.42544 0.73452 0.42168 0.73452 0.42919 0.73827 0.42819 0.73452 0.42168 0.73076 0.42819 0.73452 0.42919 0.73452 0.42168 0.72801 0.42544 0.73076 0.42819 0.73452 0.42168 0.7270001 0.42168 0.72801 0.42544 0.73452 0.42168 0.72801 0.41792 0.7270001 0.42168 0.73452 0.42168 0.73076 0.41517 0.72801 0.41792 0.73452 0.42168 0.73452 0.41416 0.73076 0.41517 0.73452 0.42168 0.73827 0.41517 0.73452 0.41416 0.73452 0.42168 0.74103 0.41792 0.73827 0.41517 0.73452 0.42168 0.74203 0.42168 0.74103 0.41792 0.73452 0.42168 0.17746 0.19534 0.10943 0.21487 0.10943 0.2044799 0.10943 0.2044799 0.17746 0.18007 0.17746 0.19534 0.51665 0.1626999 0.51665 0.15236 0.58469 0.17188 0.58469 0.17188 0.58469 0.18698 0.51665 0.1626999 0.51665 0.1627399 0.51665 0.1626999 0.58469 0.18698 0.58469 0.18698 0.58469 0.18716 0.51665 0.1627399 0.51665 0.1626999 0.51665 0.1627399 0.51665 0.15236 0.58469 0.18716 0.58469 0.18698 0.58469 0.17188 0.74393 0.21621 0.74393 0.22518 0.58481 0.1683 0.58481 0.1683 0.58481 0.16348 0.74393 0.21621 0.58483 0.17032 0.58481 0.1683 0.74393 0.22518 0.74393 0.22518 0.74393 0.22837 0.58483 0.17032 0.74393 0.22837 0.74393 0.22518 0.74393 0.21621 0.58481 0.16348 0.58481 0.1683 0.58483 0.17032 0.58483 0.17032 0.58479 0.1548399 0.58481 0.16348 0.74393 0.21621 0.74393 0.20051 0.74393 0.22837 0.1800299 0.17913 0.33914 0.12108 0.33914 0.14894 0.33914 0.14894 0.18 0.1946099 0.1800299 0.17913 0.58481 0.16348 0.58479 0.1548399 0.74393 0.20051 0.74393 0.20051 0.74393 0.21621 0.58481 0.16348 0.11778 0.23715 0.11778 0.23746 0.10537 0.23649 0.10537 0.23649 0.10537 0.2361699 0.11778 0.23715 0.11776 0.2454 0.11776 0.25184 0.10535 0.25098 0.10535 0.25098 0.10535 0.24637 0.11776 0.2454 0.14639 0.23432 0.13757 0.23628 0.13757 0.23132 0.13757 0.23132 0.14639 0.23264 0.14639 0.23432 0.12997 0.23789 0.12801 0.2380599 0.11778 0.23746 0.11778 0.23746 0.11778 0.23715 0.12997 0.23789 0.12799 0.2448 0.12819 0.25201 0.11776 0.25184 0.11776 0.25184 0.11776 0.2454 0.12799 0.2448 0.10537 0.2361699 0.10537 0.23189 0.11778 0.2311199 0.11778 0.2311199 0.11778 0.23715 0.10537 0.2361699 0.11778 0.23715 0.11778 0.2311199 0.13014 0.2308 0.13014 0.2308 0.12997 0.23789 0.11778 0.23715 0.13758 0.2386299 0.13758 0.24361 0.12799 0.2448 0.12799 0.2448 0.12997 0.23789 0.13758 0.2386299 0.13754 0.2465299 0.13754 0.2514 0.12819 0.25201 0.12819 0.25201 0.12799 0.2448 0.13754 0.2465299 0.14639 0.23264 0.13757 0.23132 0.13757 0.23049 0.14636 0.25022 0.13754 0.25237 0.13754 0.2514 0.10535 0.25188 0.10535 0.25098 0.11776 0.25184 0.11776 0.25184 0.11776 0.25302 0.10535 0.25188 0.11776 0.25302 0.11776 0.25184 0.12819 0.25201 0.12819 0.25201 0.1292099 0.25337 0.11776 0.25302 0.11778 0.22984 0.11778 0.2311199 0.10537 0.23189 0.10537 0.23189 0.10537 0.23098 0.11778 0.22984 0.12923 0.22949 0.13014 0.2308 0.11778 0.2311199 0.11778 0.2311199 0.11778 0.22984 0.12923 0.22949 0.13757 0.23628 0.12997 0.23789 0.13014 0.2308 0.13014 0.2308 0.13757 0.23132 0.13757 0.23628 0.13758 0.2386299 0.14641 0.24101 0.13758 0.24361 0.14636 0.24854 0.14636 0.25022 0.13754 0.2514 0.13754 0.2514 0.13754 0.2465299 0.14636 0.24854 0.12923 0.22949 0.13757 0.23049 0.13757 0.23132 0.13757 0.23132 0.13014 0.2308 0.12923 0.22949 0.12819 0.25201 0.13754 0.2514 0.13754 0.25237 0.13754 0.25237 0.1292099 0.25337 0.12819 0.25201 0.10537 0.23098 0.10537 0.23189 0.10537 0.2361699 0.10537 0.23189 0.10537 0.23098 0.10537 0.2361699 0.10537 0.23649 0.10537 0.23189 0.10537 0.2361699 0.5930001 0.1934 0.59801 0.1798599 0.73691 0.23054 0.73691 0.23054 0.73182 0.24412 0.5930001 0.1934 0.59114 0.1432 0.73316 0.1841199 0.73729 0.1701999 0.73729 0.1701999 0.59519 0.1293399 0.59114 0.1432 0.11759 0.26871 0.11759 0.26907 0.09919995 0.26755 0.09919995 0.26755 0.09919995 0.26712 0.11759 0.26871 0.11757 0.27769 0.11757 0.28457 0.09917998 0.28417 0.09917998 0.28417 0.09917998 0.27921 0.11757 0.27769 0.1463 0.26621 0.13865 0.26791 0.13865 0.2634 0.13865 0.2634 0.1463 0.26454 0.1463 0.26621 0.1313199 0.26953 0.1291 0.26966 0.11759 0.26907 0.11759 0.26907 0.11759 0.26871 0.1313199 0.26953 0.1290799 0.2771 0.12935 0.28422 0.11757 0.28457 0.11757 0.28457 0.11757 0.27769 0.1290799 0.2771 0.09919995 0.26712 0.09919995 0.26258 0.11759 0.26229 0.11759 0.26229 0.11759 0.26871 0.09919995 0.26712 0.11759 0.26871 0.11759 0.26229 0.13137 0.26283 0.13137 0.26283 0.1313199 0.26953 0.11759 0.26871 0.13866 0.27041 0.13866 0.27586 0.1290799 0.2771 0.1290799 0.2771 0.1313199 0.26953 0.13866 0.27041 0.13863 0.27885 0.13863 0.28316 0.12935 0.28422 0.12935 0.28422 0.1290799 0.2771 0.13863 0.27885 0.1463 0.26454 0.13865 0.2634 0.13865 0.26259 0.1462799 0.28223 0.13863 0.28417 0.13863 0.28316 0.09917998 0.28508 0.09917998 0.28417 0.11757 0.28457 0.11757 0.28457 0.11757 0.28575 0.09917998 0.28508 0.11757 0.28575 0.11757 0.28457 0.12935 0.28422 0.12935 0.28422 0.13037 0.28543 0.11757 0.28575 0.11759 0.26101 0.11759 0.26229 0.09919995 0.26258 0.09919995 0.26258 0.09919995 0.26168 0.11759 0.26101 0.13039 0.26133 0.13137 0.26283 0.11759 0.26229 0.11759 0.26229 0.11759 0.26101 0.13039 0.26133 0.13865 0.26791 0.1313199 0.26953 0.13137 0.26283 0.13137 0.26283 0.13865 0.2634 0.13865 0.26791 0.13866 0.27041 0.1463299 0.273 0.13866 0.27586 0.1462799 0.28055 0.1462799 0.28223 0.13863 0.28316 0.13863 0.28316 0.13863 0.27885 0.1462799 0.28055 0.13039 0.26133 0.13865 0.26259 0.13865 0.2634 0.13865 0.2634 0.13137 0.26283 0.13039 0.26133 0.12935 0.28422 0.13863 0.28316 0.13863 0.28417 0.13863 0.28417 0.13037 0.28543 0.12935 0.28422 0.09919995 0.26168 0.09919995 0.26258 0.09919995 0.26712 0.09919995 0.26259 0.09919995 0.26168 0.09919995 0.26712 0.09919995 0.26755 0.09919995 0.26259 0.09919995 0.26712 0.82256 0.19534 0.82256 0.18007 0.8906 0.2044799 0.8906 0.2044799 0.8906 0.21487 0.82256 0.19534 0.48338 0.1626999 0.41534 0.18698 0.41534 0.17188 0.41534 0.17188 0.48338 0.15236 0.48338 0.1626999 0.48338 0.1627399 0.41534 0.18716 0.41534 0.18698 0.41534 0.18698 0.48338 0.1626999 0.48338 0.1627399 0.48338 0.1626999 0.48338 0.15236 0.48338 0.1627399 0.41534 0.18716 0.41534 0.17188 0.41534 0.18698 0.40704 0.1934 0.26822 0.24412 0.26313 0.23054 0.26313 0.23054 0.40203 0.1798599 0.40704 0.1934 0.59114 0.1432 0.59519 0.1293399 0.73729 0.1701999 0.73729 0.1701999 0.73316 0.1841199 0.59114 0.1432 0.74393 0.21621 0.58481 0.16348 0.58481 0.1683 0.58481 0.1683 0.74393 0.22518 0.74393 0.21621 0.58483 0.17032 0.74393 0.22837 0.74393 0.22518 0.74393 0.22518 0.58481 0.1683 0.58483 0.17032 0.74393 0.22837 0.74393 0.21621 0.74393 0.22518 0.58481 0.16348 0.58483 0.17032 0.58481 0.1683 0.58483 0.17032 0.58481 0.16348 0.58479 0.1548399 0.74393 0.21621 0.74393 0.22837 0.74393 0.20051 0.1800299 0.17913 0.18 0.1946099 0.33914 0.14894 0.33914 0.14894 0.33914 0.12108 0.1800299 0.17913 0.58481 0.16348 0.74393 0.21621 0.74393 0.20051 0.74393 0.20051 0.58479 0.1548399 0.58481 0.16348 0.06718999 0.2294 0.07959997 0.22841 0.07959997 0.22873 0.07959997 0.22873 0.06718999 0.22971 0.06718999 0.2294 0.06721997 0.23764 0.07962995 0.23862 0.07962995 0.24322 0.07962995 0.24322 0.06721997 0.24409 0.06721997 0.23764 0.03858995 0.2265599 0.03858995 0.22488 0.04740995 0.22356 0.04740995 0.22356 0.04740995 0.22852 0.03858995 0.2265599 0.05500996 0.23013 0.06718999 0.2294 0.06718999 0.22971 0.06718999 0.22971 0.05697 0.2303 0.05500996 0.23013 0.05698984 0.2370499 0.06721997 0.23764 0.06721997 0.24409 0.06721997 0.24409 0.05678999 0.2442499 0.05698984 0.2370499 0.07959997 0.22841 0.06718999 0.2294 0.06718999 0.22336 0.06718999 0.22336 0.07959997 0.22413 0.07959997 0.22841 0.06718999 0.2294 0.05500996 0.23013 0.05483984 0.22304 0.05483984 0.22304 0.06718999 0.22336 0.06718999 0.2294 0.04739987 0.23087 0.05500996 0.23013 0.05698984 0.2370499 0.05698984 0.2370499 0.04739987 0.23585 0.04739987 0.23087 0.04743999 0.23877 0.05698984 0.2370499 0.05678999 0.2442499 0.05678999 0.2442499 0.04743999 0.24364 0.04743999 0.23877 0.03858995 0.22488 0.04740995 0.22273 0.04740995 0.22356 0.03861999 0.24246 0.04743999 0.24364 0.04743999 0.24461 0.07962995 0.24413 0.06721997 0.24526 0.06721997 0.24409 0.06721997 0.24409 0.07962995 0.24322 0.07962995 0.24413 0.06721997 0.24526 0.05576992 0.2456099 0.05678999 0.2442499 0.05678999 0.2442499 0.06721997 0.24409 0.06721997 0.24526 0.06718999 0.2220799 0.07959997 0.2232199 0.07959997 0.22413 0.07959997 0.22413 0.06718999 0.22336 0.06718999 0.2220799 0.05574995 0.22174 0.06718999 0.2220799 0.06718999 0.22336 0.06718999 0.22336 0.05483984 0.22304 0.05574995 0.22174 0.04740995 0.22852 0.04740995 0.22356 0.05483984 0.22304 0.05483984 0.22304 0.05500996 0.23013 0.04740995 0.22852 0.04739987 0.23087 0.04739987 0.23585 0.03856986 0.23325 0.03861999 0.2407799 0.04743999 0.23877 0.04743999 0.24364 0.04743999 0.24364 0.03861999 0.24246 0.03861999 0.2407799 0.05574995 0.22174 0.05483984 0.22304 0.04740995 0.22356 0.04740995 0.22356 0.04740995 0.22273 0.05574995 0.22174 0.05678999 0.2442499 0.05576992 0.2456099 0.04743999 0.24461 0.04743999 0.24461 0.04743999 0.24364 0.05678999 0.2442499 0.07959997 0.22841 0.07959997 0.22413 0.07959997 0.2232199 0.07959997 0.22841 0.07959997 0.2232199 0.07959997 0.22413 0.07959997 0.22873 0.07959997 0.22841 0.07959997 0.22413 0.06731998 0.25985 0.08570998 0.25826 0.08570998 0.25869 0.08570998 0.25869 0.06731998 0.2602 0.06731998 0.25985 0.06733995 0.26883 0.08572995 0.27034 0.08572995 0.27531 0.08572995 0.27531 0.06733995 0.27571 0.06733995 0.26883 0.03860998 0.25735 0.03860998 0.25567 0.04625988 0.25453 0.04625988 0.25453 0.04625988 0.25904 0.03860998 0.25735 0.05358994 0.26067 0.06731998 0.25985 0.06731998 0.2602 0.06731998 0.2602 0.05580997 0.26079 0.05358994 0.26067 0.05583 0.26824 0.06733995 0.26883 0.06733995 0.27571 0.06733995 0.27571 0.05555999 0.27535 0.05583 0.26824 0.08570998 0.25826 0.06731998 0.25985 0.06731998 0.25342 0.06731998 0.25342 0.08570998 0.25372 0.08570998 0.25826 0.06731998 0.25985 0.05358994 0.26067 0.05353999 0.25397 0.05353999 0.25397 0.06731998 0.25342 0.06731998 0.25985 0.04624986 0.26155 0.05358994 0.26067 0.05583 0.26824 0.05583 0.26824 0.04624986 0.267 0.04624986 0.26155 0.04627984 0.26998 0.05583 0.26824 0.05555999 0.27535 0.05555999 0.27535 0.04627984 0.2743 0.04627984 0.26998 0.03860998 0.25567 0.04625988 0.25372 0.04625988 0.25453 0.03862982 0.27336 0.04627984 0.2743 0.04627984 0.2753 0.08572995 0.27622 0.06733995 0.27688 0.06733995 0.27571 0.06733995 0.27571 0.08572995 0.27531 0.08572995 0.27622 0.06733995 0.27688 0.05453985 0.27656 0.05555999 0.27535 0.05555999 0.27535 0.06733995 0.27571 0.06733995 0.27688 0.06731998 0.25214 0.08570998 0.25281 0.08570998 0.25372 0.08570998 0.25372 0.06731998 0.25342 0.06731998 0.25214 0.05451995 0.25247 0.06731998 0.25214 0.06731998 0.25342 0.06731998 0.25342 0.05353999 0.25397 0.05451995 0.25247 0.04625988 0.25904 0.04625988 0.25453 0.05353999 0.25397 0.05353999 0.25397 0.05358994 0.26067 0.04625988 0.25904 0.04624986 0.26155 0.04624986 0.267 0.03858 0.26414 0.03862982 0.27168 0.04627984 0.26998 0.04627984 0.2743 0.04627984 0.2743 0.03862982 0.27336 0.03862982 0.27168 0.05451995 0.25247 0.05353999 0.25397 0.04625988 0.25453 0.04625988 0.25453 0.04625988 0.25372 0.05451995 0.25247 0.05555999 0.27535 0.05453985 0.27656 0.04627984 0.2753 0.04627984 0.2753 0.04627984 0.2743 0.05555999 0.27535 0.08570998 0.25826 0.08570998 0.25372 0.08570998 0.25281 0.08570998 0.25826 0.08570998 0.25281 0.08570998 0.25372 0.08570998 0.25869 0.08570998 0.25826 0.08570998 0.25372 0.94226 0.23535 0.95202 0.23726 0.95654 0.23871 0.93084 0.26441 0.93084 0.24952 0.95654 0.26019 0.006989896 0.01800996 0.03268986 0.0187 0.03268986 0.01039987 0.03268986 0.01039987 0.006989896 0.01194983 0.006989896 0.01800996 0.02509999 0.03162992 0.03268986 0.02667999 0.03268986 0.0187 0.03268986 0.0187 0.006989896 0.01800996 0.006989896 0.03100997 0.02509999 0.03162992 0.03268986 0.0187 0.006989896 0.03100997 0.00195986 0.01600998 0.006989896 0.01800996 0.006989896 0.01194983 0.006989896 0.01194983 0.00195986 0.009659945 0.00195986 0.01600998 0.00195986 0.01600998 0.00195986 0.03477984 0.006989896 0.03100997 0.006989896 0.03100997 0.006989896 0.01800996 0.00195986 0.01600998 0.00195986 0.03477984 0.02509999 0.03162992 0.006989896 0.03100997 0.93084 0.24952 0.95654 0.25221 0.95654 0.26019 0.95654 0.26019 0.94895 0.26515 0.93084 0.26441 0.03268986 0.005199909 0.02816987 0.003749907 0.01840984 0.001839995 0.03268986 0.005199909 0.01840984 0.001839995 0.006989896 0.01194983 0.03268986 0.01039987 0.03268986 0.005199909 0.006989896 0.01194983 0.006989896 0.01194983 0.01840984 0.001839995 0.00522989 0.006829977 0.00522989 0.006829977 0.00195986 0.009659945 0.006989896 0.01194983 0.94226 0.23535 0.95654 0.23871 0.95654 0.24391 0.95654 0.24391 0.9341 0.2403399 0.94226 0.23535 0.95654 0.25221 0.93084 0.24952 0.93084 0.24317 0.93084 0.24317 0.95654 0.24391 0.95654 0.25221 0.93084 0.24317 0.9341 0.2403399 0.95654 0.24391 0.95657 0.27734 0.93084 0.28269 0.93084 0.27221 0.93084 0.28269 0.95654 0.28138 0.95654 0.29032 0.95654 0.29032 0.93084 0.29233 0.93084 0.28269 0.02508985 0.03881984 0.006979942 0.03881984 0.006979942 0.04728984 0.02508985 0.03881984 0.006979942 0.04728984 0.03268986 0.04786998 0.02508985 0.03881984 0.03268986 0.04786998 0.03271991 0.04382985 0.006979942 0.04728984 0.006979942 0.05693984 0.03268986 0.05680996 0.03268986 0.05680996 0.03268986 0.04786998 0.006979942 0.04728984 0.006979942 0.05693984 0.006979942 0.06037998 0.03268986 0.06443995 0.03268986 0.06443995 0.03268986 0.05680996 0.006979942 0.05693984 0.00195986 0.04917997 0.00195986 0.05881989 0.006979942 0.05693984 0.006979942 0.05693984 0.006979942 0.04728984 0.00195986 0.04917997 0.00195986 0.06226986 0.006979942 0.06037998 0.006979942 0.05693984 0.006979942 0.05693984 0.00195986 0.05881989 0.00195986 0.06226986 0.02508985 0.03881984 0.00195986 0.03480982 0.006979942 0.03881984 0.00195986 0.03480982 0.00195986 0.04917997 0.006979942 0.04728984 0.006979942 0.04728984 0.006979942 0.03881984 0.00195986 0.03480982 0.95654 0.29032 0.95654 0.29795 0.93613 0.29998 0.95654 0.29032 0.93613 0.29998 0.93084 0.29578 0.93084 0.29233 0.95654 0.29032 0.93084 0.29578 0.93084 0.27221 0.94893 0.27233 0.95657 0.27734 0.95657 0.27734 0.95654 0.28138 0.93084 0.28269 0.94232 0.30441 0.95654 0.29795 0.95201 0.30312 0.94232 0.30441 0.93613 0.29998 0.95654 0.29795 0.95201 0.30312 0.95654 0.29795 0.95654 0.30103 0.007259905 0.06646996 0.01848 0.07089996 0.006979942 0.06037998 0.00195986 0.06226986 0.007259905 0.06646996 0.006979942 0.06037998 0.03268986 0.06751996 0.03268986 0.06443995 0.006979942 0.06037998 0.006979942 0.06037998 0.02815997 0.06959998 0.03268986 0.06751996 0.006979942 0.06037998 0.01848 0.07089996 0.02815997 0.06959998 0.94226 0.3916 0.95654 0.38824 0.95202 0.38969 0.93084 0.36255 0.95654 0.36676 0.93084 0.37743 0.006989896 0.01800996 0.006989896 0.01194983 0.03268986 0.01039987 0.03268986 0.01039987 0.03268986 0.0187 0.006989896 0.01800996 0.006989896 0.03100997 0.006989896 0.01800996 0.03268986 0.0187 0.02509999 0.03162992 0.006989896 0.03100997 0.03268986 0.0187 0.02509999 0.03162992 0.03268986 0.0187 0.03268986 0.02667999 0.00195986 0.01600998 0.00195986 0.009659945 0.006989896 0.01194983 0.006989896 0.01194983 0.006989896 0.01800996 0.00195986 0.01600998 0.00195986 0.01600998 0.006989896 0.01800996 0.006989896 0.03100997 0.006989896 0.03100997 0.00195986 0.03477984 0.00195986 0.01600998 0.00195986 0.03477984 0.006989896 0.03100997 0.02509999 0.03162992 0.93084 0.37743 0.95654 0.36676 0.95654 0.37474 0.95654 0.36676 0.93084 0.36255 0.94895 0.36181 0.01840984 0.001839995 0.02816987 0.003749907 0.03268986 0.005199909 0.006989896 0.01194983 0.01840984 0.001839995 0.03268986 0.005199909 0.03268986 0.01039987 0.006989896 0.01194983 0.03268986 0.005199909 0.006989896 0.01194983 0.00195986 0.009659945 0.00522989 0.006829977 0.00522989 0.006829977 0.01840984 0.001839995 0.006989896 0.01194983 0.94226 0.3916 0.9341 0.38662 0.95654 0.38304 0.95654 0.38304 0.95654 0.38824 0.94226 0.3916 0.95654 0.37474 0.93084 0.38378 0.93084 0.37743 0.93084 0.38378 0.95654 0.37474 0.95654 0.38304 0.93084 0.38378 0.95654 0.38304 0.9341 0.38662 0.95657 0.34961 0.93084 0.35475 0.93084 0.34426 0.93084 0.34426 0.93084 0.33462 0.95654 0.33663 0.95654 0.33663 0.95654 0.34558 0.93084 0.34426 0.02508985 0.03881984 0.03271991 0.04382985 0.03268986 0.04786998 0.02508985 0.03881984 0.03268986 0.04786998 0.006979942 0.04728984 0.02508985 0.03881984 0.006979942 0.04728984 0.006979942 0.03881984 0.006979942 0.04728984 0.03268986 0.04786998 0.03268986 0.05680996 0.03268986 0.05680996 0.006979942 0.05693984 0.006979942 0.04728984 0.006979942 0.05693984 0.03268986 0.05680996 0.03268986 0.06443995 0.03268986 0.06443995 0.006979942 0.06037998 0.006979942 0.05693984 0.00195986 0.04917997 0.006979942 0.04728984 0.006979942 0.05693984 0.006979942 0.05693984 0.00195986 0.05881989 0.00195986 0.04917997 0.00195986 0.06226986 0.00195986 0.05881989 0.006979942 0.05693984 0.006979942 0.05693984 0.006979942 0.06037998 0.00195986 0.06226986 0.02508985 0.03881984 0.006979942 0.03881984 0.00195986 0.03480982 0.00195986 0.03480982 0.006979942 0.03881984 0.006979942 0.04728984 0.006979942 0.04728984 0.00195986 0.04917997 0.00195986 0.03480982 0.93613 0.32697 0.95654 0.329 0.95654 0.33663 0.93084 0.33117 0.93613 0.32697 0.95654 0.33663 0.93084 0.33462 0.93084 0.33117 0.95654 0.33663 0.93084 0.35475 0.95657 0.34961 0.94893 0.35463 0.95657 0.34961 0.93084 0.34426 0.95654 0.34558 0.94232 0.32254 0.95201 0.32384 0.95654 0.329 0.94232 0.32254 0.95654 0.329 0.93613 0.32697 0.95201 0.32384 0.95654 0.32592 0.95654 0.329 0.007259905 0.06646996 0.006979942 0.06037998 0.01848 0.07089996 0.00195986 0.06226986 0.006979942 0.06037998 0.007259905 0.06646996 0.03268986 0.06751996 0.006979942 0.06037998 0.03268986 0.06443995 0.006979942 0.06037998 0.03268986 0.06751996 0.02815997 0.06959998 0.006979942 0.06037998 0.02815997 0.06959998 0.01848 0.07089996 0.90637 0.57617 0.8966 0.57426 0.89208 0.57281 0.91778 0.54711 0.91778 0.562 0.89208 0.55133 0.006989896 0.01800996 0.03268986 0.0187 0.03268986 0.01039987 0.03268986 0.01039987 0.006989896 0.01194983 0.006989896 0.01800996 0.02509999 0.03162992 0.03268986 0.02667999 0.03268986 0.0187 0.03268986 0.0187 0.006989896 0.01800996 0.006989896 0.03100997 0.02509999 0.03162992 0.03268986 0.0187 0.006989896 0.03100997 0.00195986 0.01600998 0.006989896 0.01800996 0.006989896 0.01194983 0.006989896 0.01194983 0.00195986 0.009659945 0.00195986 0.01600998 0.00195986 0.01600998 0.00195986 0.03477984 0.006989896 0.03100997 0.006989896 0.03100997 0.006989896 0.01800996 0.00195986 0.01600998 0.00195986 0.03477984 0.02509999 0.03162992 0.006989896 0.03100997 0.91778 0.562 0.89208 0.55931 0.89208 0.55133 0.89208 0.55133 0.89967 0.54638 0.91778 0.54711 0.03268986 0.005199909 0.02816987 0.003749907 0.01840984 0.001839995 0.03268986 0.005199909 0.01840984 0.001839995 0.006989896 0.01194983 0.03268986 0.01039987 0.03268986 0.005199909 0.006989896 0.01194983 0.006989896 0.01194983 0.01840984 0.001839995 0.00522989 0.006829977 0.00522989 0.006829977 0.00195986 0.009659945 0.006989896 0.01194983 0.90637 0.57617 0.89208 0.57281 0.89208 0.56761 0.89208 0.56761 0.91452 0.57118 0.90637 0.57617 0.89208 0.55931 0.91778 0.562 0.91778 0.56835 0.91778 0.56835 0.89208 0.56761 0.89208 0.55931 0.91778 0.56835 0.91452 0.57118 0.89208 0.56761 0.89205 0.53418 0.91778 0.52883 0.91778 0.53931 0.91778 0.52883 0.89208 0.53014 0.89208 0.5212 0.89208 0.5212 0.91778 0.51919 0.91778 0.52883 0.02508985 0.03881984 0.006979942 0.03881984 0.006979942 0.04728984 0.02508985 0.03881984 0.006979942 0.04728984 0.03268986 0.04786998 0.02508985 0.03881984 0.03268986 0.04786998 0.03271991 0.04382985 0.006979942 0.04728984 0.006979942 0.05693984 0.03268986 0.05680996 0.03268986 0.05680996 0.03268986 0.04786998 0.006979942 0.04728984 0.006979942 0.05693984 0.006979942 0.06037998 0.03268986 0.06443995 0.03268986 0.06443995 0.03268986 0.05680996 0.006979942 0.05693984 0.00195986 0.04917997 0.00195986 0.05881989 0.006979942 0.05693984 0.006979942 0.05693984 0.006979942 0.04728984 0.00195986 0.04917997 0.00195986 0.06226986 0.006979942 0.06037998 0.006979942 0.05693984 0.006979942 0.05693984 0.00195986 0.05881989 0.00195986 0.06226986 0.02508985 0.03881984 0.00195986 0.03480982 0.006979942 0.03881984 0.00195986 0.03480982 0.00195986 0.04917997 0.006979942 0.04728984 0.006979942 0.04728984 0.006979942 0.03881984 0.00195986 0.03480982 0.89208 0.5212 0.89208 0.51357 0.91249 0.51154 0.89208 0.5212 0.91249 0.51154 0.91778 0.51574 0.91778 0.51919 0.89208 0.5212 0.91778 0.51574 0.91778 0.53931 0.89969 0.5392 0.89205 0.53418 0.89205 0.53418 0.89208 0.53014 0.91778 0.52883 0.9063 0.50711 0.89208 0.51357 0.89661 0.50841 0.9063 0.50711 0.91249 0.51154 0.89208 0.51357 0.89661 0.50841 0.89208 0.51357 0.89208 0.51049 0.007259905 0.06646996 0.01848 0.07089996 0.006979942 0.06037998 0.00195986 0.06226986 0.007259905 0.06646996 0.006979942 0.06037998 0.03268986 0.06751996 0.03268986 0.06443995 0.006979942 0.06037998 0.006979942 0.06037998 0.02815997 0.06959998 0.03268986 0.06751996 0.006979942 0.06037998 0.01848 0.07089996 0.02815997 0.06959998 0.90637 0.41992 0.89208 0.42328 0.8966 0.42183 0.91778 0.44897 0.89208 0.44476 0.91778 0.43409 0.006989896 0.01800996 0.006989896 0.01194983 0.03268986 0.01039987 0.03268986 0.01039987 0.03268986 0.0187 0.006989896 0.01800996 0.006989896 0.03100997 0.006989896 0.01800996 0.03268986 0.0187 0.02509999 0.03162992 0.006989896 0.03100997 0.03268986 0.0187 0.02509999 0.03162992 0.03268986 0.0187 0.03268986 0.02667999 0.00195986 0.01600998 0.00195986 0.009659945 0.006989896 0.01194983 0.006989896 0.01194983 0.006989896 0.01800996 0.00195986 0.01600998 0.00195986 0.01600998 0.006989896 0.01800996 0.006989896 0.03100997 0.006989896 0.03100997 0.00195986 0.03477984 0.00195986 0.01600998 0.00195986 0.03477984 0.006989896 0.03100997 0.02509999 0.03162992 0.91778 0.43409 0.89208 0.44476 0.89208 0.43678 0.89208 0.44476 0.91778 0.44897 0.89967 0.44971 0.01840984 0.001839995 0.02816987 0.003749907 0.03268986 0.005199909 0.006989896 0.01194983 0.01840984 0.001839995 0.03268986 0.005199909 0.03268986 0.01039987 0.006989896 0.01194983 0.03268986 0.005199909 0.006989896 0.01194983 0.00195986 0.009659945 0.00522989 0.006829977 0.00522989 0.006829977 0.01840984 0.001839995 0.006989896 0.01194983 0.90637 0.41992 0.91452 0.42491 0.89208 0.42848 0.89208 0.42848 0.89208 0.42328 0.90637 0.41992 0.89208 0.43678 0.91778 0.42774 0.91778 0.43409 0.91778 0.42774 0.89208 0.43678 0.89208 0.42848 0.91778 0.42774 0.89208 0.42848 0.91452 0.42491 0.89205 0.46191 0.91778 0.45678 0.91778 0.46726 0.91778 0.46726 0.91778 0.4769 0.89208 0.47489 0.89208 0.47489 0.89208 0.46595 0.91778 0.46726 0.02508985 0.03881984 0.03271991 0.04382985 0.03268986 0.04786998 0.02508985 0.03881984 0.03268986 0.04786998 0.006979942 0.04728984 0.02508985 0.03881984 0.006979942 0.04728984 0.006979942 0.03881984 0.006979942 0.04728984 0.03268986 0.04786998 0.03268986 0.05680996 0.03268986 0.05680996 0.006979942 0.05693984 0.006979942 0.04728984 0.006979942 0.05693984 0.03268986 0.05680996 0.03268986 0.06443995 0.03268986 0.06443995 0.006979942 0.06037998 0.006979942 0.05693984 0.00195986 0.04917997 0.006979942 0.04728984 0.006979942 0.05693984 0.006979942 0.05693984 0.00195986 0.05881989 0.00195986 0.04917997 0.00195986 0.06226986 0.00195986 0.05881989 0.006979942 0.05693984 0.006979942 0.05693984 0.006979942 0.06037998 0.00195986 0.06226986 0.02508985 0.03881984 0.006979942 0.03881984 0.00195986 0.03480982 0.00195986 0.03480982 0.006979942 0.03881984 0.006979942 0.04728984 0.006979942 0.04728984 0.00195986 0.04917997 0.00195986 0.03480982 0.91249 0.48455 0.89208 0.48252 0.89208 0.47489 0.91778 0.48035 0.91249 0.48455 0.89208 0.47489 0.91778 0.4769 0.91778 0.48035 0.89208 0.47489 0.91778 0.45678 0.89205 0.46191 0.89969 0.45689 0.89205 0.46191 0.91778 0.46726 0.89208 0.46595 0.9063 0.48898 0.89661 0.48768 0.89208 0.48252 0.9063 0.48898 0.89208 0.48252 0.91249 0.48455 0.89661 0.48768 0.89208 0.4856 0.89208 0.48252 0.007259905 0.06646996 0.006979942 0.06037998 0.01848 0.07089996 0.00195986 0.06226986 0.006979942 0.06037998 0.007259905 0.06646996 0.03268986 0.06751996 0.006979942 0.06037998 0.03268986 0.06443995 0.006979942 0.06037998 0.03268986 0.06751996 0.02815997 0.06959998 0.006979942 0.06037998 0.02815997 0.06959998 0.01848 0.07089996 0.47728 0.1176 0.48647 0.11697 0.48647 0.11751 0.48647 0.11751 0.47728 0.11806 0.47728 0.1176 0.48647 0.12161 0.49847 0.12217 0.49847 0.1261799 0.49847 0.1261799 0.48647 0.12625 0.48647 0.12161 0.47728 0.12093 0.48647 0.12161 0.48647 0.12625 0.48647 0.12625 0.47728 0.12586 0.47728 0.12093 0.47138 0.11784 0.46484 0.1166599 0.46484 0.1150799 0.46484 0.1150799 0.47138 0.11366 0.47138 0.11784 0.48647 0.11697 0.48647 0.1123 0.49847 0.11211 0.49847 0.11211 0.49847 0.11612 0.48647 0.11697 0.47138 0.11784 0.47728 0.1176 0.47728 0.11806 0.47728 0.11806 0.47138 0.11827 0.47138 0.11784 0.47138 0.12063 0.47728 0.12093 0.47728 0.12586 0.47728 0.12586 0.47138 0.12493 0.47138 0.12063 0.48647 0.11697 0.47728 0.1176 0.47728 0.11277 0.47728 0.11277 0.48647 0.1123 0.48647 0.11697 0.47728 0.1176 0.47138 0.11784 0.47138 0.11366 0.47138 0.11366 0.47728 0.11277 0.47728 0.1176 0.47138 0.11784 0.47138 0.12063 0.46485 0.11915 0.46484 0.12163 0.47138 0.12063 0.47138 0.12493 0.47138 0.12493 0.46484 0.1231999 0.46484 0.12163 0.46484 0.1150799 0.47138 0.11302 0.47138 0.11366 0.46484 0.1231999 0.47138 0.12493 0.47138 0.1252599 0.48647 0.12625 0.49847 0.1261799 0.49847 0.1268799 0.49847 0.1268799 0.48647 0.12696 0.48647 0.12625 0.48647 0.1123 0.48647 0.11132 0.49847 0.1114 0.49847 0.1114 0.49847 0.11211 0.48647 0.1123 0.48647 0.12696 0.47728 0.1263599 0.47728 0.12586 0.47728 0.12586 0.48647 0.12625 0.48647 0.12696 0.47728 0.1263599 0.47138 0.1252599 0.47138 0.12493 0.47138 0.12493 0.47728 0.12586 0.47728 0.1263599 0.47728 0.1119199 0.48647 0.11132 0.48647 0.1123 0.48647 0.1123 0.47728 0.11277 0.47728 0.1119199 0.47138 0.11302 0.47728 0.1119199 0.47728 0.11277 0.47728 0.11277 0.47138 0.11366 0.47138 0.11302 0.48647 0.11697 0.49847 0.11612 0.48647 0.11751 0.52275 0.1176 0.52275 0.11806 0.51356 0.11751 0.51356 0.11751 0.51356 0.11697 0.52275 0.1176 0.51356 0.12161 0.51356 0.12625 0.50156 0.1261799 0.50156 0.1261799 0.50156 0.12217 0.51356 0.12161 0.52275 0.12093 0.52275 0.12586 0.51356 0.12625 0.51356 0.12625 0.51356 0.12161 0.52275 0.12093 0.52865 0.11784 0.52865 0.11366 0.53519 0.1150799 0.53519 0.1150799 0.53519 0.1166599 0.52865 0.11784 0.51356 0.11697 0.50156 0.11612 0.50156 0.11211 0.50156 0.11211 0.51356 0.1123 0.51356 0.11697 0.52865 0.11784 0.52865 0.11827 0.52275 0.11806 0.52275 0.11806 0.52275 0.1176 0.52865 0.11784 0.52865 0.12063 0.52865 0.12493 0.52275 0.12586 0.52275 0.12586 0.52275 0.12093 0.52865 0.12063 0.51356 0.11697 0.51356 0.1123 0.52275 0.11277 0.52275 0.11277 0.52275 0.1176 0.51356 0.11697 0.52275 0.1176 0.52275 0.11277 0.52865 0.11366 0.52865 0.11366 0.52865 0.11784 0.52275 0.1176 0.52865 0.11784 0.53518 0.11915 0.52865 0.12063 0.53519 0.12163 0.53519 0.1231999 0.52865 0.12493 0.52865 0.12493 0.52865 0.12063 0.53519 0.12163 0.53519 0.1150799 0.52865 0.11366 0.52865 0.11302 0.53519 0.1231999 0.52865 0.1252599 0.52865 0.12493 0.51356 0.12625 0.51356 0.12696 0.50156 0.1268799 0.50156 0.1268799 0.50156 0.1261799 0.51356 0.12625 0.51356 0.1123 0.50156 0.11211 0.50156 0.1114 0.50156 0.1114 0.51356 0.11132 0.51356 0.1123 0.51356 0.12696 0.51356 0.12625 0.52275 0.12586 0.52275 0.12586 0.52275 0.1263599 0.51356 0.12696 0.52275 0.1263599 0.52275 0.12586 0.52865 0.12493 0.52865 0.12493 0.52865 0.1252599 0.52275 0.1263599 0.52275 0.1119199 0.52275 0.11277 0.51356 0.1123 0.51356 0.1123 0.51356 0.11132 0.52275 0.1119199 0.52865 0.11302 0.52865 0.11366 0.52275 0.11277 0.52275 0.11277 0.52275 0.1119199 0.52865 0.11302 0.51356 0.11697 0.51356 0.11751 0.50156 0.11612 0.74643 0.21976 0.84752 0.21987 0.84752 0.20406 0.84752 0.20406 0.74643 0.20406 0.74643 0.21976 0.84752 0.2288399 0.84752 0.21987 0.74643 0.21976 0.74643 0.21976 0.74643 0.22873 0.84752 0.2288399 0.84752 0.2288399 0.74643 0.22873 0.79733 0.23192 0.84752 0.2288399 0.79733 0.23192 0.84752 0.23192 0.79733 0.23192 0.74643 0.22873 0.74643 0.23192 0.84752 0.2288399 0.84752 0.23192 0.84752 0.20406 0.84752 0.20406 0.84752 0.21987 0.84752 0.2288399 0.74643 0.21976 0.74643 0.23192 0.74643 0.22873 0.74643 0.23192 0.74643 0.21976 0.74643 0.20406 0.33914 0.14894 0.39004 0.12108 0.33914 0.12108 0.39004 0.12108 0.44022 0.14894 0.44022 0.12108 0.39004 0.12108 0.33914 0.14894 0.44022 0.14894 0.74643 0.21976 0.74643 0.20406 0.84752 0.20406 0.84752 0.20406 0.84752 0.21987 0.74643 0.21976 0.84752 0.2288399 0.74643 0.22873 0.74643 0.21976 0.74643 0.21976 0.84752 0.21987 0.84752 0.2288399 0.84752 0.2288399 0.79733 0.23192 0.74643 0.22873 0.84752 0.2288399 0.84752 0.23192 0.79733 0.23192 0.79733 0.23192 0.74643 0.23192 0.74643 0.22873 0.84752 0.2288399 0.84752 0.21987 0.84752 0.20406 0.84752 0.20406 0.84752 0.23192 0.84752 0.2288399 0.74643 0.21976 0.74643 0.22873 0.74643 0.23192 0.74643 0.23192 0.74643 0.20406 0.74643 0.21976 0.33914 0.14894 0.33914 0.12108 0.39004 0.12108 0.39004 0.12108 0.44022 0.12108 0.44022 0.14894 0.39004 0.12108 0.44022 0.14894 0.33914 0.14894 0.79726 0.33881 0.79726 0.33733 0.83333 0.35679 0.83333 0.35679 0.83272 0.35754 0.79726 0.33881 0.42614 0.01045984 0.39004 0.02991998 0.39004 0.02841997 0.39004 0.02841997 0.4255 0.009689986 0.42614 0.01045984 0.39004 0.03219985 0.39004 0.02991998 0.42614 0.01045984 0.42614 0.01045984 0.43318 0.009319961 0.39004 0.03219985 0.84035 0.35792 0.83666 0.35274 0.84107 0.348 0.84035 0.35792 0.83992 0.36373 0.83333 0.35679 0.83333 0.35679 0.83666 0.35274 0.84035 0.35792 0.83992 0.36373 0.83995 0.36474 0.83272 0.35754 0.83272 0.35754 0.83333 0.35679 0.83992 0.36373 0.4255 0.009689986 0.43273 0.00247997 0.43277 0.003499925 0.43277 0.003499925 0.42614 0.01045984 0.4255 0.009689986 0.42614 0.01045984 0.43277 0.003499925 0.43318 0.009319961 0.83666 0.35274 0.83333 0.35679 0.79726 0.33733 0.84107 0.348 0.83666 0.35274 0.76723 0.31629 0.76723 0.31629 0.7691 0.31041 0.84107 0.348 0.83666 0.35274 0.79726 0.33733 0.76723 0.31629 0.79726 0.33733 0.79726 0.33881 0.76542 0.32199 0.76542 0.32199 0.76586 0.32059 0.79726 0.33733 0.35819 0.04523998 0.39004 0.02841997 0.39004 0.02991998 0.39004 0.02991998 0.35861 0.04658997 0.35819 0.04523998 0.35861 0.04658997 0.39004 0.02991998 0.39004 0.03219985 0.39004 0.03219985 0.3592 0.04845982 0.35861 0.04658997 0.79726 0.33733 0.76586 0.32059 0.76723 0.31629 0.76542 0.32199 0.76565 0.32114 0.76586 0.32059 0.76584 0.32063 0.76565 0.32114 0.76542 0.32199 0.76565 0.32114 0.76584 0.32063 0.76643 0.31877 0.76565 0.32114 0.7691 0.31041 0.76723 0.31629 0.76723 0.31629 0.76586 0.32059 0.76565 0.32114 0.8403 0.36086 0.83992 0.36373 0.84035 0.35792 0.84035 0.35792 0.84107 0.348 0.8403 0.36086 0.83992 0.36373 0.8403 0.36086 0.83995 0.36474 0.83995 0.36474 0.8403 0.36086 0.83999 0.36373 0.83999 0.36373 0.8403 0.36086 0.84041 0.35791 0.70646 0.5225 0.7495 0.52495 0.67485 0.52474 0.7495 0.52829 0.67715 0.5283 0.67485 0.52474 0.67485 0.52474 0.7495 0.52495 0.7495 0.52829 0.67485 0.52474 0.67586 0.52249 0.70646 0.5225 0.70646 0.5225 0.74948 0.5226 0.7495 0.52495 0.2027699 0.33881 0.1673099 0.35754 0.1667 0.35679 0.1667 0.35679 0.2027699 0.33733 0.2027699 0.33881 0.57389 0.01045984 0.57453 0.009689986 0.60999 0.02841997 0.60999 0.02841997 0.60999 0.02991998 0.57389 0.01045984 0.60999 0.03219985 0.56685 0.009319961 0.57389 0.01045984 0.57389 0.01045984 0.60999 0.02991998 0.60999 0.03219985 0.15969 0.35792 0.15896 0.348 0.16337 0.35274 0.15969 0.35792 0.16337 0.35274 0.1667 0.35679 0.1667 0.35679 0.16012 0.36373 0.15969 0.35792 0.16012 0.36373 0.1667 0.35679 0.1673099 0.35754 0.1673099 0.35754 0.16008 0.36474 0.16012 0.36373 0.57453 0.009689986 0.57389 0.01045984 0.56727 0.003499925 0.56727 0.003499925 0.5673 0.00247997 0.57453 0.009689986 0.57389 0.01045984 0.56685 0.009319961 0.56727 0.003499925 0.16337 0.35274 0.2027699 0.33733 0.1667 0.35679 0.15896 0.348 0.23094 0.31041 0.2328 0.31629 0.2328 0.31629 0.16337 0.35274 0.15896 0.348 0.16337 0.35274 0.2328 0.31629 0.2027699 0.33733 0.2027699 0.33733 0.23417 0.32059 0.23462 0.32199 0.23462 0.32199 0.2027699 0.33881 0.2027699 0.33733 0.64184 0.04523998 0.64142 0.04658997 0.60999 0.02991998 0.60999 0.02991998 0.60999 0.02841997 0.64184 0.04523998 0.64142 0.04658997 0.64083 0.04845982 0.60999 0.03219985 0.60999 0.03219985 0.60999 0.02991998 0.64142 0.04658997 0.2027699 0.33733 0.2328 0.31629 0.23417 0.32059 0.23462 0.32199 0.23417 0.32059 0.23438 0.32114 0.2341899 0.32063 0.23462 0.32199 0.23438 0.32114 0.23438 0.32114 0.23361 0.31877 0.2341899 0.32063 0.23438 0.32114 0.23417 0.32059 0.2328 0.31629 0.2328 0.31629 0.23094 0.31041 0.23438 0.32114 0.15973 0.36086 0.15896 0.348 0.15969 0.35792 0.15969 0.35792 0.16012 0.36373 0.15973 0.36086 0.16012 0.36373 0.16008 0.36474 0.15973 0.36086 0.16008 0.36474 0.16004 0.36373 0.15973 0.36086 0.16004 0.36373 0.15962 0.35791 0.15973 0.36086 0.70646 0.5225 0.67485 0.52474 0.7495 0.52495 0.7495 0.52829 0.7495 0.52495 0.67485 0.52474 0.67485 0.52474 0.67715 0.5283 0.7495 0.52829 0.67485 0.52474 0.70646 0.5225 0.67586 0.52249 0.70646 0.5225 0.7495 0.52495 0.74948 0.5226 0.40003 0.1165699 0.39102 0.11709 0.38922 0.09832 0.38922 0.09832 0.40141 0.09551 0.40003 0.1165699 0.003179967 0.11266 0.02424997 0.11128 0.02143985 0.12347 0.02143985 0.12347 0.002659976 0.12167 0.003179967 0.11266 0.004459977 0.27942 0.009179949 0.27942 0.009920001 0.31815 0.009920001 0.31815 0.005769968 0.31815 0.004459977 0.27942 0.009179949 0.27942 0.01390987 0.27942 0.01407986 0.31815 0.01407986 0.31815 0.009920001 0.31815 0.009179949 0.27942 0.01390987 0.27942 0.01390987 0.27942 0.01407986 0.31815 0.01407986 0.31815 0.01407986 0.31815 0.01390987 0.27942 0.01390987 0.27942 0.009179949 0.27942 0.009920001 0.31815 0.009920001 0.31815 0.01407986 0.31815 0.01390987 0.27942 0.009179949 0.27942 0.004459977 0.27942 0.005769968 0.31815 0.005769968 0.31815 0.009920001 0.31815 0.009179949 0.27942 0.004459977 0.27942 0.004459977 0.27942 0.005769968 0.31815 0.005769968 0.31815 0.005769968 0.31815 0.004459977 0.27942 0.01390987 0.26978 0.01390987 0.28175 0.03415 0.32169 0.03415 0.32169 0.03845983 0.31981 0.01390987 0.26978 0.01390987 0.28175 0.01390987 0.28175 0.03415 0.32169 0.03415 0.32169 0.03415 0.32169 0.01390987 0.28175 0.01390987 0.28175 0.01390987 0.26978 0.03845983 0.31981 0.03845983 0.31981 0.03415 0.32169 0.01390987 0.28175 0.01390987 0.26978 0.01390987 0.26978 0.03845983 0.31981 0.03845983 0.31981 0.03845983 0.31981 0.01390987 0.26978 0.03318995 0.31527 0.03318995 0.31199 0.01133996 0.31152 0.01133996 0.31152 0.01133996 0.3148 0.03318995 0.31527 0.03318995 0.31199 0.03312999 0.31533 0.01126986 0.31486 0.01126986 0.31486 0.01133996 0.31152 0.03318995 0.31199 0.01205986 0.24112 0.01376998 0.2462199 0.01804 0.24533 0.01804 0.24533 0.01633 0.24022 0.01205986 0.24112 0.01376998 0.2462199 0.009789943 0.24787 0.01804 0.24533 0.009789943 0.24787 0.008079946 0.24276 0.01633 0.24022 0.01633 0.24022 0.01804 0.24533 0.009789943 0.24787 0.008079946 0.24276 0.01205986 0.24112 0.01633 0.24022 0.40141 0.09551 0.42585 0.08986997 0.4284 0.09174996 0.40141 0.09551 0.4284 0.09174996 0.43242 0.1026999 0.43242 0.1026999 0.44022 0.10518 0.44022 0.11423 0.40141 0.09551 0.43242 0.1026999 0.44022 0.11423 0.40141 0.09551 0.44022 0.11423 0.40003 0.1165699 0.02424997 0.11128 0.003179967 0.11266 0.005519986 0.07247 0.005519986 0.07247 0.01456987 0.07247 0.01704984 0.08026999 0.02424997 0.11128 0.005519986 0.07247 0.01704984 0.08026999 0.02424997 0.11128 0.01704984 0.08026999 0.02799987 0.08428996 0.02424997 0.11128 0.02799987 0.08428996 0.02987986 0.08683997 0.98807 0.007589936 0.99194 0.007589936 0.99199 0.06242996 0.99199 0.06242996 0.98812 0.06241995 0.98807 0.007589936 0.99194 0.007589936 0.99195 0.007579982 0.99201 0.06240987 0.99201 0.06240987 0.99199 0.06242996 0.99194 0.007589936 0.99195 0.007579982 0.98808 0.007579982 0.98814 0.06240987 0.98814 0.06240987 0.99201 0.06240987 0.99195 0.007579982 0.98808 0.007579982 0.98807 0.007589936 0.98812 0.06241995 0.98812 0.06241995 0.98814 0.06240987 0.98808 0.007579982 0.98807 0.007589936 0.98808 0.007579982 0.99001 0.006039977 0.99001 0.006039977 0.99001 0.00604999 0.98807 0.007589936 0.98808 0.007579982 0.99195 0.007579982 0.99001 0.006039977 0.99195 0.007579982 0.99194 0.007589936 0.99001 0.00604999 0.99001 0.00604999 0.99001 0.006039977 0.99195 0.007579982 0.99194 0.007589936 0.98807 0.007589936 0.99001 0.00604999 0.98812 0.06241995 0.99199 0.06242996 0.99005 0.06421995 0.99199 0.06242996 0.99201 0.06240987 0.99008 0.06420999 0.99008 0.06420999 0.99005 0.06421995 0.99199 0.06242996 0.99201 0.06240987 0.98814 0.06240987 0.99008 0.06420999 0.98814 0.06240987 0.98812 0.06241995 0.99005 0.06421995 0.99005 0.06421995 0.99008 0.06420999 0.98814 0.06240987 0.98822 0.05932986 0.99181 0.05932986 0.99154 0.09707999 0.99154 0.09707999 0.98846 0.09707999 0.98822 0.05932986 0.99181 0.05932986 0.99173 0.05925995 0.99147 0.09701997 0.99147 0.09701997 0.99154 0.09707999 0.99181 0.05932986 0.99173 0.05925995 0.98813 0.05925995 0.98839 0.09701997 0.98839 0.09701997 0.99147 0.09701997 0.99173 0.05925995 0.98813 0.05925995 0.98822 0.05932986 0.98846 0.09707999 0.98846 0.09707999 0.98839 0.09701997 0.98813 0.05925995 0.99173 0.05925995 0.99181 0.05932986 0.98822 0.05932986 0.98822 0.05932986 0.98813 0.05925995 0.99173 0.05925995 0.97337 0.05077987 0.97351 0.05076998 0.97348 0.003799915 0.97348 0.003799915 0.97335 0.003809869 0.97337 0.05077987 0.97351 0.05076998 0.97519 0.05066984 0.97516 0.003699958 0.97516 0.003699958 0.97348 0.003799915 0.97351 0.05076998 0.97519 0.05066984 0.97337 0.05077987 0.97335 0.003809869 0.97335 0.003809869 0.97516 0.003699958 0.97519 0.05066984 0.11756 0.30245 0.11756 0.30291 0.09833997 0.30187 0.09833997 0.30187 0.09833997 0.3013 0.11756 0.30245 0.11757 0.31044 0.11757 0.31659 0.09833997 0.31615 0.09833997 0.31615 0.09833997 0.31147 0.11757 0.31044 0.14627 0.29996 0.13862 0.30172 0.13862 0.2971 0.13862 0.2971 0.14627 0.29828 0.14627 0.29996 0.1301 0.30306 0.1301 0.30346 0.11756 0.30291 0.11756 0.30291 0.11756 0.30245 0.1301 0.30306 0.1301 0.30989 0.1301 0.31623 0.11757 0.31659 0.11757 0.31659 0.11757 0.31044 0.1301 0.30989 0.09833997 0.3013 0.09833997 0.2962 0.11756 0.29606 0.11756 0.29606 0.11756 0.30245 0.09833997 0.3013 0.11756 0.30245 0.11756 0.29606 0.1301 0.29648 0.1301 0.29648 0.1301 0.30306 0.11756 0.30245 0.13863 0.30393 0.13863 0.30904 0.1301 0.30989 0.1301 0.30989 0.1301 0.30306 0.13863 0.30393 0.13863 0.31104 0.13863 0.31536 0.1301 0.31623 0.1301 0.31623 0.1301 0.30989 0.13863 0.31104 0.14627 0.29828 0.13862 0.2971 0.13862 0.29616 0.14627 0.31422 0.13863 0.31633 0.13863 0.31536 0.09833997 0.3174 0.09833997 0.31615 0.11757 0.31659 0.11757 0.31659 0.11757 0.31794 0.09833997 0.3174 0.11757 0.31794 0.11757 0.31659 0.1301 0.31623 0.1301 0.31623 0.1301 0.31751 0.11757 0.31794 0.11756 0.29455 0.11756 0.29606 0.09833997 0.2962 0.09833997 0.2962 0.09833997 0.2951 0.11756 0.29455 0.1301 0.29498 0.1301 0.29648 0.11756 0.29606 0.11756 0.29606 0.11756 0.29455 0.1301 0.29498 0.13862 0.30172 0.1301 0.30306 0.1301 0.29648 0.1301 0.29648 0.13862 0.2971 0.13862 0.30172 0.13863 0.30393 0.14629 0.30624 0.13863 0.30904 0.14627 0.31253 0.14627 0.31422 0.13863 0.31536 0.13863 0.31536 0.13863 0.31104 0.14627 0.31253 0.1301 0.29498 0.13862 0.29616 0.13862 0.2971 0.13862 0.2971 0.1301 0.29648 0.1301 0.29498 0.1301 0.31623 0.13863 0.31536 0.13863 0.31633 0.13863 0.31633 0.1301 0.31751 0.1301 0.31623 0.09833997 0.2951 0.09833997 0.2962 0.09833997 0.3013 0.09833997 0.29635 0.09833997 0.2951 0.09833997 0.3013 0.09833997 0.30187 0.09833997 0.29635 0.09833997 0.3013 0.06730997 0.29465 0.08653998 0.2935 0.08653998 0.29405 0.08653998 0.29405 0.06730997 0.29509 0.06730997 0.29465 0.06730997 0.30264 0.08652997 0.30368 0.08652997 0.30835 0.08652997 0.30835 0.06730997 0.30879 0.06730997 0.30264 0.03859984 0.29216 0.03859984 0.29048 0.04624986 0.2893 0.04624986 0.2893 0.04624986 0.29392 0.03859984 0.29216 0.05477982 0.29527 0.06730997 0.29465 0.06730997 0.29509 0.06730997 0.29509 0.05477982 0.29564 0.05477982 0.29527 0.05477982 0.30209 0.06730997 0.30264 0.06730997 0.30879 0.06730997 0.30879 0.05476999 0.30843 0.05477982 0.30209 0.08653998 0.2935 0.06730997 0.29465 0.06730997 0.28826 0.06730997 0.28826 0.08653998 0.28841 0.08653998 0.2935 0.06730997 0.29465 0.05477982 0.29527 0.05477982 0.28868 0.05477982 0.28868 0.06730997 0.28826 0.06730997 0.29465 0.04623997 0.29613 0.05477982 0.29527 0.05477982 0.30209 0.05477982 0.30209 0.04623997 0.30124 0.04623997 0.29613 0.04624986 0.30324 0.05477982 0.30209 0.05476999 0.30843 0.05476999 0.30843 0.04624986 0.30756 0.04624986 0.30324 0.03859984 0.29048 0.04624986 0.28837 0.04624986 0.2893 0.08652997 0.3096 0.06730997 0.31014 0.06730997 0.30879 0.06730997 0.30879 0.08652997 0.30835 0.08652997 0.3096 0.06730997 0.31014 0.05476999 0.30971 0.05476999 0.30843 0.05476999 0.30843 0.06730997 0.30879 0.06730997 0.31014 0.06730997 0.28675 0.08653998 0.2873 0.08653998 0.28841 0.08653998 0.28841 0.06730997 0.28826 0.06730997 0.28675 0.05477982 0.28719 0.06730997 0.28675 0.06730997 0.28826 0.06730997 0.28826 0.05477982 0.28868 0.05477982 0.28719 0.04624986 0.29392 0.04624986 0.2893 0.05477982 0.28868 0.05477982 0.28868 0.05477982 0.29527 0.04624986 0.29392 0.04623997 0.29613 0.04623997 0.30124 0.03858995 0.29844 0.03859984 0.30474 0.04624986 0.30324 0.04624986 0.30756 0.05477982 0.28719 0.05477982 0.28868 0.04624986 0.2893 0.04624986 0.2893 0.04624986 0.28837 0.05477982 0.28719 0.05476999 0.30843 0.05476999 0.30971 0.04624986 0.30853 0.04624986 0.30853 0.04624986 0.30756 0.05476999 0.30843 0.08653998 0.2935 0.08653998 0.28841 0.08653998 0.2873 0.08653998 0.2935 0.08653998 0.2873 0.08653998 0.28855 0.08653998 0.29405 0.08653998 0.2935 0.08653998 0.28855 0.78899 0.24944 0.7488 0.24944 0.74885 0.23399 0.74885 0.23399 0.78893 0.23403 0.78899 0.24944 0.78262 0.18668 0.78256 0.17127 0.74248 0.17122 0.74248 0.17122 0.74243 0.18668 0.78262 0.18668 0.2110599 0.24944 0.2111099 0.23403 0.2512 0.23399 0.2512 0.23399 0.25125 0.24944 0.2110599 0.24944 0.78262 0.18668 0.74243 0.18668 0.74248 0.17122 0.74248 0.17122 0.78256 0.17127 0.78262 0.18668 0.59613 0.7136 0.59519 0.70792 0.61136 0.70792 0.61136 0.70792 0.61018 0.71495 0.59613 0.7136 0.39874 0.33714 0.39876 0.32309 0.39351 0.32191 0.6 0.1165699 0.59861 0.09551 0.6108 0.09832 0.6108 0.09832 0.60901 0.11709 0.6 0.1165699 0.003179967 0.11266 0.002659976 0.12167 0.02143985 0.12347 0.02143985 0.12347 0.02424997 0.11128 0.003179967 0.11266 0.59861 0.09551 0.6 0.1165699 0.5598 0.11423 0.5598 0.11423 0.5598 0.10518 0.5676 0.1026999 0.59861 0.09551 0.5598 0.11423 0.5676 0.1026999 0.59861 0.09551 0.5676 0.1026999 0.57162 0.09174996 0.59861 0.09551 0.57162 0.09174996 0.57417 0.08986997 0.02424997 0.11128 0.02987986 0.08683997 0.02799987 0.08428996 0.02424997 0.11128 0.02799987 0.08428996 0.01704984 0.08026999 0.01704984 0.08026999 0.01456987 0.07247 0.005519986 0.07247 0.02424997 0.11128 0.01704984 0.08026999 0.005519986 0.07247 0.02424997 0.11128 0.005519986 0.07247 0.003179967 0.11266 0.004459977 0.27942 0.005769968 0.31815 0.009920001 0.31815 0.009920001 0.31815 0.009179949 0.27942 0.004459977 0.27942 0.009179949 0.27942 0.009920001 0.31815 0.01407986 0.31815 0.01407986 0.31815 0.01390987 0.27942 0.009179949 0.27942 0.01390987 0.27942 0.01407986 0.31815 0.01407986 0.31815 0.01407986 0.31815 0.01390987 0.27942 0.01390987 0.27942 0.01390987 0.27942 0.01407986 0.31815 0.009920001 0.31815 0.009920001 0.31815 0.009179949 0.27942 0.01390987 0.27942 0.009179949 0.27942 0.009920001 0.31815 0.005769968 0.31815 0.005769968 0.31815 0.004459977 0.27942 0.009179949 0.27942 0.004459977 0.27942 0.005769968 0.31815 0.005769968 0.31815 0.005769968 0.31815 0.004459977 0.27942 0.004459977 0.27942 0.01390987 0.26978 0.03845983 0.31981 0.03415 0.32169 0.03415 0.32169 0.01390987 0.28175 0.01390987 0.26978 0.01390987 0.28175 0.03415 0.32169 0.03415 0.32169 0.03415 0.32169 0.01390987 0.28175 0.01390987 0.28175 0.01390987 0.28175 0.03415 0.32169 0.03845983 0.31981 0.03845983 0.31981 0.01390987 0.26978 0.01390987 0.28175 0.01390987 0.26978 0.03845983 0.31981 0.03845983 0.31981 0.03845983 0.31981 0.01390987 0.26978 0.01390987 0.26978 0.03318995 0.31527 0.01133996 0.3148 0.01133996 0.31152 0.01133996 0.31152 0.03318995 0.31199 0.03318995 0.31527 0.03318995 0.31199 0.01133996 0.31152 0.01126986 0.31486 0.01126986 0.31486 0.03312999 0.31533 0.03318995 0.31199 0.01205986 0.24112 0.01633 0.24022 0.01804 0.24533 0.01804 0.24533 0.01376998 0.2462199 0.01205986 0.24112 0.01376998 0.2462199 0.01804 0.24533 0.009789943 0.24787 0.009789943 0.24787 0.01804 0.24533 0.01633 0.24022 0.01633 0.24022 0.008079946 0.24276 0.009789943 0.24787 0.008079946 0.24276 0.01633 0.24022 0.01205986 0.24112 0.98807 0.007589936 0.98812 0.06241995 0.99199 0.06242996 0.99199 0.06242996 0.99194 0.007589936 0.98807 0.007589936 0.99194 0.007589936 0.99199 0.06242996 0.99201 0.06240987 0.99201 0.06240987 0.99195 0.007579982 0.99194 0.007589936 0.99195 0.007579982 0.99201 0.06240987 0.98814 0.06240987 0.98814 0.06240987 0.98808 0.007579982 0.99195 0.007579982 0.98808 0.007579982 0.98814 0.06240987 0.98812 0.06241995 0.98812 0.06241995 0.98807 0.007589936 0.98808 0.007579982 0.98807 0.007589936 0.99001 0.00604999 0.99001 0.006039977 0.99001 0.006039977 0.98808 0.007579982 0.98807 0.007589936 0.98808 0.007579982 0.99001 0.006039977 0.99195 0.007579982 0.99195 0.007579982 0.99001 0.006039977 0.99001 0.00604999 0.99001 0.00604999 0.99194 0.007589936 0.99195 0.007579982 0.99194 0.007589936 0.99001 0.00604999 0.98807 0.007589936 0.98812 0.06241995 0.99005 0.06421995 0.99199 0.06242996 0.99199 0.06242996 0.99005 0.06421995 0.99008 0.06420999 0.99008 0.06420999 0.99201 0.06240987 0.99199 0.06242996 0.99201 0.06240987 0.99008 0.06420999 0.98814 0.06240987 0.98814 0.06240987 0.99008 0.06420999 0.99005 0.06421995 0.99005 0.06421995 0.98812 0.06241995 0.98814 0.06240987 0.98822 0.05932986 0.98846 0.09707999 0.99154 0.09707999 0.99154 0.09707999 0.99181 0.05932986 0.98822 0.05932986 0.99181 0.05932986 0.99154 0.09707999 0.99147 0.09701997 0.99147 0.09701997 0.99173 0.05925995 0.99181 0.05932986 0.99173 0.05925995 0.99147 0.09701997 0.98839 0.09701997 0.98839 0.09701997 0.98813 0.05925995 0.99173 0.05925995 0.98813 0.05925995 0.98839 0.09701997 0.98846 0.09707999 0.98846 0.09707999 0.98822 0.05932986 0.98813 0.05925995 0.99173 0.05925995 0.98813 0.05925995 0.98822 0.05932986 0.98822 0.05932986 0.99181 0.05932986 0.99173 0.05925995 0.97337 0.05077987 0.97335 0.003809869 0.97348 0.003799915 0.97348 0.003799915 0.97351 0.05076998 0.97337 0.05077987 0.97351 0.05076998 0.97348 0.003799915 0.97516 0.003699958 0.97516 0.003699958 0.97519 0.05066984 0.97351 0.05076998 0.97519 0.05066984 0.97516 0.003699958 0.97335 0.003809869 0.97335 0.003809869 0.97337 0.05077987 0.97519 0.05066984</float_array>
          <technique_common>
            <accessor source="#geometry_d17d45e1_6e74_4e6a_a2d2_8d78c13a2e93-mesh-map-0-array" count="7779" stride="2">
              <param name="S" type="float"/>
              <param name="T" type="float"/>
            </accessor>
          </technique_common>
        </source>
        <vertices id="geometry_d17d45e1_6e74_4e6a_a2d2_8d78c13a2e93-mesh-vertices">
          <input semantic="POSITION" source="#geometry_d17d45e1_6e74_4e6a_a2d2_8d78c13a2e93-mesh-positions"/>
        </vertices>
        <lines count="10">
          <input semantic="VERTEX" source="#geometry_d17d45e1_6e74_4e6a_a2d2_8d78c13a2e93-mesh-vertices" offset="0"/>
          <p>2192 2193 2052 2053 527 528 513 514 510 513 2244 2245 534 535 2194 2195 525 526 525 527</p>
        </lines>
        <triangles material="mat_0-material" count="2593">
          <input semantic="VERTEX" source="#geometry_d17d45e1_6e74_4e6a_a2d2_8d78c13a2e93-mesh-vertices" offset="0"/>
          <input semantic="NORMAL" source="#geometry_d17d45e1_6e74_4e6a_a2d2_8d78c13a2e93-mesh-normals" offset="1"/>
          <input semantic="TEXCOORD" source="#geometry_d17d45e1_6e74_4e6a_a2d2_8d78c13a2e93-mesh-map-0" offset="2" set="0"/>
          <p>0 0 0 1 1 1 2 2 2 2 2 3 3 3 4 0 0 5 1 1 6 4 4 7 5 5 8 5 5 9 2 2 10 1 1 11 6 6 12 5 5 13 4 4 14 4 4 15 7 7 16 6 6 17 8 8 18 6 6 19 7 7 20 7 7 21 9 9 22 8 8 23 10 10 24 8 8 25 9 9 26 9 9 27 11 11 28 10 10 29 12 12 30 13 13 31 14 14 32 14 14 33 15 15 34 12 12 35 13 13 36 16 16 37 17 17 38 17 17 39 14 14 40 13 13 41 16 16 42 18 18 43 19 19 44 19 19 45 17 17 46 16 16 47 18 18 48 20 20 49 21 21 50 21 21 51 19 19 52 18 18 53 20 20 54 0 0 55 3 3 56 3 3 57 21 21 58 20 20 59 3 3 60 2 2 61 22 22 62 22 22 63 23 23 64 3 3 65 2 2 66 5 5 67 24 24 68 24 24 69 22 22 70 2 2 71 5 5 72 6 6 73 25 25 74 25 25 75 24 24 76 5 5 77 26 26 78 25 25 79 6 6 80 6 6 81 8 8 82 26 26 83 27 27 84 26 26 85 8 8 86 8 8 87 10 10 88 27 27 89 15 15 90 14 14 91 28 28 92 28 28 93 29 29 94 15 15 95 14 14 96 17 17 97 30 30 98 30 30 99 28 28 100 14 14 101 17 17 102 19 19 103 31 31 104 31 31 105 30 30 106 17 17 107 19 19 108 21 21 109 32 32 110 32 32 111 31 31 112 19 19 113 21 21 114 3 3 115 23 23 116 23 23 117 32 32 118 21 21 119 23 23 120 22 22 121 33 33 122 33 33 123 34 34 124 23 23 125 22 22 126 24 24 127 35 35 128 35 35 129 33 33 130 22 22 131 36 36 132 35 35 133 24 24 134 24 24 135 25 25 136 36 36 137 37 37 138 36 36 139 25 25 140 25 25 141 26 26 142 37 37 143 26 26 144 27 27 145 38 38 146 38 38 147 37 37 148 26 26 149 29 29 150 28 28 151 39 39 152 39 39 153 40 40 154 29 29 155 28 28 156 30 30 157 41 41 158 41 41 159 39 39 160 28 28 161 30 30 162 31 31 163 42 42 164 42 42 165 41 41 166 30 30 167 31 31 168 32 32 169 43 43 170 43 43 171 42 42 172 31 31 173 32 32 174 23 23 175 34 34 176 34 34 177 43 43 178 32 32 179 44 44 180 45 45 181 46 46 182 46 46 183 47 47 184 44 44 185 48 48 186 44 44 187 47 47 188 47 47 189 49 49 190 48 48 191 50 50 192 48 48 193 49 49 194 49 49 195 51 51 196 50 50 197 52 52 198 50 50 199 51 51 200 51 51 201 53 53 202 52 52 203 54 54 204 52 52 205 53 53 206 53 53 207 55 55 208 54 54 209 56 56 210 57 57 211 58 58 212 58 58 213 59 59 214 56 56 215 60 60 216 56 56 217 59 59 218 59 59 219 61 61 220 60 60 221 62 62 222 60 60 223 61 61 224 61 61 225 63 63 226 62 62 227 64 64 228 62 62 229 63 63 230 63 63 231 65 65 232 64 64 233 45 45 234 64 64 235 65 65 236 65 65 237 46 46 238 45 45 239 66 66 240 67 67 241 45 45 242 45 45 243 44 44 244 66 66 245 68 68 246 66 66 247 44 44 248 44 44 249 48 48 250 68 68 251 69 69 252 68 68 253 48 48 254 48 48 255 50 50 256 69 69 257 70 70 258 69 69 259 50 50 260 50 50 261 52 52 262 70 70 263 71 71 264 70 70 265 52 52 266 52 52 267 54 54 268 71 71 269 72 72 270 73 73 271 57 57 272 57 57 273 56 56 274 72 72 275 74 74 276 72 72 277 56 56 278 56 56 279 60 60 280 74 74 281 75 75 282 74 74 283 60 60 284 60 60 285 62 62 286 75 75 287 76 76 288 75 75 289 62 62 290 62 62 291 64 64 292 76 76 293 67 67 294 76 76 295 64 64 296 64 64 297 45 45 298 67 67 299 0 0 300 77 77 301 1 1 302 78 78 303 79 79 304 4 4 305 4 4 306 1 1 307 78 78 308 4 4 309 80 80 310 7 7 311 81 81 312 82 82 313 9 9 314 9 9 315 7 7 316 81 81 317 82 82 318 83 83 319 11 11 320 11 11 321 9 9 322 82 82 323 84 84 324 85 85 325 13 13 326 13 13 327 12 12 328 84 84 329 13 13 330 85 85 331 86 86 332 86 86 333 16 16 334 13 13 335 16 16 336 87 87 337 18 18 338 88 88 339 89 89 340 20 20 341 20 20 342 18 18 343 88 88 344 82 82 345 90 90 346 91 91 347 91 91 348 83 83 349 82 82 350 92 92 351 93 93 352 94 94 353 95 95 354 93 93 355 92 92 356 92 92 357 96 96 358 95 95 359 95 95 360 96 96 361 97 97 362 97 97 363 98 98 364 95 95 365 97 97 366 99 99 367 100 100 368 97 97 369 100 100 370 101 101 371 97 97 372 101 101 373 98 98 374 102 102 375 103 103 376 104 104 377 104 104 378 105 105 379 102 102 380 106 106 381 107 107 382 108 108 383 108 108 384 109 109 385 106 106 386 110 110 387 111 111 388 112 112 389 112 112 390 113 113 391 110 110 392 111 111 393 114 114 394 115 115 395 115 115 396 112 112 397 111 111 398 114 114 399 116 116 400 117 117 401 117 117 402 115 115 403 114 114 404 118 118 405 119 119 406 120 120 407 120 120 408 121 121 409 118 118 410 122 122 411 118 118 412 121 121 413 121 121 414 123 123 415 122 122 416 124 124 417 122 122 418 123 123 419 123 123 420 125 125 421 124 124 422 126 126 423 124 124 424 125 125 425 125 125 426 127 127 427 126 126 428 128 128 429 129 129 430 130 130 431 130 130 432 131 131 433 128 128 434 129 129 435 132 132 436 133 133 437 133 133 438 130 130 439 129 129 440 134 134 441 133 133 442 132 132 443 132 132 444 135 135 445 134 134 446 136 136 447 134 134 448 135 135 449 135 135 450 137 137 451 136 136 452 119 119 453 136 136 454 137 137 455 137 137 456 120 120 457 119 119 458 138 138 459 139 139 460 140 140 461 140 140 462 141 141 463 138 138 464 139 139 465 142 142 466 143 143 467 143 143 468 140 140 469 139 139 470 144 144 471 145 145 472 142 142 473 146 146 474 147 147 475 144 148 476 144 148 477 148 149 478 146 146 479 149 150 480 150 151 481 151 152 482 151 152 483 152 153 484 149 150 485 149 150 486 152 153 487 153 154 488 154 155 489 153 154 490 152 153 491 152 153 492 155 156 493 154 155 494 156 157 495 154 155 496 155 156 497 155 156 498 157 158 499 156 157 500 157 158 501 138 138 502 141 141 503 141 141 504 156 157 505 157 158 506 147 159 507 145 145 508 144 144 509 145 160 510 147 161 511 158 162 512 158 162 513 159 163 514 145 160 515 126 126 516 127 127 517 160 164 518 160 164 519 161 165 520 126 126 521 145 145 522 159 166 523 143 143 524 145 145 525 143 143 526 142 142 527 91 91 528 90 90 529 105 105 530 105 105 531 104 104 532 91 91 533 90 90 534 100 167 535 105 105 536 105 105 537 100 167 538 99 168 539 99 168 540 102 102 541 105 105 542 126 126 543 161 165 544 162 169 545 162 169 546 163 170 547 126 126 548 117 117 549 94 94 550 164 171 551 94 94 552 116 116 553 92 92 554 0 0 555 89 89 556 77 77 557 89 89 558 0 0 559 20 20 560 78 78 561 1 1 562 77 77 563 164 171 564 77 77 565 89 89 566 89 89 567 165 172 568 164 171 569 94 94 570 117 117 571 116 116 572 115 115 573 117 117 574 165 172 575 117 117 576 164 171 577 165 172 578 110 110 579 113 113 580 108 108 581 108 108 582 107 107 583 110 110 584 166 173 585 167 174 586 168 175 587 168 175 588 167 174 589 169 176 590 169 176 591 167 174 592 170 177 593 170 177 594 167 174 595 171 178 596 172 179 597 167 174 598 173 180 599 173 180 600 167 174 601 174 181 602 174 181 603 167 174 604 175 182 605 175 182 606 167 174 607 166 173 608 176 183 609 177 184 610 178 185 611 178 185 612 179 186 613 176 183 614 177 184 615 180 187 616 181 188 617 181 188 618 178 185 619 177 184 620 180 187 621 182 189 622 183 190 623 183 190 624 181 188 625 180 187 626 182 189 627 184 191 628 185 192 629 185 192 630 183 190 631 182 189 632 184 191 633 186 193 634 187 194 635 187 194 636 185 192 637 184 191 638 186 193 639 176 183 640 179 186 641 179 186 642 187 194 643 186 193 644 188 195 645 189 195 646 190 195 647 190 195 648 191 195 649 192 195 650 188 196 651 190 196 652 192 196 653 193 197 654 188 197 655 192 197 656 194 198 657 195 199 658 196 200 659 196 200 660 197 201 661 194 198 662 197 201 663 196 200 664 198 202 665 198 202 666 199 203 667 197 201 668 200 204 669 201 205 670 199 203 671 199 203 672 198 202 673 200 204 674 202 206 675 203 207 676 201 205 677 201 205 678 200 204 679 202 206 680 10 10 681 11 11 682 203 207 683 203 207 684 202 206 685 10 10 686 204 208 687 205 209 688 206 210 689 206 210 690 207 211 691 204 208 692 207 211 693 206 210 694 208 212 695 208 212 696 209 213 697 207 211 698 209 213 699 208 212 700 210 214 701 210 214 702 211 215 703 209 213 704 211 215 705 210 214 706 212 216 707 212 216 708 213 217 709 211 215 710 213 217 711 212 216 712 195 199 713 195 199 714 194 198 715 213 217 716 195 199 717 214 218 718 215 219 719 215 219 720 196 200 721 195 199 722 196 200 723 215 219 724 216 220 725 216 220 726 198 202 727 196 200 728 198 202 729 216 220 730 217 221 731 217 221 732 200 204 733 198 202 734 218 222 735 202 206 736 200 204 737 200 204 738 217 221 739 218 222 740 219 223 741 10 10 742 202 206 743 202 206 744 218 222 745 219 223 746 205 209 747 220 224 748 221 225 749 221 225 750 206 210 751 205 209 752 206 210 753 221 225 754 222 226 755 222 226 756 208 212 757 206 210 758 208 212 759 222 226 760 223 227 761 223 227 762 210 214 763 208 212 764 210 214 765 223 227 766 224 228 767 224 228 768 212 216 769 210 214 770 212 216 771 224 228 772 214 218 773 214 218 774 195 199 775 212 216 776 214 218 777 225 229 778 226 230 779 226 230 780 215 219 781 214 218 782 215 219 783 226 230 784 227 231 785 227 231 786 216 220 787 215 219 788 228 232 789 217 221 790 216 220 791 216 220 792 227 231 793 228 232 794 229 233 795 218 222 796 217 221 797 217 221 798 228 232 799 229 233 800 218 222 801 229 233 802 230 234 803 230 234 804 219 223 805 218 222 806 220 224 807 231 235 808 232 236 809 232 236 810 221 225 811 220 224 812 221 225 813 232 236 814 233 237 815 233 237 816 222 226 817 221 225 818 222 226 819 233 237 820 234 238 821 234 238 822 223 227 823 222 226 824 223 227 825 234 238 826 235 239 827 235 239 828 224 228 829 223 227 830 224 228 831 235 239 832 225 229 833 225 229 834 214 218 835 224 228 836 236 240 837 237 241 838 238 242 839 238 242 840 239 243 841 236 240 842 240 244 843 241 245 844 237 241 845 237 241 846 236 240 847 240 244 848 242 246 849 243 247 850 241 245 851 241 245 852 240 244 853 242 246 854 244 248 855 245 249 856 243 247 857 243 247 858 242 246 859 244 248 860 246 250 861 247 251 862 245 249 863 245 249 864 244 248 865 246 250 866 248 252 867 249 253 868 250 254 869 250 254 870 251 255 871 248 252 872 252 256 873 253 257 874 249 253 875 249 253 876 248 252 877 252 256 878 254 258 879 255 259 880 253 257 881 253 257 882 252 256 883 254 258 884 256 260 885 257 261 886 255 259 887 255 259 888 254 258 889 256 260 890 239 243 891 238 242 892 257 261 893 257 261 894 256 260 895 239 243 896 258 262 897 236 240 898 239 243 899 239 243 900 259 263 901 258 262 902 260 264 903 240 244 904 236 240 905 236 240 906 258 262 907 260 264 908 261 265 909 242 246 910 240 244 911 240 244 912 260 264 913 261 265 914 262 266 915 244 248 916 242 246 917 242 246 918 261 265 919 262 266 920 263 267 921 246 250 922 244 248 923 244 248 924 262 266 925 263 267 926 264 268 927 248 252 928 251 255 929 251 255 930 265 269 931 264 268 932 266 270 933 252 256 934 248 252 935 248 252 936 264 268 937 266 270 938 267 271 939 254 258 940 252 256 941 252 256 942 266 270 943 267 271 944 268 272 945 256 260 946 254 258 947 254 258 948 267 271 949 268 272 950 259 263 951 239 243 952 256 260 953 256 260 954 268 272 955 259 263 956 269 273 957 203 207 958 11 11 959 11 11 960 83 83 961 269 273 962 269 273 963 83 83 964 91 91 965 91 91 966 270 274 967 269 273 968 271 275 969 272 276 970 104 104 971 104 104 972 103 103 973 271 275 974 273 277 975 274 278 976 275 279 977 275 279 978 276 280 979 273 277 980 277 281 981 278 282 982 274 278 983 274 278 984 273 277 985 277 281 986 279 283 987 280 284 988 278 282 989 278 282 990 277 281 991 279 283 992 281 285 993 282 286 994 280 284 995 280 284 996 279 283 997 281 285 998 128 128 999 131 131 1000 283 287 1001 283 287 1002 284 288 1003 128 128 1004 284 288 1005 283 287 1006 285 289 1007 285 289 1008 286 290 1009 284 288 1010 287 291 1011 288 292 1012 286 290 1013 286 290 1014 285 289 1015 287 291 1016 289 293 1017 290 294 1018 288 292 1019 288 292 1020 287 291 1021 289 293 1022 276 280 1023 275 279 1024 290 294 1025 290 294 1026 289 293 1027 276 280 1028 291 295 1029 292 296 1030 293 297 1031 293 297 1032 294 298 1033 291 295 1034 294 298 1035 293 297 1036 295 299 1037 295 299 1038 296 300 1039 294 298 1040 297 301 1041 296 300 1042 298 302 1043 299 303 1044 300 304 1045 297 301 1046 297 301 1047 301 305 1048 299 303 1049 302 306 1050 303 307 1051 304 308 1052 304 308 1053 305 309 1054 302 306 1055 302 306 1056 306 310 1057 303 307 1058 307 311 1059 308 312 1060 303 307 1061 303 307 1062 306 310 1063 307 311 1064 309 313 1065 310 314 1066 308 312 1067 308 312 1068 307 311 1069 309 313 1070 310 314 1071 309 313 1072 292 296 1073 292 296 1074 291 295 1075 310 314 1076 301 305 1077 297 301 1078 298 302 1079 298 315 1080 311 316 1081 312 317 1082 312 317 1083 301 318 1084 298 315 1085 281 285 1086 161 165 1087 160 164 1088 160 164 1089 282 286 1090 281 285 1091 298 302 1092 295 299 1093 311 319 1094 298 302 1095 296 300 1096 295 299 1097 91 91 1098 104 104 1099 272 276 1100 272 276 1101 270 274 1102 91 91 1103 270 274 1104 272 276 1105 313 320 1106 272 276 1107 271 275 1108 314 321 1109 314 322 1110 313 320 1111 272 276 1112 281 285 1113 315 323 1114 162 169 1115 162 169 1116 161 165 1117 281 285 1118 316 324 1119 317 325 1120 167 174 1121 317 325 1122 318 326 1123 167 174 1124 318 326 1125 319 327 1126 167 174 1127 319 327 1128 171 178 1129 167 174 1130 172 179 1131 320 328 1132 167 174 1133 320 328 1134 321 329 1135 167 174 1136 321 329 1137 322 330 1138 167 174 1139 322 330 1140 316 324 1141 167 174 1142 101 101 1143 100 100 1144 323 331 1145 323 331 1146 100 100 1147 90 90 1148 90 90 1149 324 332 1150 323 331 1151 85 85 1152 84 84 1153 325 333 1154 85 85 1155 325 333 1156 326 334 1157 326 334 1158 86 86 1159 85 85 1160 84 84 1161 109 109 1162 327 335 1163 327 335 1164 325 333 1165 84 84 1166 109 109 1167 108 108 1168 327 335 1169 328 336 1170 329 337 1171 330 338 1172 331 339 1173 332 340 1174 328 336 1175 328 336 1176 330 338 1177 331 339 1178 331 339 1179 333 341 1180 334 342 1181 334 342 1182 332 340 1183 331 339 1184 334 342 1185 333 341 1186 335 343 1187 334 342 1188 335 343 1189 313 344 1190 334 342 1191 313 344 1192 314 345 1193 336 346 1194 337 347 1195 338 348 1196 338 348 1197 339 349 1198 336 346 1199 340 350 1200 341 351 1201 342 352 1202 342 352 1203 343 353 1204 340 350 1205 343 353 1206 342 352 1207 344 354 1208 344 354 1209 345 355 1210 343 353 1211 345 355 1212 344 354 1213 346 356 1214 346 356 1215 347 357 1216 345 355 1217 329 337 1218 328 336 1219 347 357 1220 329 337 1221 347 357 1222 346 356 1223 340 350 1224 339 349 1225 338 348 1226 338 348 1227 341 351 1228 340 350 1229 90 90 1230 82 82 1231 324 332 1232 348 358 1233 81 81 1234 80 80 1235 4 4 1236 79 79 1237 80 80 1238 80 80 1239 81 81 1240 7 7 1241 324 332 1242 82 82 1243 81 81 1244 81 81 1245 348 358 1246 324 332 1247 87 87 1248 86 86 1249 326 334 1250 16 16 1251 86 86 1252 87 87 1253 87 87 1254 88 88 1255 18 18 1256 194 198 1257 197 201 1258 349 359 1259 350 360 1260 197 201 1261 199 203 1262 199 203 1263 351 361 1264 350 360 1265 199 203 1266 201 205 1267 352 362 1268 353 363 1269 201 205 1270 203 207 1271 203 207 1272 269 273 1273 353 363 1274 354 364 1275 204 208 1276 207 211 1277 207 211 1278 355 365 1279 354 364 1280 207 211 1281 209 213 1282 356 366 1283 356 366 1284 355 365 1285 207 211 1286 209 213 1287 211 215 1288 357 367 1289 358 368 1290 211 215 1291 213 217 1292 213 217 1293 359 369 1294 358 368 1295 346 356 1296 360 370 1297 329 337 1298 194 198 1299 349 359 1300 359 369 1301 359 369 1302 213 217 1303 194 198 1304 350 360 1305 349 359 1306 197 201 1307 360 370 1308 361 371 1309 359 369 1310 359 369 1311 349 359 1312 360 370 1313 344 354 1314 361 371 1315 346 356 1316 346 356 1317 361 371 1318 360 370 1319 335 343 1320 362 372 1321 313 344 1322 362 372 1323 363 373 1324 270 274 1325 270 274 1326 313 344 1327 362 372 1328 355 365 1329 364 374 1330 354 364 1331 355 365 1332 356 366 1333 365 375 1334 365 375 1335 364 374 1336 355 365 1337 354 364 1338 364 374 1339 366 376 1340 366 376 1341 337 347 1342 354 364 1343 337 347 1344 366 376 1345 338 348 1346 270 274 1347 363 373 1348 269 273 1349 367 377 1350 352 362 1351 353 363 1352 199 203 1353 352 362 1354 351 361 1355 352 362 1356 201 205 1357 353 363 1358 363 373 1359 367 377 1360 353 363 1361 353 363 1362 269 273 1363 363 373 1364 357 367 1365 365 375 1366 356 366 1367 209 213 1368 357 367 1369 356 366 1370 357 367 1371 211 215 1372 358 368 1373 368 378 1374 369 379 1375 370 380 1376 370 380 1377 371 381 1378 368 378 1379 368 382 1380 372 383 1381 369 384 1382 373 385 1383 374 386 1384 375 387 1385 370 388 1386 369 389 1387 376 390 1388 376 391 1389 377 392 1390 370 393 1391 378 394 1392 379 394 1393 380 394 1394 380 394 1395 381 394 1396 378 394 1397 382 395 1398 381 396 1399 380 397 1400 380 397 1401 383 398 1402 382 395 1403 384 399 1404 382 395 1405 383 398 1406 377 392 1407 376 391 1408 385 400 1409 385 400 1410 386 401 1411 377 392 1412 386 195 1413 387 195 1414 388 195 1415 385 402 1416 389 402 1417 390 402 1418 390 403 1419 387 403 1420 386 403 1421 391 404 1422 392 404 1423 393 404 1424 393 405 1425 394 405 1426 384 405 1427 384 399 1428 383 398 1429 391 406 1430 391 406 1431 393 407 1432 384 399 1433 390 408 1434 386 401 1435 385 400 1436 373 409 1437 395 410 1438 396 411 1439 396 412 1440 374 413 1441 373 414 1442 396 415 1443 397 416 1444 398 417 1445 398 417 1446 374 418 1447 396 415 1448 399 394 1449 400 394 1450 401 394 1451 401 394 1452 402 394 1453 399 394 1454 403 419 1455 404 420 1456 401 421 1457 401 421 1458 400 422 1459 403 419 1460 405 423 1461 404 420 1462 403 419 1463 397 416 1464 406 424 1465 407 425 1466 407 425 1467 398 417 1468 397 416 1469 406 195 1470 408 195 1471 409 195 1472 407 426 1473 410 426 1474 411 426 1475 410 427 1476 406 427 1477 409 427 1478 412 428 1479 413 428 1480 414 428 1481 405 423 1482 412 429 1483 404 420 1484 412 429 1485 405 423 1486 413 430 1487 410 431 1488 407 425 1489 406 424 1490 405 432 1491 415 432 1492 413 432 1493 416 433 1494 417 433 1495 418 433 1496 418 434 1497 419 434 1498 420 434 1499 421 435 1500 418 435 1501 417 435 1502 419 436 1503 418 436 1504 421 436 1505 422 437 1506 423 437 1507 424 437 1508 424 438 1509 425 438 1510 426 438 1511 424 439 1512 426 439 1513 427 439 1514 422 440 1515 424 440 1516 427 440 1517 428 441 1518 429 441 1519 430 441 1520 430 394 1521 431 394 1522 432 394 1523 428 442 1524 430 442 1525 432 442 1526 433 394 1527 428 394 1528 432 394 1529 434 443 1530 435 444 1531 436 445 1532 436 445 1533 437 446 1534 434 443 1535 436 445 1536 435 444 1537 438 447 1538 438 447 1539 439 448 1540 436 445 1541 439 448 1542 438 447 1543 440 449 1544 440 449 1545 441 450 1546 439 448 1547 441 450 1548 440 449 1549 442 451 1550 442 451 1551 443 452 1552 441 450 1553 443 452 1554 442 451 1555 444 453 1556 444 453 1557 445 454 1558 443 452 1559 445 454 1560 444 453 1561 446 455 1562 446 455 1563 447 456 1564 445 454 1565 447 456 1566 446 455 1567 448 457 1568 448 457 1569 449 458 1570 447 456 1571 449 458 1572 448 457 1573 450 459 1574 450 459 1575 451 460 1576 449 458 1577 451 460 1578 450 459 1579 452 461 1580 452 461 1581 453 462 1582 451 460 1583 453 462 1584 452 461 1585 454 463 1586 454 463 1587 455 464 1588 453 462 1589 455 464 1590 454 463 1591 456 465 1592 456 465 1593 457 466 1594 455 464 1595 437 446 1596 457 466 1597 456 465 1598 456 465 1599 434 443 1600 437 446 1601 436 445 1602 458 467 1603 437 446 1604 439 448 1605 458 467 1606 436 445 1607 441 450 1608 458 467 1609 439 448 1610 443 452 1611 458 467 1612 441 450 1613 445 454 1614 458 467 1615 443 452 1616 447 456 1617 458 467 1618 445 454 1619 449 458 1620 458 467 1621 447 456 1622 451 460 1623 458 467 1624 449 458 1625 453 462 1626 458 467 1627 451 460 1628 455 464 1629 458 467 1630 453 462 1631 457 466 1632 458 467 1633 455 464 1634 437 446 1635 458 467 1636 457 466 1637 461 468 1638 462 469 1639 463 470 1640 464 471 1641 465 472 1642 459 473 1643 464 471 1644 466 474 1645 465 472 1646 461 468 1647 467 475 1648 462 469 1649 468 476 1650 463 470 1651 462 469 1652 469 477 1653 470 478 1654 471 479 1655 462 469 1656 470 478 1657 472 480 1658 472 480 1659 468 476 1660 462 469 1661 469 477 1662 473 481 1663 470 478 1664 473 481 1665 474 482 1666 472 480 1667 475 483 1668 474 482 1669 473 481 1670 467 475 1671 461 468 1672 476 484 1673 462 469 1674 467 475 1675 471 479 1676 470 478 1677 462 469 1678 471 479 1679 465 472 1680 466 474 1681 477 485 1682 478 486 1683 479 487 1684 480 488 1685 481 489 1686 479 487 1687 482 490 1688 482 491 1689 479 492 1690 483 491 1691 480 488 1692 479 487 1693 481 489 1694 473 481 1695 464 471 1696 484 493 1697 464 471 1698 459 473 1699 460 494 1700 460 494 1701 484 493 1702 464 471 1703 485 495 1704 475 483 1705 473 481 1706 473 481 1707 484 493 1708 485 495 1709 486 496 1710 487 497 1711 488 498 1712 489 499 1713 490 500 1714 491 501 1715 486 496 1716 488 498 1717 492 502 1718 493 503 1719 488 498 1720 487 497 1721 494 504 1722 495 505 1723 496 506 1724 488 498 1725 493 503 1726 497 507 1727 497 507 1728 496 506 1729 488 498 1730 494 504 1731 496 506 1732 498 508 1733 497 507 1734 499 509 1735 498 508 1736 492 502 1737 500 510 1738 486 496 1739 488 498 1740 495 505 1741 492 502 1742 496 506 1743 495 505 1744 488 498 1745 490 500 1746 501 511 1747 491 501 1748 502 512 1749 503 513 1750 504 514 1751 505 515 1752 506 516 1753 504 514 1754 506 517 1755 507 517 1756 504 518 1757 503 513 1758 505 515 1759 504 514 1760 498 519 1761 508 520 1762 489 521 1763 498 519 1764 509 522 1765 508 520 1766 498 508 1767 496 506 1768 497 507 1769 472 480 1770 470 478 1771 473 481 1772 510 523 1773 511 524 1774 512 525 1775 515 526 1776 517 527 1777 518 528 1778 518 528 1779 516 529 1780 515 526 1781 519 530 1782 518 528 1783 520 531 1784 519 530 1785 521 532 1786 518 528 1787 516 529 1788 518 528 1789 522 533 1790 522 533 1791 523 534 1792 516 529 1793 521 532 1794 522 533 1795 518 528 1796 518 528 1797 517 527 1798 520 531 1799 517 527 1800 461 468 1801 520 531 1802 459 473 1803 465 472 1804 517 527 1805 524 535 1806 517 527 1807 477 485 1808 461 468 1809 463 470 1810 520 531 1811 517 527 1812 465 472 1813 477 485 1814 517 527 1815 524 535 1816 476 484 1817 461 468 1818 517 527 1819 476 484 1820 517 527 1821 515 526 1822 459 473 1823 531 536 1824 532 537 1825 529 538 1826 531 536 1827 529 538 1828 533 539 1829 533 539 1830 529 538 1831 535 540 1832 529 538 1833 532 537 1834 530 541 1835 530 541 1836 532 537 1837 486 496 1838 536 542 1839 501 511 1840 530 541 1841 486 496 1842 532 537 1843 487 497 1844 530 541 1845 501 511 1846 490 500 1847 530 541 1848 500 510 1849 536 542 1850 486 496 1851 500 510 1852 530 541 1853 538 543 1854 539 544 1855 537 545 1856 539 544 1857 538 543 1858 540 546 1859 540 546 1860 541 547 1861 539 544 1862 542 548 1863 543 549 1864 541 547 1865 541 547 1866 540 546 1867 542 548 1868 537 545 1869 546 550 1870 545 551 1871 546 550 1872 537 545 1873 539 544 1874 539 544 1875 547 552 1876 546 550 1877 547 552 1878 539 544 1879 541 547 1880 541 547 1881 548 553 1882 547 552 1883 548 553 1884 541 547 1885 543 549 1886 543 549 1887 549 554 1888 548 553 1889 545 551 1890 550 555 1891 544 556 1892 550 555 1893 545 551 1894 546 550 1895 546 550 1896 551 557 1897 550 555 1898 551 557 1899 546 550 1900 547 552 1901 547 552 1902 552 558 1903 551 557 1904 552 558 1905 547 552 1906 548 553 1907 548 553 1908 553 559 1909 552 558 1910 553 559 1911 548 553 1912 549 554 1913 549 554 1914 554 560 1915 553 559 1916 550 555 1917 556 561 1918 555 562 1919 556 561 1920 550 555 1921 551 557 1922 551 557 1923 557 563 1924 556 561 1925 557 563 1926 551 557 1927 552 558 1928 552 558 1929 558 564 1930 557 563 1931 558 564 1932 552 558 1933 553 559 1934 553 559 1935 559 565 1936 558 564 1937 559 565 1938 553 559 1939 554 560 1940 554 560 1941 560 566 1942 559 565 1943 561 567 1944 555 562 1945 556 561 1946 556 561 1947 562 568 1948 561 567 1949 562 568 1950 556 561 1951 557 563 1952 557 563 1953 563 569 1954 562 568 1955 563 569 1956 557 563 1957 558 564 1958 558 564 1959 564 570 1960 563 569 1961 564 570 1962 558 564 1963 559 565 1964 559 565 1965 565 571 1966 564 570 1967 565 571 1968 559 565 1969 560 566 1970 560 566 1971 566 572 1972 565 571 1973 567 573 1974 561 567 1975 562 568 1976 562 568 1977 568 574 1978 567 573 1979 568 574 1980 562 568 1981 563 569 1982 563 569 1983 569 575 1984 568 574 1985 569 575 1986 563 569 1987 564 570 1988 564 570 1989 570 576 1990 569 575 1991 570 576 1992 564 570 1993 565 571 1994 565 571 1995 571 577 1996 570 576 1997 566 572 1998 572 578 1999 571 577 2000 571 577 2001 565 571 2002 566 572 2003 573 579 2004 567 573 2005 568 574 2006 568 574 2007 574 580 2008 573 579 2009 574 580 2010 568 574 2011 569 575 2012 569 575 2013 575 581 2014 574 580 2015 575 581 2016 569 575 2017 570 576 2018 570 576 2019 576 582 2020 575 581 2021 576 582 2022 570 576 2023 571 577 2024 571 577 2025 577 583 2026 576 582 2027 572 578 2028 578 584 2029 577 583 2030 577 583 2031 571 577 2032 572 578 2033 579 585 2034 573 579 2035 574 580 2036 574 580 2037 580 586 2038 579 585 2039 580 586 2040 574 580 2041 575 581 2042 575 581 2043 581 587 2044 580 586 2045 581 587 2046 575 581 2047 576 582 2048 576 582 2049 582 588 2050 581 587 2051 582 588 2052 576 582 2053 577 583 2054 577 583 2055 583 589 2056 582 588 2057 578 584 2058 584 590 2059 583 589 2060 583 589 2061 577 583 2062 578 584 2063 580 586 2064 585 591 2065 579 585 2066 581 587 2067 585 591 2068 580 586 2069 582 588 2070 585 591 2071 581 587 2072 583 589 2073 585 591 2074 582 588 2075 585 591 2076 583 589 2077 584 590 2078 572 578 2079 566 572 2080 586 592 2081 586 592 2082 587 593 2083 572 578 2084 587 593 2085 586 592 2086 588 594 2087 588 594 2088 589 595 2089 587 593 2090 589 595 2091 588 594 2092 590 596 2093 590 596 2094 591 597 2095 589 595 2096 591 597 2097 590 596 2098 592 598 2099 592 598 2100 593 599 2101 591 597 2102 578 584 2103 572 578 2104 587 593 2105 587 593 2106 594 600 2107 578 584 2108 594 600 2109 587 593 2110 589 595 2111 589 595 2112 595 601 2113 594 600 2114 595 601 2115 589 595 2116 591 597 2117 591 597 2118 596 602 2119 595 601 2120 596 602 2121 591 597 2122 593 599 2123 593 599 2124 597 603 2125 596 602 2126 584 590 2127 578 584 2128 594 600 2129 594 600 2130 598 604 2131 584 590 2132 598 604 2133 594 600 2134 595 601 2135 595 601 2136 599 605 2137 598 604 2138 599 605 2139 595 601 2140 596 602 2141 596 602 2142 600 606 2143 599 605 2144 600 606 2145 596 602 2146 597 603 2147 597 603 2148 601 607 2149 600 606 2150 598 604 2151 585 591 2152 584 590 2153 599 605 2154 585 591 2155 598 604 2156 600 606 2157 585 591 2158 599 605 2159 601 607 2160 585 591 2161 600 606 2162 590 596 2163 588 594 2164 602 608 2165 590 596 2166 602 608 2167 592 598 2168 603 609 2169 586 592 2170 566 572 2171 566 572 2172 560 566 2173 603 609 2174 602 608 2175 588 594 2176 586 592 2177 586 592 2178 603 609 2179 602 608 2180 604 610 2181 605 611 2182 554 560 2183 554 560 2184 549 554 2185 604 610 2186 603 609 2187 606 612 2188 602 608 2189 605 611 2190 606 612 2191 603 609 2192 543 549 2193 542 548 2194 607 613 2195 607 613 2196 608 614 2197 543 549 2198 609 615 2199 610 616 2200 611 617 2201 611 617 2202 612 618 2203 609 615 2204 612 618 2205 611 617 2206 613 619 2207 613 619 2208 614 620 2209 612 618 2210 608 614 2211 607 613 2212 610 616 2213 610 616 2214 609 615 2215 608 614 2216 608 614 2217 604 610 2218 549 554 2219 549 554 2220 543 549 2221 608 614 2222 612 618 2223 617 621 2224 618 622 2225 618 622 2226 609 615 2227 612 618 2228 614 620 2229 619 623 2230 617 621 2231 617 621 2232 612 618 2233 614 620 2234 615 624 2235 620 625 2236 619 623 2237 619 623 2238 614 620 2239 615 624 2240 616 626 2241 621 627 2242 620 625 2243 620 625 2244 615 624 2245 616 626 2246 609 615 2247 618 622 2248 604 610 2249 604 610 2250 608 614 2251 609 615 2252 622 628 2253 623 629 2254 624 630 2255 624 630 2256 625 631 2257 622 628 2258 626 632 2259 627 633 2260 628 634 2261 626 632 2262 628 634 2263 629 635 2264 630 636 2265 626 632 2266 629 635 2267 631 637 2268 628 634 2269 627 633 2270 632 638 2271 631 637 2272 627 633 2273 633 639 2274 632 638 2275 627 633 2276 634 640 2277 635 641 2278 636 642 2279 618 622 2280 617 621 2281 634 640 2282 634 640 2283 617 621 2284 635 641 2285 619 623 2286 637 643 2287 635 641 2288 635 641 2289 617 621 2290 619 623 2291 637 643 2292 619 623 2293 620 625 2294 620 625 2295 638 644 2296 637 643 2297 621 627 2298 639 645 2299 638 644 2300 638 644 2301 620 625 2302 621 627 2303 640 646 2304 641 647 2305 642 648 2306 643 649 2307 644 650 2308 641 647 2309 641 647 2310 640 646 2311 643 649 2312 645 651 2313 646 652 2314 644 650 2315 644 650 2316 643 649 2317 645 651 2318 647 653 2319 648 654 2320 646 652 2321 646 652 2322 645 651 2323 647 653 2324 644 650 2325 649 655 2326 641 647 2327 646 652 2328 650 656 2329 644 650 2330 646 652 2331 648 654 2332 650 656 2333 650 656 2334 649 655 2335 644 650 2336 542 548 2337 651 657 2338 652 658 2339 652 658 2340 607 613 2341 542 548 2342 538 543 2343 654 659 2344 655 660 2345 655 660 2346 540 546 2347 538 543 2348 540 546 2349 655 660 2350 651 657 2351 651 657 2352 542 548 2353 540 546 2354 607 613 2355 652 658 2356 653 661 2357 653 661 2358 610 616 2359 607 613 2360 656 662 2361 657 663 2362 658 664 2363 658 664 2364 659 665 2365 656 662 2366 667 666 2367 668 667 2368 666 668 2369 666 668 2370 665 669 2371 667 666 2372 659 665 2373 658 664 2374 668 667 2375 668 667 2376 667 666 2377 659 665 2378 661 670 2379 660 671 2380 657 663 2381 657 663 2382 656 662 2383 661 670 2384 659 665 2385 669 672 2386 656 662 2387 661 670 2388 671 673 2389 670 674 2390 672 675 2391 673 676 2392 674 677 2393 674 677 2394 675 678 2395 672 675 2396 676 679 2397 677 680 2398 673 676 2399 673 676 2400 672 675 2401 676 679 2402 678 681 2403 679 682 2404 677 680 2405 677 680 2406 676 679 2407 678 681 2408 680 683 2409 681 684 2410 679 682 2411 679 682 2412 678 681 2413 680 683 2414 682 685 2415 669 672 2416 681 684 2417 681 684 2418 680 683 2419 682 685 2420 671 673 2421 661 670 2422 656 662 2423 656 662 2424 683 686 2425 671 673 2426 683 686 2427 682 685 2428 684 687 2429 684 687 2430 685 688 2431 683 686 2432 686 689 2433 670 674 2434 671 673 2435 671 673 2436 685 688 2437 686 689 2438 687 690 2439 672 675 2440 675 678 2441 675 678 2442 688 691 2443 687 690 2444 689 692 2445 676 679 2446 672 675 2447 672 675 2448 687 690 2449 689 692 2450 690 693 2451 678 681 2452 676 679 2453 676 679 2454 689 692 2455 690 693 2456 691 694 2457 680 683 2458 678 681 2459 678 681 2460 690 693 2461 691 694 2462 684 687 2463 682 685 2464 680 683 2465 680 683 2466 691 694 2467 684 687 2468 683 686 2469 685 688 2470 671 673 2471 667 666 2472 681 684 2473 669 672 2474 669 672 2475 659 665 2476 667 666 2477 665 669 2478 679 682 2479 681 684 2480 681 684 2481 667 666 2482 665 669 2483 664 695 2484 677 680 2485 679 682 2486 679 682 2487 665 669 2488 664 695 2489 663 696 2490 673 676 2491 677 680 2492 677 680 2493 664 695 2494 663 696 2495 663 696 2496 662 697 2497 674 677 2498 674 677 2499 673 676 2500 663 696 2501 669 672 2502 683 686 2503 656 662 2504 669 672 2505 682 685 2506 683 686 2507 694 698 2508 692 699 2509 693 700 2510 693 700 2511 695 701 2512 694 698 2513 695 701 2514 696 702 2515 697 703 2516 697 703 2517 694 698 2518 695 701 2519 700 704 2520 701 705 2521 693 700 2522 695 701 2523 693 700 2524 701 705 2525 701 705 2526 702 706 2527 695 701 2528 696 702 2529 695 701 2530 702 706 2531 702 706 2532 703 707 2533 696 702 2534 699 708 2535 698 709 2536 704 710 2537 700 704 2538 699 708 2539 704 710 2540 704 710 2541 705 711 2542 700 704 2543 701 705 2544 700 704 2545 705 711 2546 705 711 2547 706 712 2548 701 705 2549 702 706 2550 701 705 2551 706 712 2552 706 712 2553 707 713 2554 702 706 2555 703 707 2556 702 706 2557 707 713 2558 707 713 2559 708 714 2560 703 707 2561 709 715 2562 710 716 2563 704 710 2564 710 716 2565 711 717 2566 705 711 2567 705 711 2568 704 710 2569 710 716 2570 711 717 2571 712 718 2572 706 712 2573 706 712 2574 705 711 2575 711 717 2576 707 713 2577 706 712 2578 712 718 2579 712 718 2580 713 719 2581 707 713 2582 708 714 2583 707 713 2584 713 719 2585 713 719 2586 714 720 2587 708 714 2588 710 716 2589 709 715 2590 715 721 2591 715 721 2592 716 722 2593 710 716 2594 711 717 2595 710 716 2596 716 722 2597 716 722 2598 717 723 2599 711 717 2600 712 718 2601 711 717 2602 717 723 2603 717 723 2604 718 724 2605 712 718 2606 718 724 2607 719 725 2608 713 719 2609 713 719 2610 712 718 2611 718 724 2612 714 720 2613 713 719 2614 719 725 2615 719 725 2616 720 726 2617 714 720 2618 721 727 2619 722 728 2620 716 722 2621 716 722 2622 715 721 2623 721 727 2624 717 723 2625 716 722 2626 722 728 2627 722 728 2628 723 729 2629 717 723 2630 718 724 2631 717 723 2632 723 729 2633 723 729 2634 724 730 2635 718 724 2636 724 730 2637 725 731 2638 719 725 2639 719 725 2640 718 724 2641 724 730 2642 725 731 2643 726 732 2644 720 726 2645 720 726 2646 719 725 2647 725 731 2648 722 728 2649 721 727 2650 727 733 2651 727 733 2652 728 734 2653 722 728 2654 723 729 2655 722 728 2656 728 734 2657 728 734 2658 729 735 2659 723 729 2660 724 730 2661 723 729 2662 729 735 2663 729 735 2664 730 736 2665 724 730 2666 730 736 2667 731 737 2668 725 731 2669 725 731 2670 724 730 2671 730 736 2672 731 737 2673 732 738 2674 726 732 2675 726 732 2676 725 731 2677 731 737 2678 728 734 2679 727 733 2680 733 739 2681 733 739 2682 734 740 2683 728 734 2684 729 735 2685 728 734 2686 734 740 2687 734 740 2688 735 741 2689 729 735 2690 730 736 2691 729 735 2692 735 741 2693 735 741 2694 736 742 2695 730 736 2696 736 742 2697 737 743 2698 731 737 2699 731 737 2700 730 736 2701 736 742 2702 737 743 2703 738 744 2704 732 738 2705 732 738 2706 731 737 2707 737 743 2708 734 740 2709 733 739 2710 739 745 2711 735 741 2712 734 740 2713 739 745 2714 736 742 2715 735 741 2716 739 745 2717 737 743 2718 736 742 2719 739 745 2720 739 745 2721 738 744 2722 737 743 2723 740 746 2724 720 726 2725 726 732 2726 726 732 2727 741 747 2728 740 746 2729 742 748 2730 740 746 2731 741 747 2732 741 747 2733 743 749 2734 742 748 2735 744 750 2736 742 748 2737 743 749 2738 743 749 2739 745 751 2740 744 750 2741 746 752 2742 744 750 2743 745 751 2744 745 751 2745 747 753 2746 746 752 2747 741 747 2748 726 732 2749 732 738 2750 732 738 2751 748 754 2752 741 747 2753 743 749 2754 741 747 2755 748 754 2756 748 754 2757 749 755 2758 743 749 2759 745 751 2760 743 749 2761 749 755 2762 749 755 2763 750 756 2764 745 751 2765 747 753 2766 745 751 2767 750 756 2768 750 756 2769 751 757 2770 747 753 2771 748 754 2772 732 738 2773 738 744 2774 738 744 2775 752 758 2776 748 754 2777 749 755 2778 748 754 2779 752 758 2780 752 758 2781 753 759 2782 749 755 2783 750 756 2784 749 755 2785 753 759 2786 753 759 2787 754 760 2788 750 756 2789 751 757 2790 750 756 2791 754 760 2792 754 760 2793 755 761 2794 751 757 2795 752 758 2796 738 744 2797 739 745 2798 753 759 2799 752 758 2800 739 745 2801 754 760 2802 753 759 2803 739 745 2804 755 761 2805 754 760 2806 739 745 2807 744 750 2808 756 762 2809 742 748 2810 744 750 2811 746 752 2812 756 762 2813 720 726 2814 740 746 2815 757 763 2816 757 763 2817 714 720 2818 720 726 2819 740 746 2820 742 748 2821 756 762 2822 756 762 2823 757 763 2824 740 746 2825 758 764 2826 703 707 2827 708 714 2828 708 714 2829 759 765 2830 758 764 2831 757 763 2832 756 762 2833 760 766 2834 759 765 2835 708 714 2836 714 720 2837 714 720 2838 757 763 2839 759 765 2840 761 767 2841 697 703 2842 696 702 2843 696 702 2844 762 768 2845 761 767 2846 763 769 2847 764 770 2848 765 771 2849 765 771 2850 766 772 2851 763 769 2852 767 773 2853 763 769 2854 766 772 2855 766 772 2856 768 774 2857 767 773 2858 764 770 2859 761 767 2860 762 768 2861 762 768 2862 765 771 2863 764 770 2864 703 707 2865 758 764 2866 762 768 2867 762 768 2868 696 702 2869 703 707 2870 771 775 2871 772 776 2872 766 772 2873 766 772 2874 765 771 2875 771 775 2876 772 776 2877 773 777 2878 768 774 2879 768 774 2880 766 772 2881 772 776 2882 773 777 2883 774 778 2884 769 779 2885 769 779 2886 768 774 2887 773 777 2888 774 778 2889 775 780 2890 770 781 2891 770 781 2892 769 779 2893 774 778 2894 758 764 2895 771 775 2896 765 771 2897 765 771 2898 762 768 2899 758 764 2900 624 782 2901 623 783 2902 776 784 2903 776 785 2904 777 786 2905 624 787 2906 778 788 2907 779 789 2908 780 790 2909 778 788 2910 781 791 2911 779 789 2912 782 792 2913 781 791 2914 778 788 2915 783 793 2916 780 790 2917 779 789 2918 784 794 2919 780 790 2920 783 793 2921 785 795 2922 780 790 2923 784 794 2924 786 796 2925 787 797 2926 788 798 2927 771 775 2928 786 796 2929 772 776 2930 786 796 2931 788 798 2932 772 776 2933 788 798 2934 789 799 2935 773 777 2936 773 777 2937 772 776 2938 788 798 2939 774 778 2940 773 777 2941 789 799 2942 789 799 2943 790 800 2944 774 778 2945 790 800 2946 791 801 2947 775 780 2948 775 780 2949 774 778 2950 790 800 2951 792 802 2952 793 803 2953 794 804 2954 794 804 2955 795 805 2956 796 806 2957 796 806 2958 792 802 2959 794 804 2960 795 805 2961 797 807 2962 798 808 2963 798 808 2964 796 806 2965 795 805 2966 797 807 2967 648 654 2968 647 653 2969 647 653 2970 798 808 2971 797 807 2972 795 805 2973 794 804 2974 649 809 2975 797 807 2976 795 805 2977 650 656 2978 797 807 2979 650 656 2980 648 654 2981 650 656 2982 795 805 2983 649 810 2984 799 811 2985 800 812 2986 697 703 2987 697 703 2988 761 767 2989 799 811 2990 803 813 2991 802 814 2992 692 699 2993 692 699 2994 694 698 2995 803 813 2996 800 812 2997 803 813 2998 694 698 2999 694 698 3000 697 703 3001 800 812 3002 801 815 3003 799 811 3004 761 767 3005 761 767 3006 764 770 3007 801 815 3008 804 816 3009 805 817 3010 806 818 3011 806 818 3012 807 819 3013 804 816 3014 813 820 3015 815 821 3016 816 822 3017 816 822 3018 814 823 3019 813 820 3020 815 821 3021 804 816 3022 807 819 3023 807 819 3024 816 822 3025 815 821 3026 805 817 3027 808 824 3028 809 825 3029 809 825 3030 806 818 3031 805 817 3032 807 819 3033 806 818 3034 817 826 3035 819 827 3036 820 828 3037 821 829 3038 821 829 3039 822 830 3040 819 827 3041 820 828 3042 823 831 3043 824 832 3044 824 832 3045 821 829 3046 820 828 3047 823 831 3048 825 833 3049 826 834 3050 826 834 3051 824 832 3052 823 831 3053 825 833 3054 827 835 3055 828 836 3056 828 836 3057 826 834 3058 825 833 3059 827 835 3060 817 826 3061 829 837 3062 829 837 3063 828 836 3064 827 835 3065 806 818 3066 809 825 3067 818 838 3068 818 838 3069 830 839 3070 806 818 3071 831 840 3072 829 837 3073 830 839 3074 822 830 3075 821 829 3076 832 841 3077 832 841 3078 833 842 3079 822 830 3080 821 829 3081 824 832 3082 834 843 3083 834 843 3084 832 841 3085 821 829 3086 824 832 3087 826 834 3088 835 844 3089 835 844 3090 834 843 3091 824 832 3092 826 834 3093 828 836 3094 836 845 3095 836 845 3096 835 844 3097 826 834 3098 828 836 3099 829 837 3100 831 840 3101 831 840 3102 836 845 3103 828 836 3104 817 826 3105 827 835 3106 816 822 3107 816 822 3108 807 819 3109 817 826 3110 827 835 3111 825 833 3112 814 823 3113 814 823 3114 816 822 3115 827 835 3116 825 833 3117 823 831 3118 812 846 3119 812 846 3120 814 823 3121 825 833 3122 823 831 3123 820 828 3124 810 847 3125 810 847 3126 812 846 3127 823 831 3128 810 847 3129 820 828 3130 819 827 3131 819 827 3132 811 848 3133 810 847 3134 817 826 3135 806 818 3136 830 839 3137 817 826 3138 830 839 3139 829 837 3140 757 763 3141 760 766 3142 759 765 3143 605 611 3144 603 609 3145 560 566 3146 560 566 3147 554 560 3148 605 611 3149 837 849 3150 838 850 3151 839 851 3152 840 852 3153 841 853 3154 842 854 3155 839 851 3156 843 855 3157 837 849 3158 844 856 3159 845 857 3160 842 854 3161 846 858 3162 842 858 3163 845 859 3164 845 860 3165 847 860 3166 846 861 3167 848 862 3168 849 863 3169 850 864 3170 850 864 3171 851 865 3172 848 862 3173 852 866 3174 853 867 3175 851 865 3176 851 865 3177 850 864 3178 852 866 3179 852 866 3180 854 868 3181 855 869 3182 856 870 3183 857 871 3184 858 872 3185 859 873 3186 860 874 3187 856 870 3188 838 875 3189 858 875 3190 861 875 3191 861 876 3192 862 876 3193 838 876 3194 863 877 3195 841 877 3196 840 877 3197 841 853 3198 844 856 3199 842 854 3200 841 853 3201 864 878 3202 854 868 3203 854 868 3204 844 856 3205 841 853 3206 854 868 3207 864 878 3208 855 869 3209 855 869 3210 853 867 3211 852 866 3212 859 873 3213 865 879 3214 860 874 3215 856 870 3216 860 874 3217 857 871 3218 838 850 3219 866 880 3220 839 851 3221 856 870 3222 858 872 3223 838 850 3224 838 850 3225 837 849 3226 856 870 3227 867 881 3228 868 882 3229 865 879 3230 865 879 3231 859 873 3232 867 881 3233 869 883 3234 867 881 3235 859 873 3236 859 873 3237 870 884 3238 869 883 3239 871 885 3240 872 886 3241 873 887 3242 873 887 3243 874 888 3244 871 885 3245 875 889 3246 876 890 3247 868 882 3248 868 882 3249 867 881 3250 875 889 3251 877 891 3252 875 889 3253 867 881 3254 867 881 3255 869 883 3256 877 891 3257 878 892 3258 879 893 3259 872 886 3260 872 886 3261 871 885 3262 878 892 3263 875 889 3264 880 894 3265 876 890 3266 881 895 3267 875 889 3268 877 891 3269 877 891 3270 882 896 3271 881 895 3272 883 897 3273 879 893 3274 878 892 3275 878 892 3276 884 898 3277 883 897 3278 875 889 3279 881 895 3280 880 894 3281 849 863 3282 885 899 3283 886 900 3284 886 900 3285 850 864 3286 849 863 3287 887 901 3288 871 885 3289 874 888 3290 874 888 3291 888 902 3292 887 901 3293 889 903 3294 849 863 3295 848 862 3296 848 862 3297 890 904 3298 889 903 3299 891 905 3300 885 899 3301 849 863 3302 849 863 3303 889 903 3304 891 905 3305 878 892 3306 871 885 3307 887 901 3308 887 901 3309 892 906 3310 878 892 3311 889 903 3312 890 904 3313 893 907 3314 894 908 3315 895 909 3316 891 905 3317 891 905 3318 889 903 3319 894 908 3320 896 910 3321 884 898 3322 878 892 3323 878 892 3324 892 906 3325 896 910 3326 889 903 3327 893 907 3328 894 908 3329 897 911 3330 859 873 3331 856 870 3332 859 873 3333 897 911 3334 898 912 3335 898 912 3336 870 884 3337 859 873 3338 899 913 3339 900 914 3340 874 888 3341 850 864 3342 886 900 3343 901 915 3344 901 915 3345 902 916 3346 850 864 3347 874 888 3348 900 914 3349 903 917 3350 901 918 3351 888 902 3352 874 888 3353 874 888 3354 903 917 3355 901 918 3356 902 916 3357 852 866 3358 850 864 3359 874 888 3360 873 887 3361 904 919 3362 904 919 3363 899 913 3364 874 888 3365 905 920 3366 906 921 3367 907 922 3368 908 923 3369 909 924 3370 910 925 3371 905 926 3372 911 927 3373 912 928 3374 913 929 3375 909 924 3376 914 930 3377 915 931 3378 916 932 3379 914 932 3380 914 933 3381 909 934 3382 915 934 3383 917 935 3384 918 936 3385 919 937 3386 919 937 3387 920 938 3388 917 935 3389 921 939 3390 919 937 3391 918 936 3392 918 936 3393 922 940 3394 921 939 3395 921 939 3396 923 941 3397 924 942 3398 925 943 3399 926 944 3400 927 945 3401 928 946 3402 925 943 3403 929 947 3404 907 948 3405 930 949 3406 931 950 3407 931 950 3408 926 951 3409 907 948 3410 932 952 3411 908 952 3412 910 952 3413 910 925 3414 909 924 3415 913 929 3416 910 925 3417 913 929 3418 924 942 3419 924 942 3420 933 953 3421 910 925 3422 924 942 3423 923 941 3424 933 953 3425 923 941 3426 921 939 3427 922 940 3428 928 946 3429 929 947 3430 934 954 3431 925 943 3432 927 945 3433 929 947 3434 926 944 3435 925 943 3436 911 927 3437 911 927 3438 907 955 3439 926 944 3440 911 927 3441 905 926 3442 907 955 3443 935 956 3444 928 946 3445 934 954 3446 934 954 3447 936 957 3448 935 956 3449 937 958 3450 938 959 3451 928 946 3452 928 946 3453 935 956 3454 937 958 3455 939 960 3456 940 961 3457 941 962 3458 941 962 3459 942 963 3460 939 960 3461 943 964 3462 935 956 3463 936 957 3464 936 957 3465 944 965 3466 943 964 3467 945 966 3468 937 958 3469 935 956 3470 935 956 3471 943 964 3472 945 966 3473 946 967 3474 939 960 3475 942 963 3476 942 963 3477 947 968 3478 946 967 3479 943 964 3480 944 965 3481 948 969 3482 949 970 3483 950 971 3484 945 966 3485 945 966 3486 943 964 3487 949 970 3488 951 972 3489 952 973 3490 946 967 3491 946 967 3492 947 968 3493 951 972 3494 943 964 3495 948 969 3496 949 970 3497 920 938 3498 919 937 3499 953 974 3500 953 974 3501 954 975 3502 920 938 3503 955 976 3504 956 977 3505 940 961 3506 940 961 3507 939 960 3508 955 976 3509 957 978 3510 958 979 3511 917 935 3512 917 935 3513 920 938 3514 957 978 3515 959 980 3516 957 978 3517 920 938 3518 920 938 3519 954 975 3520 959 980 3521 946 967 3522 960 981 3523 955 976 3524 955 976 3525 939 960 3526 946 967 3527 957 978 3528 961 982 3529 958 979 3530 962 983 3531 957 978 3532 959 980 3533 959 980 3534 963 984 3535 962 983 3536 964 985 3537 960 981 3538 946 967 3539 946 967 3540 952 973 3541 964 985 3542 957 978 3543 962 983 3544 961 982 3545 965 986 3546 925 943 3547 928 946 3548 928 946 3549 938 959 3550 966 987 3551 966 987 3552 965 986 3553 928 946 3554 967 988 3555 940 961 3556 968 989 3557 919 937 3558 969 990 3559 970 991 3560 970 991 3561 953 974 3562 919 937 3563 940 961 3564 971 992 3565 968 989 3566 970 993 3567 971 992 3568 940 961 3569 940 961 3570 956 977 3571 970 993 3572 969 990 3573 919 937 3574 921 939 3575 940 961 3576 967 988 3577 972 994 3578 972 994 3579 941 962 3580 940 961 3581 973 995 3582 974 996 3583 975 997 3584 975 997 3585 976 998 3586 973 995 3587 976 998 3588 975 997 3589 977 999 3590 977 999 3591 978 1000 3592 976 998 3593 978 1000 3594 977 999 3595 979 1001 3596 979 1001 3597 980 1002 3598 978 1000 3599 980 1002 3600 979 1001 3601 981 1003 3602 981 1003 3603 982 1004 3604 980 1002 3605 982 1004 3606 981 1003 3607 983 1005 3608 983 1005 3609 984 1006 3610 982 1004 3611 984 1006 3612 983 1005 3613 974 996 3614 974 996 3615 973 995 3616 984 1006 3617 985 195 3618 986 195 3619 987 195 3620 987 195 3621 988 195 3622 989 195 3623 985 1007 3624 987 1007 3625 989 1007 3626 990 1008 3627 985 1008 3628 989 1008 3629 991 1009 3630 992 1010 3631 993 1011 3632 993 1011 3633 994 1012 3634 991 1009 3635 994 1012 3636 993 1011 3637 995 1013 3638 995 1013 3639 996 1014 3640 994 1012 3641 997 1015 3642 998 1016 3643 996 1014 3644 996 1014 3645 995 1013 3646 997 1015 3647 999 1017 3648 1000 1018 3649 998 1016 3650 998 1016 3651 997 1015 3652 999 1017 3653 1001 1019 3654 1002 1020 3655 1000 1018 3656 1000 1018 3657 999 1017 3658 1001 1019 3659 1003 1021 3660 1004 1022 3661 1005 1023 3662 1005 1023 3663 1006 1024 3664 1003 1021 3665 1006 1024 3666 1005 1023 3667 1007 1025 3668 1007 1025 3669 1008 1026 3670 1006 1024 3671 1008 1026 3672 1007 1025 3673 1009 1027 3674 1009 1027 3675 1010 1028 3676 1008 1026 3677 1010 1028 3678 1009 1027 3679 1011 1029 3680 1011 1029 3681 1012 1030 3682 1010 1028 3683 1012 1030 3684 1011 1029 3685 992 1010 3686 992 1010 3687 991 1009 3688 1012 1030 3689 992 1010 3690 1013 1031 3691 1014 1032 3692 1014 1032 3693 993 1011 3694 992 1010 3695 993 1011 3696 1014 1032 3697 1015 1033 3698 1015 1033 3699 995 1013 3700 993 1011 3701 995 1013 3702 1015 1033 3703 1016 1034 3704 1016 1034 3705 997 1015 3706 995 1013 3707 1017 1035 3708 999 1017 3709 997 1015 3710 997 1015 3711 1016 1034 3712 1017 1035 3713 1018 1036 3714 1001 1019 3715 999 1017 3716 999 1017 3717 1017 1035 3718 1018 1036 3719 1004 1022 3720 1019 1037 3721 1020 1038 3722 1020 1038 3723 1005 1023 3724 1004 1022 3725 1005 1023 3726 1020 1038 3727 1021 1039 3728 1021 1039 3729 1007 1025 3730 1005 1023 3731 1007 1025 3732 1021 1039 3733 1022 1040 3734 1022 1040 3735 1009 1027 3736 1007 1025 3737 1009 1027 3738 1022 1040 3739 1023 1041 3740 1023 1041 3741 1011 1029 3742 1009 1027 3743 1011 1029 3744 1023 1041 3745 1013 1031 3746 1013 1031 3747 992 1010 3748 1011 1029 3749 1013 1031 3750 1024 1042 3751 1025 1043 3752 1025 1043 3753 1014 1032 3754 1013 1031 3755 1014 1032 3756 1025 1043 3757 1026 1044 3758 1026 1044 3759 1015 1033 3760 1014 1032 3761 1027 1045 3762 1016 1034 3763 1015 1033 3764 1015 1033 3765 1026 1044 3766 1027 1045 3767 1028 1046 3768 1017 1035 3769 1016 1034 3770 1016 1034 3771 1027 1045 3772 1028 1046 3773 1017 1035 3774 1028 1046 3775 1029 1047 3776 1029 1047 3777 1018 1036 3778 1017 1035 3779 1019 1037 3780 1030 1048 3781 1031 1049 3782 1031 1049 3783 1020 1038 3784 1019 1037 3785 1020 1038 3786 1031 1049 3787 1032 1050 3788 1032 1050 3789 1021 1039 3790 1020 1038 3791 1021 1039 3792 1032 1050 3793 1033 1051 3794 1033 1051 3795 1022 1040 3796 1021 1039 3797 1022 1040 3798 1033 1051 3799 1034 1052 3800 1034 1052 3801 1023 1041 3802 1022 1040 3803 1023 1041 3804 1034 1052 3805 1024 1042 3806 1024 1042 3807 1013 1031 3808 1023 1041 3809 1035 1053 3810 1036 1054 3811 1037 1055 3812 1037 1055 3813 1038 1056 3814 1035 1053 3815 1039 1057 3816 1040 1058 3817 1036 1054 3818 1036 1054 3819 1035 1053 3820 1039 1057 3821 1041 1059 3822 1042 1060 3823 1040 1058 3824 1040 1058 3825 1039 1057 3826 1041 1059 3827 1043 1061 3828 1044 1062 3829 1042 1060 3830 1042 1060 3831 1041 1059 3832 1043 1061 3833 1045 1063 3834 1046 1064 3835 1044 1062 3836 1044 1062 3837 1043 1061 3838 1045 1063 3839 1047 1065 3840 1048 1066 3841 1049 1067 3842 1049 1067 3843 1050 1068 3844 1047 1065 3845 1051 1069 3846 1052 1070 3847 1048 1066 3848 1048 1066 3849 1047 1065 3850 1051 1069 3851 1053 1071 3852 1054 1072 3853 1052 1070 3854 1052 1070 3855 1051 1069 3856 1053 1071 3857 1055 1073 3858 1056 1074 3859 1054 1072 3860 1054 1072 3861 1053 1071 3862 1055 1073 3863 1038 1056 3864 1037 1055 3865 1056 1074 3866 1056 1074 3867 1055 1073 3868 1038 1056 3869 1057 1075 3870 1035 1053 3871 1038 1056 3872 1038 1056 3873 1058 1076 3874 1057 1075 3875 1059 1077 3876 1039 1057 3877 1035 1053 3878 1035 1053 3879 1057 1075 3880 1059 1077 3881 1060 1078 3882 1041 1059 3883 1039 1057 3884 1039 1057 3885 1059 1077 3886 1060 1078 3887 1061 1079 3888 1043 1061 3889 1041 1059 3890 1041 1059 3891 1060 1078 3892 1061 1079 3893 1062 1080 3894 1045 1063 3895 1043 1061 3896 1043 1061 3897 1061 1079 3898 1062 1080 3899 1063 1081 3900 1047 1065 3901 1050 1068 3902 1050 1068 3903 1064 1082 3904 1063 1081 3905 1065 1083 3906 1051 1069 3907 1047 1065 3908 1047 1065 3909 1063 1081 3910 1065 1083 3911 1066 1084 3912 1053 1071 3913 1051 1069 3914 1051 1069 3915 1065 1083 3916 1066 1084 3917 1067 1085 3918 1055 1073 3919 1053 1071 3920 1053 1071 3921 1066 1084 3922 1067 1085 3923 1058 1076 3924 1038 1056 3925 1055 1073 3926 1055 1073 3927 1067 1085 3928 1058 1076 3929 991 1009 3930 994 1012 3931 1068 1086 3932 1069 1087 3933 994 1012 3934 996 1014 3935 996 1014 3936 1070 1088 3937 1069 1087 3938 996 1014 3939 998 1016 3940 1071 1089 3941 1072 1090 3942 998 1016 3943 1000 1018 3944 1000 1018 3945 1073 1091 3946 1072 1090 3947 1073 1091 3948 1000 1018 3949 1002 1020 3950 1002 1020 3951 1074 1092 3952 1073 1091 3953 1075 1093 3954 1003 1021 3955 1006 1024 3956 1006 1024 3957 1076 1094 3958 1075 1093 3959 1006 1024 3960 1008 1026 3961 1077 1095 3962 1077 1095 3963 1076 1094 3964 1006 1024 3965 1008 1026 3966 1010 1028 3967 1078 1096 3968 1079 1097 3969 1010 1028 3970 1012 1030 3971 1012 1030 3972 1080 1098 3973 1079 1097 3974 1073 1091 3975 1074 1092 3976 1081 1099 3977 1081 1099 3978 1082 1100 3979 1073 1091 3980 1083 1101 3981 1084 1102 3982 1085 1103 3983 1086 1104 3984 1087 1105 3985 1083 1101 3986 1083 1101 3987 1085 1103 3988 1086 1104 3989 1086 1104 3990 1088 1106 3991 1089 1107 3992 1089 1107 3993 1087 1105 3994 1086 1104 3995 1089 1107 3996 1088 1106 3997 1090 1108 3998 1089 1107 3999 1090 1108 4000 1091 1109 4001 1089 1107 4002 1091 1109 4003 1092 1110 4004 1093 1111 4005 1094 1112 4006 1095 1113 4007 1095 1113 4008 1096 1114 4009 1093 1111 4010 1097 1115 4011 1098 1116 4012 1099 1117 4013 1099 1117 4014 1100 1118 4015 1097 1115 4016 1101 1119 4017 1102 1120 4018 1103 1121 4019 1103 1121 4020 1104 1122 4021 1101 1119 4022 1104 1122 4023 1103 1121 4024 1105 1123 4025 1105 1123 4026 1106 1124 4027 1104 1122 4028 1106 1124 4029 1105 1123 4030 1107 1125 4031 1107 1125 4032 1108 1126 4033 1106 1124 4034 1109 1127 4035 1110 1128 4036 1111 1129 4037 1111 1129 4038 1112 1130 4039 1109 1127 4040 1113 1131 4041 1114 1132 4042 1110 1128 4043 1110 1128 4044 1109 1127 4045 1113 1131 4046 1115 1133 4047 1116 1134 4048 1114 1132 4049 1114 1132 4050 1113 1131 4051 1115 1133 4052 1117 1135 4053 1118 1136 4054 1116 1134 4055 1116 1134 4056 1115 1133 4057 1117 1135 4058 1119 1137 4059 1120 1138 4060 1121 1139 4061 1121 1139 4062 1122 1140 4063 1119 1137 4064 1122 1140 4065 1121 1139 4066 1123 1141 4067 1123 1141 4068 1124 1142 4069 1122 1140 4070 1125 1143 4071 1126 1144 4072 1124 1142 4073 1124 1142 4074 1123 1141 4075 1125 1143 4076 1127 1145 4077 1128 1146 4078 1126 1144 4079 1126 1144 4080 1125 1143 4081 1127 1145 4082 1112 1130 4083 1111 1129 4084 1128 1146 4085 1128 1146 4086 1127 1145 4087 1112 1130 4088 1129 1147 4089 1130 1148 4090 1131 1149 4091 1131 1149 4092 1132 1150 4093 1129 1147 4094 1132 1150 4095 1131 1149 4096 1133 1151 4097 1133 1151 4098 1134 1152 4099 1132 1150 4100 1135 1153 4101 1134 1152 4102 1136 1154 4103 1137 1155 4104 1138 1156 4105 1135 1153 4106 1135 1153 4107 1139 1157 4108 1137 1155 4109 1140 1158 4110 1141 1159 4111 1142 1160 4112 1142 1160 4113 1143 1161 4114 1140 1158 4115 1140 1158 4116 1144 1162 4117 1141 1159 4118 1145 1163 4119 1146 1164 4120 1141 1159 4121 1141 1159 4122 1144 1162 4123 1145 1163 4124 1147 1165 4125 1148 1166 4126 1146 1164 4127 1146 1164 4128 1145 1163 4129 1147 1165 4130 1148 1166 4131 1147 1165 4132 1130 1148 4133 1130 1148 4134 1129 1147 4135 1148 1166 4136 1139 1157 4137 1135 1153 4138 1136 1154 4139 1136 1167 4140 1149 1168 4141 1150 1169 4142 1150 1169 4143 1139 1170 4144 1136 1167 4145 1117 1135 4146 1151 1171 4147 1152 1172 4148 1152 1172 4149 1118 1136 4150 1117 1135 4151 1136 1154 4152 1133 1151 4153 1149 1173 4154 1136 1154 4155 1134 1152 4156 1133 1151 4157 1081 1099 4158 1095 1113 4159 1094 1112 4160 1094 1112 4161 1082 1100 4162 1081 1099 4163 1082 1100 4164 1094 1112 4165 1091 1174 4166 1094 1112 4167 1093 1111 4168 1092 1175 4169 1092 1176 4170 1091 1174 4171 1094 1112 4172 1117 1135 4173 1153 1177 4174 1154 1178 4175 1154 1178 4176 1151 1171 4177 1117 1135 4178 1107 1125 4179 1155 1179 4180 1084 1102 4181 1084 1102 4182 1083 1101 4183 1108 1126 4184 991 1009 4185 1068 1086 4186 1080 1098 4187 1080 1098 4188 1012 1030 4189 991 1009 4190 1069 1087 4191 1068 1086 4192 994 1012 4193 1155 1179 4194 1156 1180 4195 1080 1098 4196 1080 1098 4197 1068 1086 4198 1155 1179 4199 1084 1102 4200 1108 1126 4201 1107 1125 4202 1105 1123 4203 1156 1180 4204 1107 1125 4205 1107 1125 4206 1156 1180 4207 1155 1179 4208 1101 1119 4209 1100 1118 4210 1099 1117 4211 1099 1117 4212 1102 1120 4213 1101 1119 4214 1157 1181 4215 1158 1182 4216 1159 1183 4217 1158 1182 4218 1160 1184 4219 1159 1183 4220 1160 1184 4221 1161 1185 4222 1159 1183 4223 1161 1185 4224 1162 1186 4225 1159 1183 4226 1163 1187 4227 1164 1188 4228 1159 1183 4229 1164 1188 4230 1165 1189 4231 1159 1183 4232 1165 1189 4233 1166 1190 4234 1159 1183 4235 1166 1190 4236 1157 1181 4237 1159 1183 4238 1167 1191 4239 1168 1192 4240 1169 1193 4241 1169 1193 4242 1170 1194 4243 1167 1191 4244 1168 1192 4245 1171 1195 4246 1172 1196 4247 1172 1196 4248 1169 1193 4249 1168 1192 4250 1173 1197 4251 1172 1196 4252 1171 1195 4253 1171 1195 4254 1174 1198 4255 1173 1197 4256 1175 1199 4257 1173 1197 4258 1174 1198 4259 1174 1198 4260 1176 1200 4261 1175 1199 4262 1001 1019 4263 1175 1199 4264 1176 1200 4265 1176 1200 4266 1002 1020 4267 1001 1019 4268 1177 1201 4269 1178 1202 4270 1179 1203 4271 1179 1203 4272 1180 1204 4273 1177 1201 4274 1178 1202 4275 1181 1205 4276 1182 1206 4277 1182 1206 4278 1179 1203 4279 1178 1202 4280 1181 1205 4281 1183 1207 4282 1184 1208 4283 1184 1208 4284 1182 1206 4285 1181 1205 4286 1183 1207 4287 1185 1209 4288 1186 1210 4289 1186 1210 4290 1184 1208 4291 1183 1207 4292 1185 1209 4293 1167 1191 4294 1170 1194 4295 1170 1194 4296 1186 1210 4297 1185 1209 4298 1170 1194 4299 1169 1193 4300 1187 1211 4301 1187 1211 4302 1188 1212 4303 1170 1194 4304 1169 1193 4305 1172 1196 4306 1189 1213 4307 1189 1213 4308 1187 1211 4309 1169 1193 4310 1172 1196 4311 1173 1197 4312 1190 1214 4313 1190 1214 4314 1189 1213 4315 1172 1196 4316 1191 1215 4317 1190 1214 4318 1173 1197 4319 1173 1197 4320 1175 1199 4321 1191 1215 4322 1192 1216 4323 1191 1215 4324 1175 1199 4325 1175 1199 4326 1001 1019 4327 1192 1216 4328 1180 1204 4329 1179 1203 4330 1193 1217 4331 1193 1217 4332 1194 1218 4333 1180 1204 4334 1179 1203 4335 1182 1206 4336 1195 1219 4337 1195 1219 4338 1193 1217 4339 1179 1203 4340 1182 1206 4341 1184 1208 4342 1196 1220 4343 1196 1220 4344 1195 1219 4345 1182 1206 4346 1184 1208 4347 1186 1210 4348 1197 1221 4349 1197 1221 4350 1196 1220 4351 1184 1208 4352 1186 1210 4353 1170 1194 4354 1188 1212 4355 1188 1212 4356 1197 1221 4357 1186 1210 4358 1188 1212 4359 1187 1211 4360 1198 1222 4361 1198 1222 4362 1199 1223 4363 1188 1212 4364 1187 1211 4365 1189 1213 4366 1200 1224 4367 1200 1224 4368 1198 1222 4369 1187 1211 4370 1201 1225 4371 1200 1224 4372 1189 1213 4373 1189 1213 4374 1190 1214 4375 1201 1225 4376 1202 1226 4377 1201 1225 4378 1190 1214 4379 1190 1214 4380 1191 1215 4381 1202 1226 4382 1191 1215 4383 1192 1216 4384 1203 1227 4385 1203 1227 4386 1202 1226 4387 1191 1215 4388 1194 1218 4389 1193 1217 4390 1204 1228 4391 1204 1228 4392 1205 1229 4393 1194 1218 4394 1193 1217 4395 1195 1219 4396 1206 1230 4397 1206 1230 4398 1204 1228 4399 1193 1217 4400 1195 1219 4401 1196 1220 4402 1207 1231 4403 1207 1231 4404 1206 1230 4405 1195 1219 4406 1196 1220 4407 1197 1221 4408 1208 1232 4409 1208 1232 4410 1207 1231 4411 1196 1220 4412 1197 1221 4413 1188 1212 4414 1199 1223 4415 1199 1223 4416 1208 1232 4417 1197 1221 4418 1209 1233 4419 1210 1234 4420 1211 1235 4421 1211 1235 4422 1212 1236 4423 1209 1233 4424 1213 1237 4425 1209 1233 4426 1212 1236 4427 1212 1236 4428 1214 1238 4429 1213 1237 4430 1215 1239 4431 1213 1237 4432 1214 1238 4433 1214 1238 4434 1216 1240 4435 1215 1239 4436 1217 1241 4437 1215 1239 4438 1216 1240 4439 1216 1240 4440 1218 1242 4441 1217 1241 4442 1219 1243 4443 1217 1241 4444 1218 1242 4445 1218 1242 4446 1220 1244 4447 1219 1243 4448 1221 1245 4449 1222 1246 4450 1223 1247 4451 1223 1247 4452 1224 1248 4453 1221 1245 4454 1225 1249 4455 1221 1245 4456 1224 1248 4457 1224 1248 4458 1226 1250 4459 1225 1249 4460 1227 1251 4461 1225 1249 4462 1226 1250 4463 1226 1250 4464 1228 1252 4465 1227 1251 4466 1229 1253 4467 1227 1251 4468 1228 1252 4469 1228 1252 4470 1230 1254 4471 1229 1253 4472 1210 1234 4473 1229 1253 4474 1230 1254 4475 1230 1254 4476 1211 1235 4477 1210 1234 4478 1231 1255 4479 1232 1256 4480 1210 1234 4481 1210 1234 4482 1209 1233 4483 1231 1255 4484 1233 1257 4485 1231 1255 4486 1209 1233 4487 1209 1233 4488 1213 1237 4489 1233 1257 4490 1234 1258 4491 1233 1257 4492 1213 1237 4493 1213 1237 4494 1215 1239 4495 1234 1258 4496 1235 1259 4497 1234 1258 4498 1215 1239 4499 1215 1239 4500 1217 1241 4501 1235 1259 4502 1236 1260 4503 1235 1259 4504 1217 1241 4505 1217 1241 4506 1219 1243 4507 1236 1260 4508 1237 1261 4509 1238 1262 4510 1222 1246 4511 1222 1246 4512 1221 1245 4513 1237 1261 4514 1239 1263 4515 1237 1261 4516 1221 1245 4517 1221 1245 4518 1225 1249 4519 1239 1263 4520 1240 1264 4521 1239 1263 4522 1225 1249 4523 1225 1249 4524 1227 1251 4525 1240 1264 4526 1241 1265 4527 1240 1264 4528 1227 1251 4529 1227 1251 4530 1229 1253 4531 1241 1265 4532 1232 1256 4533 1241 1265 4534 1229 1253 4535 1229 1253 4536 1210 1234 4537 1232 1256 4538 1242 1266 4539 1074 1092 4540 1002 1020 4541 1002 1020 4542 1176 1200 4543 1242 1266 4544 1242 1266 4545 1243 1267 4546 1081 1099 4547 1081 1099 4548 1074 1092 4549 1242 1266 4550 1244 1268 4551 1096 1114 4552 1095 1113 4553 1095 1113 4554 1245 1269 4555 1244 1268 4556 1246 1270 4557 1247 1271 4558 1248 1272 4559 1248 1272 4560 1249 1273 4561 1246 1270 4562 1250 1274 4563 1246 1270 4564 1249 1273 4565 1249 1273 4566 1251 1275 4567 1250 1274 4568 1252 1276 4569 1250 1274 4570 1251 1275 4571 1251 1275 4572 1253 1277 4573 1252 1276 4574 1254 1278 4575 1252 1276 4576 1253 1277 4577 1253 1277 4578 1255 1279 4579 1254 1278 4580 1119 1137 4581 1256 1280 4582 1257 1281 4583 1257 1281 4584 1120 1138 4585 1119 1137 4586 1256 1280 4587 1258 1282 4588 1259 1283 4589 1259 1283 4590 1257 1281 4591 1256 1280 4592 1260 1284 4593 1259 1283 4594 1258 1282 4595 1258 1282 4596 1261 1285 4597 1260 1284 4598 1262 1286 4599 1260 1284 4600 1261 1285 4601 1261 1285 4602 1263 1287 4603 1262 1286 4604 1247 1271 4605 1262 1286 4606 1263 1287 4607 1263 1287 4608 1248 1272 4609 1247 1271 4610 1264 1288 4611 1265 1289 4612 1266 1290 4613 1266 1290 4614 1267 1291 4615 1264 1288 4616 1265 1289 4617 1268 1292 4618 1269 1293 4619 1269 1293 4620 1266 1290 4621 1265 1289 4622 1270 1294 4623 1271 1295 4624 1268 1292 4625 1272 1296 4626 1273 1297 4627 1270 1298 4628 1270 1298 4629 1274 1299 4630 1272 1296 4631 1275 1300 4632 1276 1301 4633 1277 1302 4634 1277 1302 4635 1278 1303 4636 1275 1300 4637 1275 1300 4638 1278 1303 4639 1279 1304 4640 1280 1305 4641 1279 1304 4642 1278 1303 4643 1278 1303 4644 1281 1306 4645 1280 1305 4646 1282 1307 4647 1280 1305 4648 1281 1306 4649 1281 1306 4650 1283 1308 4651 1282 1307 4652 1283 1308 4653 1264 1288 4654 1267 1291 4655 1267 1291 4656 1282 1307 4657 1283 1308 4658 1273 1309 4659 1271 1295 4660 1270 1294 4661 1271 1310 4662 1273 1311 4663 1284 1312 4664 1284 1312 4665 1285 1313 4666 1271 1310 4667 1254 1278 4668 1255 1279 4669 1152 1172 4670 1152 1172 4671 1151 1171 4672 1254 1278 4673 1271 1295 4674 1285 1314 4675 1269 1293 4676 1271 1295 4677 1269 1293 4678 1268 1292 4679 1081 1099 4680 1243 1267 4681 1245 1269 4682 1245 1269 4683 1095 1113 4684 1081 1099 4685 1243 1267 4686 1286 1315 4687 1245 1269 4688 1245 1269 4689 1286 1315 4690 1287 1316 4691 1287 1316 4692 1244 1268 4693 1245 1269 4694 1254 1278 4695 1151 1171 4696 1154 1178 4697 1154 1178 4698 1288 1317 4699 1254 1278 4700 1289 1318 4701 1159 1183 4702 1290 1319 4703 1290 1319 4704 1159 1183 4705 1291 1320 4706 1291 1320 4707 1159 1183 4708 1292 1321 4709 1292 1321 4710 1159 1183 4711 1162 1186 4712 1163 1187 4713 1159 1183 4714 1293 1322 4715 1293 1322 4716 1159 1183 4717 1294 1323 4718 1294 1323 4719 1159 1183 4720 1295 1324 4721 1295 1324 4722 1159 1183 4723 1289 1318 4724 1090 1108 4725 1296 1325 4726 1091 1109 4727 1296 1325 4728 1297 1326 4729 1082 1100 4730 1082 1100 4731 1091 1109 4732 1296 1325 4733 1076 1094 4734 1298 1327 4735 1075 1093 4736 1076 1094 4737 1077 1095 4738 1299 1328 4739 1299 1328 4740 1298 1327 4741 1076 1094 4742 1075 1093 4743 1298 1327 4744 1300 1329 4745 1300 1329 4746 1098 1116 4747 1075 1093 4748 1098 1116 4749 1300 1329 4750 1099 1117 4751 1301 1330 4752 1302 1331 4753 1303 1332 4754 1304 1333 4755 1302 1331 4756 1301 1330 4757 1301 1330 4758 1305 1334 4759 1304 1333 4760 1304 1333 4761 1305 1334 4762 1306 1335 4763 1306 1335 4764 1307 1336 4765 1304 1333 4766 1306 1335 4767 1287 1337 4768 1286 1338 4769 1306 1335 4770 1286 1338 4771 1308 1339 4772 1306 1335 4773 1308 1339 4774 1307 1336 4775 1309 1340 4776 1310 1341 4777 1311 1342 4778 1311 1342 4779 1312 1343 4780 1309 1340 4781 1313 1344 4782 1314 1345 4783 1315 1346 4784 1315 1346 4785 1316 1347 4786 1313 1344 4787 1314 1345 4788 1317 1348 4789 1318 1349 4790 1318 1349 4791 1315 1346 4792 1314 1345 4793 1317 1348 4794 1319 1350 4795 1320 1351 4796 1320 1351 4797 1318 1349 4798 1317 1348 4799 1303 1332 4800 1319 1350 4801 1301 1330 4802 1303 1332 4803 1320 1351 4804 1319 1350 4805 1313 1344 4806 1316 1347 4807 1311 1342 4808 1311 1342 4809 1310 1341 4810 1313 1344 4811 1082 1100 4812 1297 1326 4813 1073 1091 4814 1321 1352 4815 1071 1089 4816 1072 1090 4817 996 1014 4818 1071 1089 4819 1070 1088 4820 1071 1089 4821 998 1016 4822 1072 1090 4823 1297 1326 4824 1321 1352 4825 1072 1090 4826 1072 1090 4827 1073 1091 4828 1297 1326 4829 1078 1096 4830 1299 1328 4831 1077 1095 4832 1008 1026 4833 1078 1096 4834 1077 1095 4835 1078 1096 4836 1010 1028 4837 1079 1097 4838 1167 1191 4839 1322 1353 4840 1168 1192 4841 1323 1354 4842 1324 1355 4843 1171 1195 4844 1171 1195 4845 1168 1192 4846 1323 1354 4847 1171 1195 4848 1325 1356 4849 1174 1198 4850 1326 1357 4851 1242 1266 4852 1176 1200 4853 1176 1200 4854 1174 1198 4855 1326 1357 4856 1327 1358 4857 1328 1359 4858 1178 1202 4859 1178 1202 4860 1177 1201 4861 1327 1358 4862 1178 1202 4863 1328 1359 4864 1329 1360 4865 1329 1360 4866 1181 1205 4867 1178 1202 4868 1181 1205 4869 1330 1361 4870 1183 1207 4871 1331 1362 4872 1332 1363 4873 1185 1209 4874 1185 1209 4875 1183 1207 4876 1331 1362 4877 1320 1351 4878 1303 1332 4879 1333 1364 4880 1167 1191 4881 1332 1363 4882 1322 1353 4883 1332 1363 4884 1167 1191 4885 1185 1209 4886 1323 1354 4887 1168 1192 4888 1322 1353 4889 1333 1364 4890 1322 1353 4891 1332 1363 4892 1332 1363 4893 1334 1365 4894 1333 1364 4895 1318 1349 4896 1320 1351 4897 1334 1365 4898 1320 1351 4899 1333 1364 4900 1334 1365 4901 1308 1339 4902 1286 1338 4903 1335 1366 4904 1335 1366 4905 1286 1338 4906 1243 1267 4907 1243 1267 4908 1336 1367 4909 1335 1366 4910 1328 1359 4911 1327 1358 4912 1337 1368 4913 1328 1359 4914 1337 1368 4915 1338 1369 4916 1338 1369 4917 1329 1360 4918 1328 1359 4919 1327 1358 4920 1312 1343 4921 1339 1370 4922 1339 1370 4923 1337 1368 4924 1327 1358 4925 1312 1343 4926 1311 1342 4927 1339 1370 4928 1243 1267 4929 1242 1266 4930 1336 1367 4931 1340 1371 4932 1326 1357 4933 1325 1356 4934 1171 1195 4935 1324 1355 4936 1325 1356 4937 1325 1356 4938 1326 1357 4939 1174 1198 4940 1336 1367 4941 1242 1266 4942 1326 1357 4943 1326 1357 4944 1340 1371 4945 1336 1367 4946 1330 1361 4947 1329 1360 4948 1338 1369 4949 1181 1205 4950 1329 1360 4951 1330 1361 4952 1330 1361 4953 1331 1362 4954 1183 1207 4955 1341 1372 4956 1342 1373 4957 1343 1374 4958 1343 1375 4959 1344 1376 4960 1341 1377 4961 1341 1378 4962 1344 1379 4963 1345 1380 4964 1346 1381 4965 1347 1382 4966 1348 1383 4967 1343 1384 4968 1349 1385 4969 1350 1386 4970 1350 1386 4971 1344 1387 4972 1343 1384 4973 1351 1388 4974 1352 1388 4975 1353 1388 4976 1353 1389 4977 1354 1389 4978 1351 1389 4979 1355 1390 4980 1356 1391 4981 1353 1392 4982 1353 1392 4983 1352 1393 4984 1355 1390 4985 1357 1394 4986 1356 1391 4987 1355 1390 4988 1349 1385 4989 1358 1395 4990 1359 1396 4991 1359 1396 4992 1350 1386 4993 1349 1385 4994 1358 195 4995 1360 195 4996 1361 195 4997 1359 1397 4998 1362 1397 4999 1363 1397 5000 1362 1398 5001 1358 1398 5002 1361 1398 5003 1364 1399 5004 1365 1399 5005 1366 1399 5006 1365 1400 5007 1357 1400 5008 1367 1400 5009 1357 1394 5010 1364 1401 5011 1356 1391 5012 1364 1401 5013 1357 1394 5014 1365 1402 5015 1362 1403 5016 1359 1396 5017 1358 1395 5018 1346 1404 5019 1348 1405 5020 1368 1406 5021 1368 1406 5022 1369 1407 5023 1346 1404 5024 1368 1408 5025 1348 1409 5026 1370 1410 5027 1370 1411 5028 1371 1412 5029 1368 1413 5030 1372 1414 5031 1373 1414 5032 1374 1414 5033 1374 1415 5034 1375 1415 5035 1372 1415 5036 1376 1416 5037 1375 1417 5038 1374 1418 5039 1374 1418 5040 1377 1419 5041 1376 1416 5042 1378 1420 5043 1376 1416 5044 1377 1419 5045 1371 1412 5046 1370 1411 5047 1379 1421 5048 1379 1421 5049 1380 1422 5050 1371 1412 5051 1380 195 5052 1381 195 5053 1382 195 5054 1379 1423 5055 1383 1423 5056 1384 1423 5057 1384 1424 5058 1381 1424 5059 1380 1424 5060 1385 1425 5061 1386 1425 5062 1387 1425 5063 1378 1420 5064 1377 1419 5065 1385 1426 5066 1385 1426 5067 1387 1427 5068 1378 1420 5069 1384 1428 5070 1380 1422 5071 1379 1421 5072 1378 1429 5073 1387 1429 5074 1388 1429 5075 1389 1430 5076 1390 1430 5077 1391 1430 5078 1390 1431 5079 1392 1431 5080 1393 1431 5081 1394 1432 5082 1391 1432 5083 1390 1432 5084 1393 1433 5085 1394 1433 5086 1390 1433 5087 1395 1434 5088 1396 1434 5089 1397 1434 5090 1398 1435 5091 1395 1435 5092 1397 1435 5093 1399 1436 5094 1398 1436 5095 1397 1436 5096 1399 1437 5097 1397 1437 5098 1400 1437 5099 1401 394 5100 1402 394 5101 1403 394 5102 1403 1438 5103 1404 1438 5104 1405 1438 5105 1401 1439 5106 1403 1439 5107 1405 1439 5108 1406 394 5109 1401 394 5110 1405 394 5111 1407 1440 5112 1408 1441 5113 1409 1442 5114 1409 1442 5115 1410 1443 5116 1407 1440 5117 1409 1442 5118 1411 1444 5119 1412 1445 5120 1412 1445 5121 1410 1443 5122 1409 1442 5123 1411 1444 5124 1413 1446 5125 1414 1447 5126 1414 1447 5127 1412 1445 5128 1411 1444 5129 1413 1446 5130 1415 1448 5131 1416 1449 5132 1416 1449 5133 1414 1447 5134 1413 1446 5135 1415 1448 5136 1417 1450 5137 1418 1451 5138 1418 1451 5139 1416 1449 5140 1415 1448 5141 1417 1450 5142 1419 1452 5143 1420 1453 5144 1420 1453 5145 1418 1451 5146 1417 1450 5147 1419 1452 5148 1421 1454 5149 1422 1455 5150 1422 1455 5151 1420 1453 5152 1419 1452 5153 1421 1454 5154 1423 1456 5155 1424 1457 5156 1424 1457 5157 1422 1455 5158 1421 1454 5159 1423 1456 5160 1425 1458 5161 1426 1459 5162 1426 1459 5163 1424 1457 5164 1423 1456 5165 1425 1458 5166 1427 1460 5167 1428 1461 5168 1428 1461 5169 1426 1459 5170 1425 1458 5171 1427 1460 5172 1429 1462 5173 1430 1463 5174 1430 1463 5175 1428 1461 5176 1427 1460 5177 1408 1441 5178 1407 1440 5179 1430 1463 5180 1430 1463 5181 1429 1462 5182 1408 1441 5183 1409 1442 5184 1408 1441 5185 1431 1464 5186 1411 1444 5187 1409 1442 5188 1431 1464 5189 1413 1446 5190 1411 1444 5191 1431 1464 5192 1415 1448 5193 1413 1446 5194 1431 1464 5195 1417 1450 5196 1415 1448 5197 1431 1464 5198 1419 1452 5199 1417 1450 5200 1431 1464 5201 1421 1454 5202 1419 1452 5203 1431 1464 5204 1423 1456 5205 1421 1454 5206 1431 1464 5207 1425 1458 5208 1423 1456 5209 1431 1464 5210 1427 1460 5211 1425 1458 5212 1431 1464 5213 1429 1462 5214 1427 1460 5215 1431 1464 5216 1408 1441 5217 1429 1462 5218 1431 1464 5219 1432 1465 5220 1433 1466 5221 1434 1467 5222 1434 1467 5223 1435 1468 5224 1432 1465 5225 1436 1469 5226 1437 1470 5227 1438 1471 5228 1438 1471 5229 1439 1472 5230 1436 1469 5231 1440 1473 5232 1436 1474 5233 1439 1475 5234 1439 1475 5235 1441 1476 5236 1440 1473 5237 1436 1477 5238 1440 1477 5239 1437 1477 5240 1441 1478 5241 1439 1478 5242 1438 1478 5243 1442 1479 5244 1443 1480 5245 1444 1481 5246 1444 1481 5247 1445 1482 5248 1442 1479 5249 1446 1483 5250 1444 1481 5251 1443 1480 5252 1443 1484 5253 1447 1485 5254 1446 1486 5255 1447 1487 5256 1443 1487 5257 1442 1487 5258 1445 1488 5259 1444 1489 5260 1446 1490 5261 1446 1490 5262 1448 1491 5263 1445 1488 5264 1442 1492 5265 1449 1492 5266 1447 1492 5267 1450 1493 5268 1451 1494 5269 1452 1495 5270 1452 1495 5271 1453 1496 5272 1450 1493 5273 1445 1482 5274 1448 1497 5275 1449 1498 5276 1449 1498 5277 1442 1479 5278 1445 1482 5279 1454 1499 5280 1455 1500 5281 1456 1501 5282 1456 1501 5283 1457 1502 5284 1454 1499 5285 1458 1503 5286 1459 1504 5287 1460 1505 5288 1460 1505 5289 1461 1506 5290 1458 1503 5291 1462 1507 5292 1463 1508 5293 1464 1509 5294 1464 1509 5295 1465 1510 5296 1462 1507 5297 1466 1511 5298 1467 1512 5299 1455 1500 5300 1455 1500 5301 1454 1499 5302 1466 1511 5303 1468 1513 5304 1469 1514 5305 1459 1504 5306 1459 1504 5307 1458 1503 5308 1468 1513 5309 1457 1515 5310 1470 1516 5311 1471 1517 5312 1471 1517 5313 1454 1518 5314 1457 1515 5315 1454 1518 5316 1471 1517 5317 1472 1519 5318 1472 1519 5319 1466 1520 5320 1454 1518 5321 1473 1521 5322 1474 1522 5323 1468 1523 5324 1468 1523 5325 1466 1524 5326 1473 1521 5327 1475 1525 5328 1476 1526 5329 1469 1514 5330 1469 1514 5331 1468 1513 5332 1475 1525 5333 1465 1510 5334 1464 1509 5335 1477 1527 5336 1478 1528 5337 1479 1529 5338 1476 1526 5339 1480 1530 5340 1460 1505 5341 1459 1504 5342 1459 1504 5343 1481 1531 5344 1480 1530 5345 1481 1531 5346 1459 1504 5347 1469 1514 5348 1469 1514 5349 1482 1532 5350 1481 1531 5351 1483 1533 5352 1471 1517 5353 1470 1516 5354 1470 1516 5355 1484 1534 5356 1483 1533 5357 1485 1535 5358 1472 1519 5359 1471 1517 5360 1471 1517 5361 1483 1533 5362 1485 1535 5363 1463 1508 5364 1466 1536 5365 1472 1519 5366 1472 1519 5367 1464 1509 5368 1463 1508 5369 1473 1521 5370 1486 1537 5371 1474 1522 5372 1487 1538 5373 1478 1528 5374 1476 1526 5375 1476 1526 5376 1475 1525 5377 1487 1538 5378 1485 1535 5379 1477 1527 5380 1464 1509 5381 1464 1509 5382 1472 1519 5383 1485 1535 5384 1469 1514 5385 1476 1526 5386 1479 1529 5387 1479 1529 5388 1482 1532 5389 1469 1514 5390 1484 1539 5391 1470 1539 5392 1457 1539 5393 1488 1540 5394 1484 1540 5395 1457 1540 5396 1456 1541 5397 1488 1541 5398 1457 1541 5399 1489 1542 5400 1490 1543 5401 1491 1544 5402 1491 1544 5403 1492 1545 5404 1489 1542 5405 1493 1546 5406 1494 1547 5407 1495 1548 5408 1495 1548 5409 1496 1549 5410 1493 1546 5411 1497 1550 5412 1498 1551 5413 1499 1552 5414 1499 1552 5415 1500 1553 5416 1497 1550 5417 1501 1554 5418 1502 1555 5419 1503 1556 5420 1503 1556 5421 1504 1557 5422 1501 1554 5423 1505 1558 5424 1506 1559 5425 1507 1560 5426 1507 1560 5427 1508 1561 5428 1505 1558 5429 1509 1562 5430 1510 1563 5431 1498 1551 5432 1498 1551 5433 1497 1550 5434 1509 1562 5435 1511 1564 5436 1512 1565 5437 1502 1555 5438 1502 1555 5439 1501 1554 5440 1511 1564 5441 1500 1566 5442 1513 1567 5443 1514 1568 5444 1514 1568 5445 1497 1569 5446 1500 1566 5447 1497 1569 5448 1514 1568 5449 1515 1570 5450 1515 1570 5451 1509 1571 5452 1497 1569 5453 1516 1572 5454 1517 1573 5455 1511 1574 5456 1511 1574 5457 1509 1575 5458 1516 1572 5459 1518 1576 5460 1519 1577 5461 1512 1565 5462 1512 1565 5463 1511 1564 5464 1518 1576 5465 1508 1561 5466 1507 1560 5467 1520 1578 5468 1521 1579 5469 1522 1580 5470 1519 1577 5471 1523 1581 5472 1503 1556 5473 1502 1555 5474 1502 1555 5475 1524 1582 5476 1523 1581 5477 1524 1582 5478 1502 1555 5479 1512 1565 5480 1512 1565 5481 1525 1583 5482 1524 1582 5483 1526 1584 5484 1514 1568 5485 1513 1567 5486 1513 1567 5487 1527 1585 5488 1526 1584 5489 1528 1586 5490 1515 1570 5491 1514 1568 5492 1514 1568 5493 1526 1584 5494 1528 1586 5495 1506 1559 5496 1509 1587 5497 1515 1570 5498 1515 1570 5499 1507 1560 5500 1506 1559 5501 1516 1572 5502 1529 1588 5503 1517 1573 5504 1530 1589 5505 1521 1579 5506 1519 1577 5507 1519 1577 5508 1518 1576 5509 1530 1589 5510 1528 1586 5511 1520 1578 5512 1507 1560 5513 1507 1560 5514 1515 1570 5515 1528 1586 5516 1512 1565 5517 1519 1577 5518 1522 1580 5519 1522 1580 5520 1525 1583 5521 1512 1565 5522 1527 1590 5523 1513 1590 5524 1500 1590 5525 1531 1591 5526 1527 1591 5527 1500 1591 5528 1499 1592 5529 1531 1592 5530 1500 1592 5531 1532 1593 5532 1533 1594 5533 1534 1595 5534 1534 1595 5535 1535 1596 5536 1532 1593 5537 1536 1597 5538 1537 1598 5539 1538 1599 5540 1538 1600 5541 1539 1601 5542 1536 1602 5543 1540 1603 5544 1541 1604 5545 1537 1604 5546 1537 1605 5547 1536 1606 5548 1540 1606 5549 1536 1607 5550 1539 1607 5551 1540 1607 5552 1541 1608 5553 1538 1608 5554 1537 1608 5555 1542 1609 5556 1543 1610 5557 1544 1611 5558 1544 1611 5559 1545 1612 5560 1542 1609 5561 1546 1613 5562 1547 1614 5563 1548 1615 5564 1548 1615 5565 1549 1616 5566 1546 1613 5567 1550 1617 5568 1551 1618 5569 1552 1619 5570 1552 1619 5571 1553 1620 5572 1550 1617 5573 1554 1621 5574 1555 1622 5575 1553 1620 5576 1553 1620 5577 1552 1619 5578 1554 1621 5579 1555 1623 5580 1550 1623 5581 1553 1623 5582 1551 1624 5583 1554 1625 5584 1552 1626 5585 1554 1627 5586 1551 1628 5587 1556 1628 5588 1550 1629 5589 1555 1629 5590 1557 1629 5591 1558 1630 5592 1559 1631 5593 1560 1632 5594 1560 1632 5595 1561 1633 5596 1558 1630 5597 1551 1618 5598 1550 1617 5599 1557 1634 5600 1557 1634 5601 1556 1635 5602 1551 1618 5603 1562 1636 5604 1563 1637 5605 1564 1638 5606 1564 1638 5607 1565 1639 5608 1562 1636 5609 1566 1640 5610 1567 1641 5611 1568 1642 5612 1568 1642 5613 1569 1643 5614 1566 1640 5615 1570 1644 5616 1571 1645 5617 1572 1646 5618 1572 1646 5619 1573 1647 5620 1570 1644 5621 1574 1648 5622 1562 1636 5623 1565 1639 5624 1565 1649 5625 1575 1650 5626 1574 1651 5627 1576 1652 5628 1566 1640 5629 1569 1643 5630 1569 1643 5631 1577 1653 5632 1576 1652 5633 1563 1654 5634 1562 1655 5635 1578 1656 5636 1578 1656 5637 1579 1657 5638 1563 1658 5639 1562 1655 5640 1574 1659 5641 1580 1660 5642 1580 1660 5643 1578 1656 5644 1562 1655 5645 1581 1661 5646 1574 1662 5647 1576 1663 5648 1576 1663 5649 1582 1664 5650 1581 1661 5651 1583 1665 5652 1576 1652 5653 1577 1653 5654 1577 1653 5655 1584 1666 5656 1583 1665 5657 1571 1645 5658 1585 1667 5659 1572 1646 5660 1586 1668 5661 1584 1666 5662 1587 1669 5663 1588 1670 5664 1589 1671 5665 1569 1643 5666 1569 1643 5667 1568 1642 5668 1588 1670 5669 1589 1671 5670 1590 1672 5671 1577 1653 5672 1577 1653 5673 1569 1643 5674 1589 1671 5675 1591 1673 5676 1592 1674 5677 1579 1657 5678 1579 1657 5679 1578 1656 5680 1591 1673 5681 1593 1675 5682 1591 1673 5683 1578 1656 5684 1578 1656 5685 1580 1660 5686 1593 1675 5687 1573 1647 5688 1572 1646 5689 1580 1660 5690 1580 1660 5691 1574 1659 5692 1573 1647 5693 1581 1661 5694 1582 1664 5695 1594 1676 5696 1595 1677 5697 1583 1665 5698 1584 1666 5699 1584 1666 5700 1586 1668 5701 1595 1677 5702 1593 1675 5703 1580 1660 5704 1572 1646 5705 1572 1646 5706 1585 1667 5707 1593 1675 5708 1577 1653 5709 1590 1672 5710 1587 1669 5711 1587 1669 5712 1584 1666 5713 1577 1653 5714 1563 1678 5715 1579 1678 5716 1592 1678 5717 1563 1679 5718 1592 1679 5719 1596 1679 5720 1564 1680 5721 1563 1680 5722 1596 1680 5723 1597 1681 5724 1598 1682 5725 1599 1683 5726 1599 1683 5727 1600 1684 5728 1597 1681 5729 1601 1685 5730 1602 1686 5731 1603 1687 5732 1603 1687 5733 1604 1688 5734 1601 1685 5735 1605 1689 5736 1606 1690 5737 1607 1691 5738 1607 1691 5739 1608 1692 5740 1605 1689 5741 1609 1693 5742 1597 1681 5743 1600 1684 5744 1600 1694 5745 1610 1695 5746 1609 1696 5747 1611 1697 5748 1601 1685 5749 1604 1688 5750 1604 1688 5751 1612 1698 5752 1611 1697 5753 1598 1699 5754 1597 1700 5755 1613 1701 5756 1613 1701 5757 1614 1702 5758 1598 1703 5759 1597 1700 5760 1609 1704 5761 1615 1705 5762 1615 1705 5763 1613 1701 5764 1597 1700 5765 1616 1706 5766 1609 1707 5767 1611 1708 5768 1611 1708 5769 1617 1709 5770 1616 1706 5771 1618 1710 5772 1611 1697 5773 1612 1698 5774 1612 1698 5775 1619 1711 5776 1618 1710 5777 1606 1690 5778 1620 1712 5779 1607 1691 5780 1621 1713 5781 1619 1711 5782 1622 1714 5783 1623 1715 5784 1624 1716 5785 1604 1688 5786 1604 1688 5787 1603 1687 5788 1623 1715 5789 1624 1716 5790 1625 1717 5791 1612 1698 5792 1612 1698 5793 1604 1688 5794 1624 1716 5795 1626 1718 5796 1627 1719 5797 1614 1702 5798 1614 1702 5799 1613 1701 5800 1626 1718 5801 1628 1720 5802 1626 1718 5803 1613 1701 5804 1613 1701 5805 1615 1705 5806 1628 1720 5807 1608 1692 5808 1607 1691 5809 1615 1705 5810 1615 1705 5811 1609 1704 5812 1608 1692 5813 1616 1706 5814 1617 1709 5815 1629 1721 5816 1630 1722 5817 1618 1710 5818 1619 1711 5819 1619 1711 5820 1621 1713 5821 1630 1722 5822 1628 1720 5823 1615 1705 5824 1607 1691 5825 1607 1691 5826 1620 1712 5827 1628 1720 5828 1612 1698 5829 1625 1717 5830 1622 1714 5831 1622 1714 5832 1619 1711 5833 1612 1698 5834 1598 1723 5835 1614 1723 5836 1627 1723 5837 1598 1724 5838 1627 1724 5839 1631 1724 5840 1599 1725 5841 1598 1725 5842 1631 1725 5843 1632 1726 5844 1633 1727 5845 1634 1728 5846 1635 1729 5847 1636 1730 5848 1637 1731 5849 1638 1732 5850 1639 1733 5851 1640 1734 5852 1640 1734 5853 1641 1735 5854 1638 1732 5855 1642 1736 5856 1643 1737 5857 1639 1733 5858 1639 1733 5859 1638 1732 5860 1644 1738 5861 1642 1736 5862 1639 1733 5863 1644 1738 5864 1645 1739 5865 1638 1739 5866 1641 1739 5867 1641 1740 5868 1646 1740 5869 1645 1740 5870 1645 1741 5871 1647 1741 5872 1644 1741 5873 1644 1742 5874 1638 1742 5875 1645 1742 5876 1647 1743 5877 1642 1743 5878 1644 1743 5879 1636 1730 5880 1648 1744 5881 1637 1731 5882 1637 1731 5883 1649 1745 5884 1635 1729 5885 1650 1746 5886 1651 1747 5887 1652 1748 5888 1650 1749 5889 1652 1750 5890 1641 1735 5891 1640 1734 5892 1650 1749 5893 1641 1735 5894 1641 1751 5895 1652 1752 5896 1653 1753 5897 1653 1754 5898 1646 1755 5899 1641 1756 5900 1632 1726 5901 1634 1728 5902 1654 1757 5903 1654 1757 5904 1655 1758 5905 1632 1726 5906 1648 1744 5907 1636 1730 5908 1656 1759 5909 1656 1759 5910 1654 1757 5911 1648 1744 5912 1656 1759 5913 1655 1758 5914 1654 1757 5915 1657 1760 5916 1658 1761 5917 1659 1762 5918 1658 1761 5919 1660 1763 5920 1661 1764 5921 1661 1764 5922 1662 1765 5923 1658 1761 5924 1663 1766 5925 1664 1767 5926 1665 1768 5927 1663 1766 5928 1665 1768 5929 1666 1769 5930 1663 1766 5931 1666 1769 5932 1667 1770 5933 1665 1768 5934 1668 1771 5935 1669 1772 5936 1669 1772 5937 1666 1769 5938 1665 1768 5939 1668 1771 5940 1670 1773 5941 1671 1774 5942 1671 1774 5943 1669 1772 5944 1668 1771 5945 1672 1775 5946 1673 1775 5947 1668 1775 5948 1668 1776 5949 1665 1776 5950 1672 1776 5951 1674 1777 5952 1670 1777 5953 1668 1777 5954 1668 1778 5955 1673 1778 5956 1674 1778 5957 1663 1779 5958 1675 1779 5959 1664 1779 5960 1675 1780 5961 1672 1780 5962 1665 1780 5963 1665 1781 5964 1664 1782 5965 1675 1782 5966 1661 1764 5967 1676 1783 5968 1677 1784 5969 1661 1764 5970 1677 1784 5971 1678 1785 5972 1662 1765 5973 1661 1764 5974 1678 1785 5975 1659 1762 5976 1679 1786 5977 1657 1760 5978 1657 1760 5979 1660 1763 5980 1658 1761 5981 1680 1787 5982 1676 1783 5983 1681 1788 5984 1680 1787 5985 1677 1784 5986 1676 1783 5987 1681 1788 5988 1676 1783 5989 1682 1789 5990 1683 1790 5991 1684 1791 5992 1670 1792 5993 1674 1793 5994 1683 1790 5995 1670 1792 5996 1685 1794 5997 1671 1795 5998 1670 1796 5999 1670 1796 6000 1686 1797 6001 1685 1794 6002 1670 1796 6003 1684 1798 6004 1686 1797 6005 1687 1799 6006 1688 1800 6007 1689 1801 6008 1690 1802 6009 1691 1803 6010 1692 1804 6011 1693 1805 6012 1694 1806 6013 1695 1807 6014 1695 1807 6015 1696 1808 6016 1693 1805 6017 1697 1809 6018 1693 1805 6019 1696 1808 6020 1698 1810 6021 1697 1809 6022 1696 1808 6023 1698 1810 6024 1696 1808 6025 1699 1811 6026 1700 1812 6027 1701 1812 6028 1694 1812 6029 1694 1813 6030 1693 1813 6031 1700 1813 6032 1700 1814 6033 1693 1814 6034 1697 1814 6035 1697 1815 6036 1702 1815 6037 1700 1815 6038 1702 1816 6039 1697 1816 6040 1698 1816 6041 1692 1804 6042 1691 1803 6043 1703 1817 6044 1691 1803 6045 1690 1802 6046 1704 1818 6047 1705 1819 6048 1706 1820 6049 1707 1821 6050 1694 1822 6051 1705 1819 6052 1707 1821 6053 1695 1823 6054 1694 1822 6055 1707 1821 6056 1694 1824 6057 1701 1825 6058 1708 1826 6059 1708 1826 6060 1705 1827 6061 1694 1824 6062 1687 1799 6063 1709 1828 6064 1710 1829 6065 1710 1829 6066 1688 1800 6067 1687 1799 6068 1703 1817 6069 1711 1830 6070 1692 1804 6071 1711 1830 6072 1703 1817 6073 1710 1829 6074 1711 1830 6075 1710 1829 6076 1709 1828 6077 1712 1831 6078 1713 1832 6079 1714 1833 6080 1714 1833 6081 1715 1834 6082 1716 1835 6083 1716 1835 6084 1717 1836 6085 1714 1833 6086 1718 1837 6087 1719 1838 6088 1720 1839 6089 1718 1837 6090 1720 1839 6091 1721 1840 6092 1718 1837 6093 1721 1840 6094 1722 1841 6095 1721 1840 6096 1720 1839 6097 1723 1842 6098 1723 1842 6099 1724 1843 6100 1721 1840 6101 1724 1843 6102 1723 1842 6103 1725 1844 6104 1725 1844 6105 1726 1845 6106 1724 1843 6107 1727 1846 6108 1721 1847 6109 1724 1848 6110 1724 1849 6111 1728 1850 6112 1727 1850 6113 1729 1851 6114 1728 1851 6115 1724 1851 6116 1724 1852 6117 1726 1852 6118 1729 1852 6119 1718 1853 6120 1722 1853 6121 1730 1853 6122 1730 1854 6123 1722 1854 6124 1721 1854 6125 1721 1855 6126 1727 1856 6127 1730 1855 6128 1731 1857 6129 1732 1858 6130 1716 1835 6131 1733 1859 6132 1731 1857 6133 1716 1835 6134 1715 1834 6135 1733 1859 6136 1716 1835 6137 1713 1832 6138 1712 1831 6139 1734 1860 6140 1712 1831 6141 1714 1833 6142 1717 1836 6143 1735 1861 6144 1736 1862 6145 1732 1858 6146 1735 1861 6147 1732 1858 6148 1731 1857 6149 1736 1862 6150 1737 1863 6151 1732 1858 6152 1738 1864 6153 1726 1865 6154 1739 1866 6155 1729 1867 6156 1726 1868 6157 1738 1869 6158 1740 1870 6159 1726 1845 6160 1725 1844 6161 1726 1845 6162 1740 1870 6163 1741 1871 6164 1726 1845 6165 1741 1871 6166 1739 1872 6167 1742 1873 6168 1743 1874 6169 1744 1875 6170 1745 1876 6171 1746 1877 6172 1747 1878 6173 1748 1879 6174 1749 1880 6175 1750 1881 6176 1750 1881 6177 1751 1882 6178 1748 1879 6179 1752 1883 6180 1753 1884 6181 1749 1880 6182 1749 1880 6183 1748 1879 6184 1754 1885 6185 1752 1883 6186 1749 1880 6187 1754 1885 6188 1755 1886 6189 1748 1887 6190 1751 1888 6191 1751 1889 6192 1756 1889 6193 1755 1889 6194 1755 1890 6195 1757 1890 6196 1754 1890 6197 1754 1891 6198 1748 1891 6199 1755 1891 6200 1757 1892 6201 1752 1892 6202 1754 1892 6203 1746 1877 6204 1758 1893 6205 1747 1878 6206 1747 1878 6207 1759 1894 6208 1745 1876 6209 1760 1895 6210 1761 1896 6211 1762 1897 6212 1760 1898 6213 1762 1899 6214 1751 1882 6215 1750 1881 6216 1760 1898 6217 1751 1882 6218 1751 1900 6219 1762 1901 6220 1763 1902 6221 1763 1903 6222 1756 1904 6223 1751 1905 6224 1742 1873 6225 1744 1875 6226 1764 1906 6227 1764 1906 6228 1765 1907 6229 1742 1873 6230 1758 1893 6231 1746 1877 6232 1766 1908 6233 1766 1908 6234 1764 1906 6235 1758 1893 6236 1766 1908 6237 1765 1907 6238 1764 1906 6239 1767 1909 6240 1768 1910 6241 1769 1911 6242 1768 1910 6243 1770 1912 6244 1771 1913 6245 1771 1913 6246 1772 1914 6247 1768 1910 6248 1773 1915 6249 1774 1916 6250 1775 1917 6251 1773 1915 6252 1775 1917 6253 1776 1918 6254 1773 1915 6255 1776 1918 6256 1777 1919 6257 1775 1917 6258 1778 1920 6259 1779 1921 6260 1779 1921 6261 1776 1918 6262 1775 1917 6263 1778 1920 6264 1780 1922 6265 1781 1923 6266 1781 1923 6267 1779 1921 6268 1778 1920 6269 1782 1924 6270 1783 1924 6271 1778 1924 6272 1778 1925 6273 1775 1926 6274 1782 1925 6275 1784 1927 6276 1780 1927 6277 1778 1927 6278 1778 1928 6279 1783 1928 6280 1784 1928 6281 1773 1929 6282 1785 1929 6283 1774 1929 6284 1785 1930 6285 1782 1930 6286 1775 1931 6287 1775 1932 6288 1774 1932 6289 1785 1932 6290 1771 1913 6291 1786 1933 6292 1787 1934 6293 1771 1913 6294 1787 1934 6295 1788 1935 6296 1772 1914 6297 1771 1913 6298 1788 1935 6299 1769 1911 6300 1789 1936 6301 1767 1909 6302 1767 1909 6303 1770 1912 6304 1768 1910 6305 1790 1937 6306 1786 1933 6307 1791 1938 6308 1790 1937 6309 1787 1934 6310 1786 1933 6311 1791 1938 6312 1786 1933 6313 1792 1939 6314 1793 1940 6315 1794 1941 6316 1780 1942 6317 1784 1943 6318 1793 1940 6319 1780 1942 6320 1795 1944 6321 1781 1945 6322 1780 1946 6323 1780 1946 6324 1796 1947 6325 1795 1944 6326 1780 1946 6327 1794 1948 6328 1796 1947 6329 1797 1949 6330 1798 1950 6331 1799 1951 6332 1800 1952 6333 1801 1953 6334 1802 1954 6335 1803 1955 6336 1804 1956 6337 1805 1957 6338 1805 1957 6339 1806 1958 6340 1803 1955 6341 1807 1959 6342 1803 1955 6343 1806 1958 6344 1808 1960 6345 1807 1959 6346 1806 1958 6347 1808 1960 6348 1806 1958 6349 1809 1961 6350 1810 1962 6351 1811 1962 6352 1804 1962 6353 1804 1963 6354 1803 1963 6355 1810 1963 6356 1810 1964 6357 1803 1964 6358 1807 1964 6359 1807 1965 6360 1812 1965 6361 1810 1965 6362 1812 1966 6363 1807 1966 6364 1808 1966 6365 1802 1954 6366 1801 1953 6367 1813 1967 6368 1801 1953 6369 1800 1952 6370 1814 1968 6371 1815 1969 6372 1816 1970 6373 1817 1971 6374 1804 1972 6375 1815 1969 6376 1817 1971 6377 1805 1973 6378 1804 1972 6379 1817 1971 6380 1804 1974 6381 1811 1975 6382 1818 1976 6383 1818 1976 6384 1815 1977 6385 1804 1974 6386 1797 1949 6387 1819 1978 6388 1820 1979 6389 1820 1979 6390 1798 1950 6391 1797 1949 6392 1813 1967 6393 1821 1980 6394 1802 1954 6395 1821 1980 6396 1813 1967 6397 1820 1979 6398 1821 1980 6399 1820 1979 6400 1819 1978 6401 1822 1981 6402 1823 1982 6403 1824 1983 6404 1824 1983 6405 1825 1984 6406 1826 1985 6407 1826 1985 6408 1827 1986 6409 1824 1983 6410 1828 1987 6411 1829 1988 6412 1830 1989 6413 1828 1987 6414 1830 1989 6415 1831 1990 6416 1828 1987 6417 1831 1990 6418 1832 1991 6419 1831 1990 6420 1830 1989 6421 1833 1992 6422 1833 1992 6423 1834 1993 6424 1831 1990 6425 1834 1993 6426 1833 1992 6427 1835 1994 6428 1835 1994 6429 1836 1995 6430 1834 1993 6431 1837 1996 6432 1831 1997 6433 1834 1996 6434 1834 1998 6435 1838 1998 6436 1837 1998 6437 1839 1999 6438 1838 1999 6439 1834 1999 6440 1834 2000 6441 1836 2000 6442 1839 2000 6443 1828 2001 6444 1832 2001 6445 1840 2001 6446 1840 2002 6447 1832 2002 6448 1831 2002 6449 1831 2003 6450 1837 2003 6451 1840 2003 6452 1841 2004 6453 1842 2005 6454 1826 1985 6455 1843 2006 6456 1841 2004 6457 1826 1985 6458 1825 1984 6459 1843 2006 6460 1826 1985 6461 1823 1982 6462 1822 1981 6463 1844 2007 6464 1822 1981 6465 1824 1983 6466 1827 1986 6467 1845 2008 6468 1846 2009 6469 1842 2005 6470 1845 2008 6471 1842 2005 6472 1841 2004 6473 1846 2009 6474 1847 2010 6475 1842 2005 6476 1848 2011 6477 1836 2012 6478 1849 2013 6479 1839 2014 6480 1836 2015 6481 1848 2016 6482 1850 2017 6483 1836 1995 6484 1835 1994 6485 1836 1995 6486 1850 2017 6487 1851 2018 6488 1836 1995 6489 1851 2018 6490 1849 2019 6491 1852 2020 6492 1853 2021 6493 1854 2022 6494 1854 2022 6495 1855 2023 6496 1852 2020 6497 1856 2024 6498 1857 2025 6499 1858 2026 6500 1858 2026 6501 1859 2027 6502 1856 2024 6503 1860 2028 6504 1856 2024 6505 1859 2027 6506 1859 2027 6507 1861 2029 6508 1860 2028 6509 1862 2030 6510 1863 2031 6511 1864 2032 6512 1864 2032 6513 1865 2033 6514 1862 2030 6515 1853 2034 6516 1866 2035 6517 1867 2036 6518 1867 2037 6519 1868 2038 6520 1853 2039 6521 1862 2040 6522 1852 2020 6523 1855 2023 6524 1855 2041 6525 1869 2042 6526 1862 2043 6527 1870 2044 6528 1860 2028 6529 1861 2029 6530 1861 2029 6531 1871 2045 6532 1870 2044 6533 1853 2034 6534 1852 2046 6535 1872 2047 6536 1872 2047 6537 1866 2035 6538 1853 2034 6539 1852 2046 6540 1862 2030 6541 1865 2033 6542 1865 2033 6543 1872 2047 6544 1852 2046 6545 1862 2048 6546 1870 2049 6547 1873 2050 6548 1874 2051 6549 1870 2044 6550 1871 2045 6551 1871 2045 6552 1875 2052 6553 1874 2051 6554 1864 2032 6555 1876 2053 6556 1865 2033 6557 1875 2052 6558 1871 2045 6559 1877 2054 6560 1859 2027 6561 1858 2026 6562 1878 2055 6563 1878 2055 6564 1879 2056 6565 1859 2027 6566 1866 2035 6567 1880 2057 6568 1881 2058 6569 1881 2058 6570 1867 2036 6571 1866 2035 6572 1879 2056 6573 1882 2059 6574 1861 2029 6575 1861 2029 6576 1859 2027 6577 1879 2056 6578 1882 2059 6579 1877 2054 6580 1871 2045 6581 1871 2045 6582 1861 2029 6583 1882 2059 6584 1883 2060 6585 1880 2057 6586 1866 2035 6587 1866 2035 6588 1872 2047 6589 1883 2060 6590 1876 2053 6591 1883 2060 6592 1872 2047 6593 1872 2047 6594 1865 2033 6595 1876 2053 6596 1853 2061 6597 1868 2062 6598 1854 2063 6599 1884 2064 6600 1885 2065 6601 1886 2066 6602 1886 2066 6603 1887 2067 6604 1884 2064 6605 1888 2068 6606 1889 2069 6607 1890 2070 6608 1890 2070 6609 1891 2071 6610 1888 2068 6611 1892 2072 6612 1893 2073 6613 1889 2069 6614 1889 2069 6615 1888 2068 6616 1892 2072 6617 1894 2074 6618 1895 2075 6619 1896 2076 6620 1896 2077 6621 1897 2078 6622 1894 2079 6623 1887 2080 6624 1898 2081 6625 1899 2082 6626 1899 2082 6627 1900 2083 6628 1887 2080 6629 1894 2084 6630 1901 2085 6631 1885 2065 6632 1885 2065 6633 1884 2064 6634 1894 2084 6635 1902 2086 6636 1903 2087 6637 1893 2073 6638 1893 2073 6639 1892 2072 6640 1902 2086 6641 1887 2080 6642 1900 2083 6643 1904 2088 6644 1904 2088 6645 1884 2089 6646 1887 2080 6647 1884 2089 6648 1904 2088 6649 1895 2075 6650 1895 2075 6651 1894 2074 6652 1884 2089 6653 1894 2090 6654 1905 2091 6655 1902 2092 6656 1906 2093 6657 1907 2094 6658 1903 2087 6659 1903 2087 6660 1902 2086 6661 1906 2093 6662 1896 2076 6663 1895 2075 6664 1908 2095 6665 1907 2094 6666 1909 2096 6667 1903 2087 6668 1889 2069 6669 1910 2097 6670 1911 2098 6671 1911 2098 6672 1890 2070 6673 1889 2069 6674 1900 2083 6675 1899 2082 6676 1912 2099 6677 1912 2099 6678 1913 2100 6679 1900 2083 6680 1910 2097 6681 1889 2069 6682 1893 2073 6683 1893 2073 6684 1914 2101 6685 1910 2097 6686 1914 2101 6687 1893 2073 6688 1903 2087 6689 1903 2087 6690 1909 2096 6691 1914 2101 6692 1915 2102 6693 1904 2088 6694 1900 2083 6695 1900 2083 6696 1913 2100 6697 1915 2102 6698 1908 2095 6699 1895 2075 6700 1904 2088 6701 1904 2088 6702 1915 2102 6703 1908 2095 6704 1887 2103 6705 1886 2104 6706 1898 2105 6707 1916 2106 6708 1917 2107 6709 1918 2108 6710 1918 2108 6711 1919 2109 6712 1916 2106 6713 1920 2110 6714 1917 2107 6715 1916 2106 6716 1916 2106 6717 1921 2111 6718 1920 2110 6719 1920 2110 6720 1921 2111 6721 1922 2112 6722 1920 2110 6723 1922 2112 6724 1923 2113 6725 1922 2112 6726 1921 2111 6727 1924 2114 6728 1920 2115 6729 1923 2115 6730 1918 2115 6731 1918 2116 6732 1917 2116 6733 1920 2116 6734 1916 2117 6735 1924 2117 6736 1921 2117 6737 1924 2118 6738 1916 2118 6739 1919 2118 6740 1925 2119 6741 1926 2120 6742 1927 2121 6743 1926 2120 6744 1928 2122 6745 1929 2123 6746 1926 2120 6747 1925 2119 6748 1928 2122 6749 1930 2124 6750 1931 2125 6751 1932 2126 6752 1932 2126 6753 1933 2127 6754 1930 2124 6755 1934 2128 6756 1935 2129 6757 1930 2124 6758 1930 2124 6759 1933 2127 6760 1934 2128 6761 1934 2128 6762 1936 2130 6763 1935 2129 6764 1934 2128 6765 1937 2131 6766 1936 2130 6767 1936 2130 6768 1938 2132 6769 1935 2129 6770 1934 2133 6771 1933 2133 6772 1932 2133 6773 1932 2134 6774 1937 2134 6775 1934 2134 6776 1930 2135 6777 1935 2135 6778 1938 2135 6779 1938 2136 6780 1931 2136 6781 1930 2136 6782 1939 2137 6783 1940 2138 6784 1941 2139 6785 1941 2139 6786 1942 2140 6787 1943 2141 6788 1941 2139 6789 1943 2141 6790 1939 2137 6791 1944 2142 6792 1945 2143 6793 1946 2144 6794 1946 2144 6795 1947 2145 6796 1944 2142 6797 1948 2146 6798 1949 2147 6799 1950 2148 6800 1950 2148 6801 1951 2149 6802 1948 2146 6803 1952 2150 6804 1949 2147 6805 1948 2146 6806 1948 2146 6807 1953 2151 6808 1952 2150 6809 1954 2152 6810 1955 2153 6811 1956 2154 6812 1954 2152 6813 1957 2155 6814 1946 2144 6815 1946 2144 6816 1955 2153 6817 1954 2152 6818 1957 2155 6819 1958 2156 6820 1947 2145 6821 1947 2145 6822 1946 2144 6823 1957 2155 6824 1951 2149 6825 1959 2157 6826 1960 2158 6827 1960 2158 6828 1948 2146 6829 1951 2149 6830 1948 2146 6831 1960 2158 6832 1953 2151 6833 1955 2153 6834 1946 2144 6835 1945 2143 6836 1956 2154 6837 1955 2153 6838 1961 2159 6839 1961 2160 6840 1962 2161 6841 1956 2162 6842 1955 2153 6843 1945 2143 6844 1961 2159 6845 1945 2143 6846 1944 2142 6847 1963 2163 6848 1963 2164 6849 1964 2165 6850 1945 2143 6851 1965 2166 6852 1950 2148 6853 1949 2147 6854 1949 2147 6855 1966 2167 6856 1965 2166 6857 1966 2167 6858 1949 2147 6859 1952 2150 6860 1952 2150 6861 1967 2168 6862 1966 2167 6863 1945 2143 6864 1964 2165 6865 1961 2159 6866 1963 2169 6867 1968 2170 6868 1964 2171 6869 1969 2172 6870 1968 2170 6871 1963 2169 6872 1968 2170 6873 1969 2172 6874 1970 2173 6875 1968 2170 6876 1962 2174 6877 1961 2175 6878 1961 2175 6879 1964 2171 6880 1968 2170 6881 1971 2176 6882 1957 2177 6883 1954 2178 6884 1954 2178 6885 1956 2179 6886 1971 2176 6887 1957 2177 6888 1971 2176 6889 1958 2180 6890 1958 2181 6891 1971 2182 6892 1972 2183 6893 1972 2183 6894 1971 2182 6895 1973 2184 6896 1974 2185 6897 1975 2186 6898 1976 2187 6899 1977 2188 6900 1978 2189 6901 1976 2190 6902 1976 2191 6903 1975 2192 6904 1977 2193 6905 1976 2187 6906 1979 2194 6907 1974 2185 6908 1974 2195 6909 1980 2196 6910 1975 2197 6911 1981 2198 6912 1982 2199 6913 1983 2200 6914 1983 2200 6915 1984 2201 6916 1981 2198 6917 1985 2202 6918 1986 2203 6919 1987 2204 6920 1987 2204 6921 1988 2205 6922 1985 2202 6923 1989 2206 6924 1990 2207 6925 1985 2202 6926 1985 2202 6927 1988 2205 6928 1989 2206 6929 1991 2208 6930 1992 2209 6931 1993 2210 6932 1991 2208 6933 1993 2210 6934 1983 2200 6935 1983 2200 6936 1994 2211 6937 1991 2208 6938 1994 2211 6939 1983 2200 6940 1982 2199 6941 1982 2199 6942 1995 2212 6943 1994 2211 6944 1986 2203 6945 1985 2202 6946 1996 2213 6947 1996 2213 6948 1997 2214 6949 1986 2203 6950 1985 2202 6951 1990 2207 6952 1996 2213 6953 1993 2210 6954 1984 2201 6955 1983 2200 6956 1992 2209 6957 1998 2215 6958 1999 2216 6959 1999 2216 6960 1993 2210 6961 1992 2209 6962 1993 2210 6963 1999 2216 6964 1984 2201 6965 1984 2201 6966 2000 2217 6967 2001 2218 6968 2001 2218 6969 1981 2198 6970 1984 2201 6971 2002 2219 6972 2003 2220 6973 1988 2205 6974 1988 2205 6975 1987 2204 6976 2002 2219 6977 2003 2220 6978 2004 2221 6979 1989 2206 6980 1989 2206 6981 1988 2205 6982 2003 2220 6983 1984 2201 6984 1999 2216 6985 2000 2217 6986 2001 2222 6987 2000 2223 6988 2005 2224 6989 2006 2225 6990 2001 2226 6991 2005 2227 6992 2005 2227 6993 2007 2228 6994 2006 2225 6995 2005 2224 6996 2000 2223 6997 1999 2229 6998 1999 2229 6999 1998 2230 7000 2005 2224 7001 2008 2231 7002 1992 2232 7003 1991 2233 7004 1991 2233 7005 1994 2234 7006 2008 2231 7007 1994 2234 7008 1995 2235 7009 2008 2231 7010 1995 2235 7011 2009 2236 7012 2008 2231 7013 2009 2236 7014 2010 2237 7015 2008 2231 7016 2011 2238 7017 2012 2239 7018 2013 2240 7019 2014 2241 7020 2013 2242 7021 2012 2243 7022 2012 2243 7023 2015 2244 7024 2014 2241 7025 2012 2245 7026 2011 2246 7027 2016 2247 7028 2011 2238 7029 2013 2240 7030 2017 2248 7031 2018 2249 7032 2019 2250 7033 2020 2251 7034 2020 2251 7035 2021 2252 7036 2018 2249 7037 2022 2253 7038 2023 2254 7039 2024 2255 7040 2024 2255 7041 2025 2256 7042 2022 2253 7043 2027 2257 7044 2026 2258 7045 2032 2259 7046 2032 2259 7047 2033 2260 7048 2027 2257 7049 2026 2258 7050 2031 2261 7051 2034 2262 7052 2034 2262 7053 2032 2259 7054 2026 2258 7055 2031 2261 7056 2030 2263 7057 2035 2264 7058 2035 2264 7059 2034 2262 7060 2031 2261 7061 2030 2263 7062 2029 2265 7063 2036 2266 7064 2036 2266 7065 2035 2264 7066 2030 2263 7067 2029 2265 7068 2028 2267 7069 2037 2268 7070 2037 2268 7071 2036 2266 7072 2029 2265 7073 2028 2267 7074 2027 2257 7075 2033 2260 7076 2033 2260 7077 2037 2268 7078 2028 2267 7079 2038 2269 7080 2039 2269 7081 2040 2269 7082 2040 2270 7083 2041 2270 7084 2038 2270 7085 2039 2271 7086 2042 2271 7087 2043 2271 7088 2043 2272 7089 2040 2272 7090 2039 2272 7091 2042 2273 7092 2044 2273 7093 2045 2273 7094 2045 2274 7095 2043 2274 7096 2042 2274 7097 2044 2275 7098 2038 2275 7099 2041 2275 7100 2041 2276 7101 2045 2276 7102 2044 2276 7103 2046 2277 7104 2047 2277 7105 2048 2277 7106 2048 2278 7107 2049 2278 7108 2046 2278 7109 2047 2279 7110 2050 2279 7111 2051 2279 7112 2051 2280 7113 2048 2280 7114 2047 2280 7115 2054 2281 7116 2055 2281 7117 2056 2281 7118 2056 2282 7119 2057 2282 7120 2054 2282 7121 2055 2283 7122 2058 2283 7123 2056 2283 7124 2058 2284 7125 2059 2284 7126 2057 2284 7127 2057 2285 7128 2056 2285 7129 2058 2285 7130 2059 2286 7131 2054 2286 7132 2057 2286 7133 2060 2287 7134 2061 2288 7135 2062 2289 7136 2060 2287 7137 2062 2289 7138 2063 2290 7139 2063 2290 7140 2064 2291 7141 2065 2292 7142 2060 2287 7143 2063 2290 7144 2065 2292 7145 2060 2287 7146 2065 2292 7147 2066 2293 7148 2067 2294 7149 2068 2295 7150 2069 2296 7151 2069 2296 7152 2070 2297 7153 2071 2298 7154 2067 2294 7155 2069 2296 7156 2071 2298 7157 2067 2294 7158 2071 2298 7159 2072 2299 7160 2067 2294 7161 2072 2299 7162 2073 2300 7163 2074 2301 7164 2075 2302 7165 2076 2303 7166 2076 2304 7167 2077 2305 7168 2074 2306 7169 2075 2307 7170 2078 2308 7171 2079 2309 7172 2079 2310 7173 2076 2311 7174 2075 2312 7175 2078 2313 7176 2080 2314 7177 2081 2315 7178 2081 2316 7179 2079 2317 7180 2078 2318 7181 2080 2319 7182 2074 2320 7183 2077 2321 7184 2077 2322 7185 2081 2323 7186 2080 2324 7187 2074 2320 7188 2080 2319 7189 2082 2325 7190 2082 2325 7191 2083 2326 7192 2074 2320 7193 2080 2327 7194 2078 2328 7195 2082 2329 7196 2078 2308 7197 2075 2307 7198 2083 2326 7199 2083 2326 7200 2082 2325 7201 2078 2308 7202 2075 2330 7203 2074 2331 7204 2083 2332 7205 2077 2333 7206 2076 2334 7207 2084 2335 7208 2076 2311 7209 2079 2310 7210 2085 2336 7211 2085 2336 7212 2084 2337 7213 2076 2311 7214 2079 2338 7215 2081 2339 7216 2085 2340 7217 2081 2323 7218 2077 2322 7219 2084 2337 7220 2084 2337 7221 2085 2336 7222 2081 2323 7223 2086 2341 7224 2087 2341 7225 2088 2341 7226 2088 2342 7227 2089 2342 7228 2086 2342 7229 2087 2343 7230 2090 2343 7231 2091 2343 7232 2091 2344 7233 2088 2344 7234 2087 2344 7235 2090 2345 7236 2092 2345 7237 2093 2345 7238 2093 2346 7239 2091 2346 7240 2090 2346 7241 2092 2347 7242 2086 2347 7243 2089 2347 7244 2089 2348 7245 2093 2348 7246 2092 2348 7247 2090 2349 7248 2087 2349 7249 2086 2349 7250 2086 2350 7251 2092 2350 7252 2090 2350 7253 2094 2351 7254 2095 2352 7255 2096 2353 7256 2096 2353 7257 2097 2354 7258 2094 2351 7259 2095 2352 7260 2098 2355 7261 2099 2356 7262 2099 2356 7263 2096 2353 7264 2095 2352 7265 2098 2355 7266 2094 2351 7267 2097 2354 7268 2097 2354 7269 2099 2356 7270 2098 2355 7271 2100 2357 7272 2101 2358 7273 2102 2359 7274 2102 2359 7275 2103 2360 7276 2100 2357 7277 2104 2361 7278 2105 2362 7279 2106 2363 7280 2106 2363 7281 2107 2364 7282 2104 2361 7283 2108 2365 7284 2109 2366 7285 2110 2367 7286 2110 2367 7287 2111 2368 7288 2108 2365 7289 2112 2369 7290 2113 2370 7291 2101 2358 7292 2101 2358 7293 2100 2357 7294 2112 2369 7295 2114 2371 7296 2115 2372 7297 2105 2362 7298 2105 2362 7299 2104 2361 7300 2114 2371 7301 2103 2373 7302 2116 2374 7303 2117 2375 7304 2117 2375 7305 2100 2376 7306 2103 2373 7307 2100 2376 7308 2117 2375 7309 2118 2377 7310 2118 2377 7311 2112 2378 7312 2100 2376 7313 2119 2379 7314 2120 2380 7315 2114 2381 7316 2114 2381 7317 2112 2382 7318 2119 2379 7319 2121 2383 7320 2122 2384 7321 2115 2372 7322 2115 2372 7323 2114 2371 7324 2121 2383 7325 2111 2368 7326 2110 2367 7327 2123 2385 7328 2124 2386 7329 2125 2387 7330 2122 2384 7331 2126 2388 7332 2106 2363 7333 2105 2362 7334 2105 2362 7335 2127 2389 7336 2126 2388 7337 2127 2389 7338 2105 2362 7339 2115 2372 7340 2115 2372 7341 2128 2390 7342 2127 2389 7343 2129 2391 7344 2117 2375 7345 2116 2374 7346 2116 2374 7347 2130 2392 7348 2129 2391 7349 2131 2393 7350 2118 2377 7351 2117 2375 7352 2117 2375 7353 2129 2391 7354 2131 2393 7355 2109 2366 7356 2112 2394 7357 2118 2377 7358 2118 2377 7359 2110 2367 7360 2109 2366 7361 2119 2379 7362 2132 2395 7363 2120 2380 7364 2133 2396 7365 2124 2386 7366 2122 2384 7367 2122 2384 7368 2121 2383 7369 2133 2396 7370 2131 2393 7371 2123 2385 7372 2110 2367 7373 2110 2367 7374 2118 2377 7375 2131 2393 7376 2115 2372 7377 2122 2384 7378 2125 2387 7379 2125 2387 7380 2128 2390 7381 2115 2372 7382 2130 394 7383 2116 394 7384 2103 394 7385 2134 394 7386 2130 394 7387 2103 394 7388 2102 394 7389 2134 394 7390 2103 394 7391 2135 2397 7392 2136 2398 7393 2137 2399 7394 2137 2399 7395 2138 2400 7396 2135 2397 7397 2139 2401 7398 2140 2402 7399 2141 2403 7400 2141 2403 7401 2142 2404 7402 2139 2401 7403 2143 2405 7404 2144 2406 7405 2145 2407 7406 2145 2407 7407 2146 2408 7408 2143 2405 7409 2147 2409 7410 2135 2397 7411 2138 2400 7412 2138 2410 7413 2148 2411 7414 2147 2412 7415 2149 2413 7416 2139 2401 7417 2142 2404 7418 2142 2404 7419 2150 2414 7420 2149 2413 7421 2136 2415 7422 2135 2416 7423 2151 2417 7424 2151 2417 7425 2152 2418 7426 2136 2419 7427 2135 2416 7428 2147 2420 7429 2153 2421 7430 2153 2421 7431 2151 2417 7432 2135 2416 7433 2154 2422 7434 2147 2423 7435 2149 2424 7436 2149 2424 7437 2155 2425 7438 2154 2422 7439 2156 2426 7440 2149 2413 7441 2150 2414 7442 2150 2414 7443 2157 2427 7444 2156 2426 7445 2144 2406 7446 2158 2428 7447 2145 2407 7448 2160 2429 7449 2161 2430 7450 2142 2404 7451 2142 2404 7452 2141 2403 7453 2160 2429 7454 2161 2430 7455 2162 2431 7456 2150 2414 7457 2150 2414 7458 2142 2404 7459 2161 2430 7460 2163 2432 7461 2164 2433 7462 2152 2418 7463 2152 2418 7464 2151 2417 7465 2163 2432 7466 2165 2434 7467 2163 2432 7468 2151 2417 7469 2151 2417 7470 2153 2421 7471 2165 2434 7472 2146 2408 7473 2145 2407 7474 2153 2421 7475 2153 2421 7476 2147 2420 7477 2146 2408 7478 2154 2422 7479 2155 2425 7480 2166 2435 7481 2167 2436 7482 2156 2426 7483 2157 2427 7484 2165 2434 7485 2153 2421 7486 2145 2407 7487 2145 2407 7488 2158 2428 7489 2165 2434 7490 2150 2414 7491 2162 2431 7492 2159 2437 7493 2159 2437 7494 2157 2427 7495 2150 2414 7496 2136 394 7497 2152 394 7498 2164 394 7499 2136 394 7500 2164 394 7501 2168 394 7502 2137 394 7503 2136 394 7504 2168 394 7505 2169 2438 7506 2170 2439 7507 2171 2440 7508 2171 2440 7509 2172 2441 7510 2169 2438 7511 2173 2442 7512 2174 2443 7513 2175 2444 7514 2175 2444 7515 2176 2445 7516 2173 2442 7517 2177 2446 7518 2178 2447 7519 2179 2448 7520 2179 2448 7521 2180 2449 7522 2177 2446 7523 2181 2450 7524 2182 2451 7525 2183 2452 7526 2183 2452 7527 2184 2453 7528 2181 2450 7529 2187 2454 7530 2186 2455 7531 2185 2456 7532 2185 2456 7533 2188 2457 7534 2187 2454 7535 2190 2458 7536 2191 2459 7537 2189 2460 7538 2196 2461 7539 2197 2462 7540 2198 2463 7541 2198 2463 7542 2199 2464 7543 2196 2461 7544 2200 2465 7545 2201 2466 7546 2202 2467 7547 2202 2467 7548 2203 2468 7549 2200 2465 7550 2204 2469 7551 2205 2470 7552 2206 2471 7553 2206 2471 7554 2207 2472 7555 2208 2473 7556 2204 2469 7557 2206 2471 7558 2208 2473 7559 2204 2469 7560 2208 2473 7561 2209 2474 7562 2204 2469 7563 2209 2474 7564 2210 2475 7565 2211 2476 7566 2212 2477 7567 2213 2478 7568 2211 2476 7569 2213 2478 7570 2214 2479 7571 2214 2479 7572 2215 2480 7573 2216 2481 7574 2211 2476 7575 2214 2479 7576 2216 2481 7577 2211 2476 7578 2216 2481 7579 2217 2482 7580 2219 2483 7581 2224 2484 7582 2225 2485 7583 2225 2485 7584 2218 2486 7585 2219 2483 7586 2218 2486 7587 2225 2485 7588 2226 2487 7589 2226 2487 7590 2223 2488 7591 2218 2486 7592 2223 2488 7593 2226 2487 7594 2227 2489 7595 2227 2489 7596 2222 2490 7597 2223 2488 7598 2222 2490 7599 2227 2489 7600 2228 2491 7601 2228 2491 7602 2221 2492 7603 2222 2490 7604 2221 2492 7605 2228 2491 7606 2229 2493 7607 2229 2493 7608 2220 2494 7609 2221 2492 7610 2220 2494 7611 2229 2493 7612 2224 2484 7613 2224 2484 7614 2219 2483 7615 2220 2494 7616 2230 2495 7617 2231 2495 7618 2232 2495 7619 2232 2496 7620 2233 2496 7621 2230 2496 7622 2233 2497 7623 2232 2497 7624 2234 2497 7625 2234 2498 7626 2235 2498 7627 2233 2498 7628 2235 2499 7629 2234 2499 7630 2236 2499 7631 2236 2500 7632 2237 2500 7633 2235 2500 7634 2237 2501 7635 2236 2501 7636 2231 2501 7637 2231 2502 7638 2230 2502 7639 2237 2502 7640 2238 2503 7641 2239 2503 7642 2240 2503 7643 2240 2504 7644 2241 2504 7645 2238 2504 7646 2241 2505 7647 2240 2505 7648 2242 2505 7649 2242 2506 7650 2243 2506 7651 2241 2506 7652 2246 2507 7653 2247 2507 7654 2248 2507 7655 2248 2508 7656 2249 2508 7657 2246 2508 7658 2249 2509 7659 2248 2509 7660 2250 2509 7661 2250 2510 7662 2248 2510 7663 2247 2510 7664 2247 2511 7665 2251 2511 7666 2250 2511 7667 2251 2512 7668 2247 2512 7669 2246 2512 7670 2252 2513 7671 2253 2514 7672 2254 2515 7673 2254 2516 7674 2255 2517 7675 2252 2518 7676 2255 2519 7677 2254 2520 7678 2256 2521 7679 2256 2521 7680 2257 2522 7681 2255 2519 7682 2257 2523 7683 2256 2524 7684 2258 2525 7685 2258 2526 7686 2259 2527 7687 2257 2528 7688 2259 2529 7689 2258 2530 7690 2253 2531 7691 2253 2531 7692 2252 2532 7693 2259 2529 7694 2252 2533 7695 2260 2534 7696 2261 2535 7697 2261 2535 7698 2259 2536 7699 2252 2533 7700 2259 2537 7701 2261 2538 7702 2257 2539 7703 2257 2540 7704 2261 2535 7705 2260 2534 7706 2260 2534 7707 2255 2541 7708 2257 2540 7709 2255 2542 7710 2260 2543 7711 2252 2544 7712 2253 2545 7713 2262 2546 7714 2254 2547 7715 2254 2548 7716 2262 2549 7717 2263 2550 7718 2263 2550 7719 2256 2551 7720 2254 2548 7721 2256 2552 7722 2263 2553 7723 2258 2554 7724 2258 2555 7725 2263 2550 7726 2262 2549 7727 2262 2549 7728 2253 2556 7729 2258 2555 7730 2264 2557 7731 2265 2557 7732 2266 2557 7733 2266 2558 7734 2267 2558 7735 2264 2558 7736 2267 2559 7737 2266 2559 7738 2268 2559 7739 2268 2560 7740 2269 2560 7741 2267 2560 7742 2269 2561 7743 2268 2561 7744 2270 2561 7745 2270 2562 7746 2271 2562 7747 2269 2562 7748 2271 2563 7749 2270 2563 7750 2265 2563 7751 2265 2564 7752 2264 2564 7753 2271 2564 7754 2269 2565 7755 2271 2565 7756 2264 2565 7757 2264 2566 7758 2267 2566 7759 2269 2566 7760 2272 2567 7761 2273 2568 7762 2274 2569 7763 2274 2569 7764 2275 2570 7765 2272 2567 7766 2275 2570 7767 2274 2569 7768 2276 2571 7769 2276 2571 7770 2277 2572 7771 2275 2570 7772 2277 2572 7773 2276 2571 7774 2273 2568 7775 2273 2568 7776 2272 2567 7777 2277 2572 7778</p>
        </triangles>
      </mesh>
    </geometry>
    <geometry id="geometry_05c507df_3659_4b5c_8ca6_a87418e921f5-mesh" name="geometry_05c507df_3659_4b5c_8ca6_a87418e921f5">
      <mesh>
        <source id="geometry_05c507df_3659_4b5c_8ca6_a87418e921f5-mesh-positions">
          <float_array id="geometry_05c507df_3659_4b5c_8ca6_a87418e921f5-mesh-positions-array" count="0"/>
          <technique_common>
            <accessor source="#geometry_05c507df_3659_4b5c_8ca6_a87418e921f5-mesh-positions-array" count="0" stride="3">
              <param name="X" type="float"/>
              <param name="Y" type="float"/>
              <param name="Z" type="float"/>
            </accessor>
          </technique_common>
        </source>
        <source id="geometry_05c507df_3659_4b5c_8ca6_a87418e921f5-mesh-normals">
          <float_array id="geometry_05c507df_3659_4b5c_8ca6_a87418e921f5-mesh-normals-array" count="0"/>
          <technique_common>
            <accessor source="#geometry_05c507df_3659_4b5c_8ca6_a87418e921f5-mesh-normals-array" count="0" stride="3">
              <param name="X" type="float"/>
              <param name="Y" type="float"/>
              <param name="Z" type="float"/>
            </accessor>
          </technique_common>
        </source>
        <vertices id="geometry_05c507df_3659_4b5c_8ca6_a87418e921f5-mesh-vertices">
          <input semantic="POSITION" source="#geometry_05c507df_3659_4b5c_8ca6_a87418e921f5-mesh-positions"/>
        </vertices>
      </mesh>
    </geometry>
    <geometry id="geometry_d2047f33_930f_4bdb_a4b1_5530ec00f739-mesh" name="geometry_d2047f33_930f_4bdb_a4b1_5530ec00f739">
      <mesh>
        <source id="geometry_d2047f33_930f_4bdb_a4b1_5530ec00f739-mesh-positions">
          <float_array id="geometry_d2047f33_930f_4bdb_a4b1_5530ec00f739-mesh-positions-array" count="108">6.175 0.09764999 0.99785 6.17478 0.05994999 1.2975 13.33512 0.65416 -2.47564 13.33512 0.67798 -2.75603 13.33512 0.61678 -2.27083 16.41675 0.88357 -3.8993 16.36286 0.90542 -4.07111 13.33512 0.56504 -2.20719 16.43412 0.83918 -3.84977 16.43412 0.83918 -3.84977 13.33512 0.56504 -2.20719 13.33512 0.51741 -2.27104 16.41695 0.79592 -3.90136 13.33512 0.49507 -2.3568 16.39341 0.7739 -3.97143 16.41665 0.84619 -3.9033 16.29025 0.91749 -4.30533 16.41695 0.79592 -3.90136 16.39341 0.7739 -3.97143 6.17498 -0.05884999 1.51681 6.17439 -0.00315994 1.5132 6.17399 -0.06845998 1.58847 6.1736 -0.12979 1.51747 6.17342 -0.15789 1.42422 16.41665 0.84619 -3.9033 13.33512 0.57388 -2.27249 13.33512 0.67798 -2.75603 16.29025 0.91749 -4.30533 13.33512 0.49507 -2.3568 16.39341 0.7739 -3.97143 6.17399 -0.06845998 1.58847 6.1736 -0.12979 1.51747 6.17342 -0.15789 1.42422 6.17498 -0.05884999 1.51681 6.175 0.09764999 0.99785 6.17342 -0.15789 1.42422</float_array>
          <technique_common>
            <accessor source="#geometry_d2047f33_930f_4bdb_a4b1_5530ec00f739-mesh-positions-array" count="36" stride="3">
              <param name="X" type="float"/>
              <param name="Y" type="float"/>
              <param name="Z" type="float"/>
            </accessor>
          </technique_common>
        </source>
        <source id="geometry_d2047f33_930f_4bdb_a4b1_5530ec00f739-mesh-normals">
          <float_array id="geometry_d2047f33_930f_4bdb_a4b1_5530ec00f739-mesh-normals-array" count="159">-0.01656258 0.9920436 0.1248005 0.03682452 0.9732269 0.226878 -0.01316148 0.9911553 0.1320533 -0.03766113 0.9957411 0.0841512 -0.01685672 0.9921149 0.1241938 0.1399163 0.9010254 0.4105808 0.1081442 0.9292382 0.3533006 -0.03173613 0.9950014 0.0946834 0.4686842 0.001842439 0.8833639 0.467502 0.0229429 0.8836943 0.4674059 0.02291029 0.883746 0.467395 0.02333837 0.8837405 0.46865 0.002254068 0.8833811 0.2947343 -0.8632148 0.4098683 0.2794097 -0.8831588 0.3767769 0.2157258 -0.9449526 0.2460222 0.2076572 -0.9509962 0.2290957 0.9518344 0.01473295 -0.3062585 0.9551078 0.03332877 -0.2943778 0.9550885 0.03305244 -0.2944715 0.9535199 0.02957558 -0.2998753 0.950958 0.00908339 -0.3091868 0.9491651 -0.006455957 -0.3147127 0.9485321 -0.006533563 -0.3166138 -0.9999486 0.00192964 -0.009958982 -0.999906 -0.01112139 -0.008027136 -0.999989 -0.004438757 -0.001500785 -0.9999915 -0.003942966 -0.00123316 -0.9998938 0.006742358 -0.01292008 -0.9998938 0.0067631 -0.01291549 -0.9999486 0.001947879 -0.009955644 -0.9997923 0.01939976 -0.006247699 -0.9998037 0.01942199 -0.003922283 -0.01120495 -0.9845978 -0.1744754 -0.0297116 -0.9768407 -0.2118947 -0.02654033 -0.9775717 -0.2089242 -0.02649676 -0.9775963 -0.2088144 -0.01009052 -0.9851256 -0.1715396 -0.01120078 -0.9846014 -0.1744556 -0.3921816 0.6722126 -0.6279523 -0.3924993 0.6717129 -0.6282882 -0.3841313 0.6951959 -0.6075737 -0.3839723 0.6956506 -0.6071537 -0.04632687 0.9967616 0.06572741 0.2033215 0.8289719 0.521024 0.4701613 -0.03066211 0.8820478 0.4701862 -0.03030115 0.8820469 0.3323042 -0.8049829 0.4915044 0.2323285 -0.9314484 0.2800491 -0.06803613 -0.9551938 -0.2880553 -0.06704562 -0.955885 -0.2859873 -0.4067793 0.6275852 -0.6638279 -0.4068796 0.6272429 -0.6640899</float_array>
          <technique_common>
            <accessor source="#geometry_d2047f33_930f_4bdb_a4b1_5530ec00f739-mesh-normals-array" count="53" stride="3">
              <param name="X" type="float"/>
              <param name="Y" type="float"/>
              <param name="Z" type="float"/>
            </accessor>
          </technique_common>
        </source>
        <source id="geometry_d2047f33_930f_4bdb_a4b1_5530ec00f739-mesh-map-0">
          <float_array id="geometry_d2047f33_930f_4bdb_a4b1_5530ec00f739-mesh-map-0-array" count="228">0.75009 0.30048 0.75009 0.30729 0.58714 0.22148 0.58714 0.22148 0.58714 0.21511 0.75009 0.30048 0.58714 0.22148 0.58715 0.22614 0.51703 0.18911 0.51703 0.18911 0.51824 0.1852 0.58714 0.22148 0.58715 0.22614 0.58717 0.22759 0.51665 0.19023 0.51665 0.19023 0.51703 0.18911 0.58715 0.22614 0.10943 0.177 0.17994 0.13964 0.17996 0.14109 0.17996 0.14109 0.10984 0.17817 0.10943 0.177 0.10984 0.17817 0.17996 0.14109 0.17997 0.14304 0.17997 0.14304 0.11039 0.17976 0.10984 0.17817 0.51705 0.18901 0.51989 0.17988 0.51824 0.1852 0.51824 0.1852 0.51703 0.18911 0.51705 0.18901 0.51665 0.19023 0.51705 0.18901 0.51703 0.18911 0.51707 0.18906 0.51761 0.18747 0.51705 0.18901 0.51705 0.18901 0.51665 0.19023 0.51707 0.18906 0.75009 0.31227 0.7501 0.31219 0.75009 0.30729 0.75009 0.30729 0.75009 0.30048 0.75009 0.31227 0.7501 0.31219 0.75009 0.31227 0.75011 0.3139 0.75011 0.3139 0.75009 0.31227 0.75012 0.31229 0.75012 0.31229 0.75009 0.31227 0.75012 0.31017 0.44104 0.52501 0.51139 0.52493 0.51113 0.52833 0.51113 0.52833 0.44356 0.52834 0.44104 0.52501 0.51166 0.52254 0.51139 0.52493 0.44104 0.52501 0.44104 0.52501 0.44195 0.52255 0.51166 0.52254 0.51824 0.1852 0.51989 0.17988 0.58714 0.21511 0.58714 0.21511 0.58714 0.22148 0.51824 0.1852 0.75009 0.30729 0.7501 0.31219 0.58715 0.22614 0.58715 0.22614 0.58714 0.22148 0.75009 0.30729 0.7501 0.31219 0.75011 0.3139 0.58717 0.22759 0.58717 0.22759 0.58715 0.22614 0.7501 0.31219 0.17994 0.13964 0.34288 0.05331999 0.34289 0.05493986 0.34289 0.05493986 0.17996 0.14109 0.17994 0.13964 0.17996 0.14109 0.34289 0.05493986 0.3429 0.05706 0.3429 0.05706 0.17997 0.14304 0.17996 0.14109 0.51139 0.52493 0.67485 0.52474 0.67485 0.5283 0.67485 0.5283 0.51113 0.52833 0.51139 0.52493 0.67488 0.52249 0.67485 0.52474 0.51139 0.52493 0.51139 0.52493 0.51166 0.52254 0.67488 0.52249</float_array>
          <technique_common>
            <accessor source="#geometry_d2047f33_930f_4bdb_a4b1_5530ec00f739-mesh-map-0-array" count="114" stride="2">
              <param name="S" type="float"/>
              <param name="T" type="float"/>
            </accessor>
          </technique_common>
        </source>
        <vertices id="geometry_d2047f33_930f_4bdb_a4b1_5530ec00f739-mesh-vertices">
          <input semantic="POSITION" source="#geometry_d2047f33_930f_4bdb_a4b1_5530ec00f739-mesh-positions"/>
        </vertices>
        <triangles material="mat_0-material" count="38">
          <input semantic="VERTEX" source="#geometry_d2047f33_930f_4bdb_a4b1_5530ec00f739-mesh-vertices" offset="0"/>
          <input semantic="NORMAL" source="#geometry_d2047f33_930f_4bdb_a4b1_5530ec00f739-mesh-normals" offset="1"/>
          <input semantic="TEXCOORD" source="#geometry_d2047f33_930f_4bdb_a4b1_5530ec00f739-mesh-map-0" offset="2" set="0"/>
          <p>0 0 0 1 1 1 2 2 2 2 2 3 3 3 4 0 4 5 2 2 6 4 5 7 5 6 8 5 6 9 6 7 10 2 2 11 4 5 12 7 8 13 8 9 14 8 10 15 5 6 16 4 5 17 9 11 18 10 12 19 11 13 20 11 13 21 12 14 22 9 11 23 12 14 24 11 13 25 13 15 26 13 15 27 14 16 28 12 14 29 15 17 30 16 18 31 6 19 32 6 19 33 5 20 34 15 17 35 8 21 36 15 17 37 5 20 38 17 22 39 18 23 40 15 17 41 15 17 42 8 21 43 17 22 44 19 24 45 20 25 46 1 26 47 1 26 48 0 27 49 19 24 50 20 25 51 19 24 52 21 28 53 21 29 54 19 30 55 22 31 56 22 31 57 19 30 58 23 32 59 24 33 60 25 34 61 26 35 62 26 36 63 27 37 64 24 38 65 28 39 66 25 40 67 24 41 68 24 41 69 29 42 70 28 39 71 6 7 72 16 43 73 3 3 74 3 3 75 2 2 76 6 7 77 1 1 78 20 44 79 4 5 80 4 5 81 2 2 82 1 1 83 20 44 84 21 45 85 7 8 86 7 8 87 4 5 88 20 44 89 10 12 90 30 46 91 31 47 92 31 47 93 11 13 94 10 12 95 11 13 96 31 47 97 32 48 98 32 48 99 13 15 100 11 13 101 25 34 102 33 49 103 34 50 104 34 50 105 26 35 106 25 34 107 35 51 108 33 52 109 25 40 110 25 40 111 28 39 112 35 51 113</p>
        </triangles>
      </mesh>
    </geometry>
    <geometry id="geometry_5973ae3f_4bf4_499b_9200_22853a285868-mesh" name="geometry_5973ae3f_4bf4_499b_9200_22853a285868">
      <mesh>
        <source id="geometry_5973ae3f_4bf4_499b_9200_22853a285868-mesh-positions">
          <float_array id="geometry_5973ae3f_4bf4_499b_9200_22853a285868-mesh-positions-array" count="1110">1.89648 -0.53786 -1.24805 4.46343 -0.17767 -1.24805 4.46586 -0.2989 -1.92593 1.89112 -0.70692 -1.92296 5.33849 0.03855997 1.4347 5.85295 0.07489997 1.16603 6.00767 0.11856 0.09100997 5.81578 0.03411996 1.48595 5.42066 0.005699992 1.69336 5.80093 -0.03060996 1.71228 5.48098 -0.05412 1.88284 1.93354 -0.88095 2.89452 4.09929 -0.57196 1.43724 4.09929 -0.34345 2.51802 2.20088 -0.60173 3.52456 1.89533 -1.0712 1.92144 1.89112 -1.12955 0.91636 4.09929 -0.66405 0.27197 5.81137 -0.09659999 1.77998 5.50064 -0.12072 1.94409 5.48195 -0.18786 1.88447 5.84457 -0.15741 1.69206 5.81137 -0.09659999 1.77998 5.50064 -0.12072 1.94409 6.17361 -0.12979 1.51746 5.87032 -0.18501 1.58406 6.173429 -0.15789 1.42421 6.07233 -0.3154 0.56166 5.45607 -0.22207 1.80252 6.24575 -0.33832 -0.4972 16.43352 0.8842 -5.06104 13.33512 0.69075 -3.28886 16.29025 0.91749 -4.30533 16.41695 0.79592 -3.90136 16.43511 0.79707 -3.91487 16.43414 0.83919 -3.84974 16.43555 0.77903 -3.99227 16.39341 0.7739 -3.97143 16.4365 0.74434 -4.50044 13.44442 0.63936 -3.99371 13.33512 0.65367 -3.81458 13.33263 0.54203 -4.47926 13.4473 0.5217 -4.65804 13.3358 0.51113 -4.62602 13.0786 0.63458 -3.71138 6.97945 0.13772 -1.48163 12.86109 0.50534 -4.30716 13.44802 0.4806 -3.9859 13.33512 0.46916 -3.94467 13.3358 0.51113 -4.62602 13.4473 0.5217 -4.65804 16.43623 0.76457 -5.05914 13.33512 0.42274 -3.12938 6.75797 0.03052997 -2.07965 6.33891 -0.00206995 -1.92809 1.9495 -0.37359 -0.34563 2.10698 -0.14285 2.007 6.23179 0.07451999 -1.24805 6.22949 -0.01940995 -1.92796 4.09929 -0.34345 2.51802 5.45607 -0.07993 1.80252 2.20088 -0.31418 3.52456 2.20088 -0.60173 3.52456 5.45607 -0.22207 1.80252 2.17162 -0.18515 3.08852 5.48195 -0.18786 1.88447 13.33512 0.58206 -2.35735 13.33512 0.49507 -2.35681 16.39341 0.7739 -3.97143 16.39192 0.83955 -3.97142 13.33512 0.67798 -2.75603 6.17479 0.05994999 1.29749 6.173429 -0.0212 1.42421 6.175011 0.09764999 0.99784 6.174409 -0.00315994 1.5132 6.174 -0.06845998 1.58846 6.17361 -0.12979 1.51746 6.173429 -0.15789 1.42421 16.41675 0.88357 -3.8993 16.43414 0.83919 -3.84974 16.41695 0.79592 -3.90136 16.36286 0.90542 -4.07111 16.43623 0.76457 -5.05914 16.43565 0.79699 -5.51608 13.44802 0.4806 -3.9859 13.44442 0.63936 -3.99371 16.43352 0.8842 -5.06104 16.43623 0.76457 -5.05914 13.44802 0.4806 -3.9859 1.89648 -0.53786 -1.24805 4.46343 -0.17767 -1.24805 4.09929 -0.58232 -1.39279 6.23179 0.07451999 -1.24805 6.33891 -0.2390699 -1.39279 6.97945 0.13772 -1.48163 13.0786 0.63458 -3.71138 13.33512 0.46916 -3.94467 4.46586 -0.2989 -1.92593 4.46343 -0.17767 -1.24805 1.89648 -0.53786 -1.24805 1.89112 -0.70692 -1.92296 1.89112 -0.92158 -1.39279 13.33512 0.46916 -3.94467 13.33134 0.65006 -3.81861 13.33134 0.65006 -3.81861 4.13513 -0.63051 -0.39127 2.52338 -0.93068 -0.01976984 4.05616 -0.5957 -1.21746 1.89112 -0.94871 -1.09154 1.89112 -0.92158 -1.39279 4.09929 -0.58232 -1.39279 6.33891 -0.2390699 -1.39279 1.89112 -0.98457 -0.69337 2.2343 -0.93274 -0.58433 2.41118 -0.94286 -0.10259 -1.89648 -0.53786 -1.24805 -1.89112 -0.70692 -1.92296 -4.46586 -0.2989 -1.92593 -4.46343 -0.17767 -1.24805 -2.10698 -0.14285 2.007 -6.00767 0.11856 0.09100997 -5.33849 0.03855997 1.4347 -2.17162 -0.18515 3.08852 -5.85295 0.07489997 1.16603 -5.81578 0.03411996 1.48595 -5.42066 0.005699992 1.69336 -5.80093 -0.03060996 1.71228 -5.48098 -0.05412 1.88284 -1.93354 -0.88095 2.89452 -2.20088 -0.60173 3.52456 -4.09929 -0.34345 2.51802 -4.09929 -0.57196 1.43724 -1.89533 -1.0712 1.92144 -1.89112 -1.12955 0.91636 -4.09929 -0.66405 0.27197 -5.81137 -0.09659999 1.77998 -5.50064 -0.12072 1.94409 -5.48195 -0.18786 1.88447 -5.50064 -0.12072 1.94409 -5.81137 -0.09659999 1.77998 -5.84457 -0.15741 1.69206 -6.17361 -0.12979 1.51746 -6.173429 -0.15789 1.42421 -5.87032 -0.18501 1.58406 -5.45607 -0.22207 1.80252 -6.07233 -0.3154 0.56166 -6.24575 -0.33832 -0.4972 -16.41675 0.88357 -3.8993 -16.43312 0.88459 -3.91146 -16.43413 0.83919 -3.84974 -16.36286 0.90542 -4.07111 -16.43258 0.91516 -4.1186 -16.4324 0.92896 -4.36073 -16.29024 0.91749 -4.30533 -16.43352 0.8842 -5.06104 -6.97945 0.13772 -1.48163 -6.33891 -0.00206995 -1.92809 -6.75797 0.03052997 -2.07964 -1.9495 -0.37359 -0.34563 -6.23179 0.07451999 -1.24805 -6.22949 -0.01940995 -1.92796 -4.09929 -0.34345 2.51802 -2.20088 -0.60173 3.52456 -2.20088 -0.31418 3.52456 -5.45607 -0.07993 1.80252 -5.45607 -0.22207 1.80252 -5.48195 -0.18786 1.88447 -6.17479 0.05994999 1.29749 -6.175011 0.09764999 0.99784 -6.173429 -0.0212 1.42421 -6.174409 -0.00315994 1.5132 -6.174 -0.06845998 1.58846 -6.17361 -0.12979 1.51746 -6.173429 -0.15789 1.42421 -16.39192 0.83955 -3.97142 -16.41695 0.79592 -3.90136 -16.39341 0.7739 -3.97143 -16.43623 0.76457 -5.05914 -16.43565 0.79699 -5.51608 -13.4473 0.5217 -4.65804 -13.44801 0.4806 -3.9859 -13.44441 0.63936 -3.99371 -13.44441 0.63936 -3.99371 -13.44801 0.4806 -3.9859 -16.43623 0.76457 -5.05914 -16.43352 0.8842 -5.06104 -1.89648 -0.53786 -1.24805 -4.09929 -0.58232 -1.39279 -4.46343 -0.17767 -1.24805 -6.33891 -0.2390699 -1.39279 -6.23179 0.07451999 -1.24805 -6.97945 0.13772 -1.48163 -13.33512 0.46916 -3.94467 -13.0786 0.63458 -3.71138 -4.46586 -0.2989 -1.92593 -1.89112 -0.70692 -1.92296 -1.89648 -0.53786 -1.24805 -4.46343 -0.17767 -1.24805 -1.89112 -0.92158 -1.39279 -13.3358 0.51113 -4.62602 -13.33262 0.54203 -4.47926 -13.33512 0.46916 -3.94467 -13.33134 0.65006 -3.81861 -13.33134 0.65006 -3.81861 -13.0786 0.63458 -3.71138 -12.86108 0.50534 -4.30715 -4.13513 -0.63051 -0.39127 -2.52338 -0.93068 -0.01976984 -4.05616 -0.5957 -1.21746 -4.09929 -0.58232 -1.39279 -1.89112 -0.92158 -1.39279 -1.89112 -0.94871 -1.09154 -6.33891 -0.2390699 -1.39279 -2.2343 -0.93274 -0.58433 -1.89112 -0.98457 -0.69337 -2.41118 -0.94286 -0.10259 11.90179 0.32956 -2.01247 11.80625 0.26047 -2.60617 11.81721 0.18027 -2.60602 11.74838 0.29041 -3.16431 11.78184 0.09051996 -3.16433 12.05345 0.31268 -3.16421 12.008 0.28423 -2.60617 12.01497 0.2039099 -2.60609 12.07772 0.12581 -3.16423 11.90179 0.32956 -2.01247 11.91848 0.16424 -2.60623 11.91848 0.16424 -2.60623 11.93287 0.06819999 -3.16428 11.93287 0.06819999 -3.16428 8.298953 -0.04815 -0.28546 8.177392 -0.1198599 -1.10679 8.19498 -0.21609 -1.1068 8.138031 -0.07919996 -1.8115 8.17311 -0.29507 -1.81152 8.45301 -0.06072998 -1.8114 8.42715 -0.09185999 -1.11204 8.429383 -0.1887199 -1.11205 8.47841 -0.25883 -1.81142 8.298953 -0.04815 -0.28546 8.314573 -0.23025 -1.10942 8.314573 -0.23025 -1.10942 8.32885 -0.31691 -1.81147 8.32885 -0.31691 -1.81147 4.87013 -0.50109 0.74223 4.75179 -0.5393 -0.13006 4.78082 -0.64871 -0.13006 4.71264 -0.49615 -0.90364 4.73953 -0.7001 -0.90364 4.98834 -0.50738 -0.13539 4.98847 -0.63571 -0.13539 5.04759 -0.67397 -0.90364 5.00753 -0.45286 -0.90364 4.87013 -0.50109 0.74223 4.88922 -0.6685 -0.13273 4.88922 -0.6685 -0.13273 4.90036 -0.73837 -0.90364 4.90036 -0.73837 -0.90364 11.74838 0.29041 -3.16431 11.78184 0.09051996 -3.16433 8.138031 -0.07919996 -1.8115 8.17311 -0.29507 -1.81152 4.71264 -0.49615 -0.90364 4.73953 -0.7001 -0.90364 -11.90179 0.32956 -2.01247 -11.81721 0.18027 -2.60602 -11.80625 0.26047 -2.60617 -11.74838 0.29041 -3.16431 -11.78184 0.09051996 -3.16433 -12.05345 0.31268 -3.16421 -12.07772 0.12581 -3.16423 -12.01497 0.2039099 -2.60609 -12.008 0.28423 -2.60617 -11.90179 0.32956 -2.01247 -11.91848 0.16424 -2.60623 -11.91848 0.16424 -2.60623 -11.93287 0.06819999 -3.16428 -11.93287 0.06819999 -3.16428 -8.298953 -0.04815983 -0.28546 -8.19498 -0.21609 -1.1068 -8.177392 -0.1198599 -1.10679 -8.138031 -0.07919996 -1.8115 -8.17311 -0.29507 -1.81152 -8.453001 -0.06073999 -1.8114 -8.47841 -0.25883 -1.81141 -8.429383 -0.18873 -1.11205 -8.42715 -0.09185999 -1.11203 -8.298953 -0.04815983 -0.28546 -8.314573 -0.23025 -1.10942 -8.314573 -0.23025 -1.10942 -8.32885 -0.31692 -1.81147 -8.32885 -0.31692 -1.81147 -4.87013 -0.50109 0.74223 -4.78082 -0.64871 -0.13006 -4.75179 -0.5393 -0.13006 -4.71264 -0.49615 -0.90364 -4.73953 -0.7001 -0.90364 -4.98834 -0.50738 -0.13539 -5.00753 -0.45286 -0.90364 -5.0476 -0.67397 -0.90364 -4.98847 -0.63571 -0.13539 -4.87013 -0.50109 0.74223 -4.88922 -0.6685 -0.13273 -4.88922 -0.6685 -0.13273 -4.90036 -0.73838 -0.90364 -4.90036 -0.73838 -0.90364 -11.74838 0.29041 -3.16431 -11.78184 0.09051996 -3.16433 -8.138031 -0.07919996 -1.8115 -8.17311 -0.29507 -1.81152 -4.71264 -0.49615 -0.90364 -4.73953 -0.7001 -0.90364 16.43227 0.92886 -4.36073 16.4325 0.91544 -4.1186 16.43312 0.88459 -3.91146 -16.4365 0.74434 -4.50044 -16.39341 0.7739 -3.97143 -16.43555 0.77903 -3.99227 -16.41695 0.79592 -3.90136 -16.43511 0.79707 -3.91487 -16.43413 0.83919 -3.84974 13.33512 0.49507 -2.35681 -13.33512 0.69075 -3.28886 -13.33512 0.65367 -3.81457 -13.4473 0.5217 -4.65804 -13.3358 0.51113 -4.62602 -13.33512 0.46916 -3.94467 -13.33512 0.42274 -3.12938 -13.33512 0.58206 -2.35735 -13.33512 0.49507 -2.3568 -13.33512 0.67798 -2.75603 -13.33512 0.49507 -2.3568 6.174 -0.06845998 1.58846 -6.174 -0.06845998 1.58846 16.78191 0.8684 -4.09838 16.74294 0.90366 -4.1423 16.63844 0.92142 -4.25884 17.0217 0.8835 -4.4579 16.97575 0.91239 -4.47022 16.97452 0.83853 -4.47099 17.0217 0.8835 -4.4579 16.78191 0.8684 -4.09838 16.74295 0.81641 -4.14458 16.81617 0.92758 -4.510331 17.09704 0.86646 -5.05217 17.04981 0.89294 -5.12691 17.04954 0.8395 -5.13788 17.09704 0.86646 -5.05217 16.96026 0.90159 -5.11414 17.1019 0.85304 -5.7068 17.1019 0.85304 -5.7068 16.43565 0.79699 -5.51608 -16.78191 0.8684 -4.09838 -16.74295 0.81641 -4.14458 -16.78191 0.8684 -4.09838 -16.74294 0.90366 -4.1423 -16.97575 0.91239 -4.47022 -17.0217 0.8835 -4.4579 -16.97452 0.83853 -4.47099 -17.0217 0.8835 -4.4579 -16.63844 0.92142 -4.25884 -16.81617 0.92758 -4.510331 -17.04981 0.89294 -5.12691 -17.09704 0.86645 -5.05217 -17.04954 0.8395 -5.13788 -17.09704 0.86645 -5.05217 -16.96026 0.90159 -5.11414 -17.1019 0.85304 -5.7068 -17.1019 0.85304 -5.7068 -16.43565 0.79699 -5.51608</float_array>
          <technique_common>
            <accessor source="#geometry_5973ae3f_4bf4_499b_9200_22853a285868-mesh-positions-array" count="370" stride="3">
              <param name="X" type="float"/>
              <param name="Y" type="float"/>
              <param name="Z" type="float"/>
            </accessor>
          </technique_common>
        </source>
        <source id="geometry_5973ae3f_4bf4_499b_9200_22853a285868-mesh-normals">
          <float_array id="geometry_5973ae3f_4bf4_499b_9200_22853a285868-mesh-normals-array" count="1500">-0.1436965 0.9691126 -0.2004304 -0.1381198 0.9748479 -0.1749131 -0.1394114 0.9726996 -0.1855265 -0.1522496 0.9590057 -0.2390148 -0.03587764 0.9971345 0.06660026 -0.02915269 0.9964218 0.0793327 -0.07597738 0.9970815 -0.007487356 0.03683793 0.9783939 0.2034416 0.04152119 0.9763199 0.2123099 0.1886614 0.8590993 0.4757682 0.2049106 0.8381207 0.5055349 0.267584 -0.9352527 0.2317351 0.2147746 -0.9669092 0.1376899 0.2428252 -0.9470062 0.2102745 0.2775651 -0.9164106 0.2883561 0.2447304 -0.9618574 0.1222188 0.2104565 -0.9776031 5.10768e-4 0.1755813 -0.9843695 0.01370412 0.4696849 0.01524716 0.8827025 0.4679367 -0.01634353 0.8836109 0.3263448 -0.806866 0.4924087 0.316473 -0.8258453 0.4667166 0.4696635 0.01566332 0.8827066 0.4678723 -0.01595973 0.883652 0.2948037 -0.8606745 0.415127 0.2028011 -0.9529353 0.2253576 0.1872196 -0.9636565 0.190565 0.1654583 -0.980442 0.1065692 0.2104411 -0.9518187 0.2230601 0.1232048 -0.9920935 -0.02390044 -0.07204449 0.9934348 -0.08886522 -0.08679616 0.9959493 -0.02348434 -0.08726859 0.9960083 -0.01875883 0.3439062 -0.8543852 0.3895567 0.3285019 -0.8703176 0.3669247 0.5859749 -0.02979046 0.8097815 0.1901913 -0.9708985 0.1455451 0.1696581 -0.9779376 0.1218777 0.1270153 -0.9918222 0.01248437 -0.1371427 0.9769876 -0.1633617 -0.1204828 0.9858232 -0.1167758 -0.1174886 0.9776219 -0.1745051 -0.1279537 0.9728791 -0.1927024 -0.1510205 0.9666593 -0.206791 -0.1156712 0.9883629 -0.09878885 -0.1070409 0.9914057 -0.07521486 -0.135388 0.9773616 -0.1625871 -0.1156669 0.9883632 -0.09878987 -0.1175133 0.9776219 -0.1744885 0.07872092 -0.9952183 -0.05782485 0.08066552 -0.9949893 -0.05907076 0.07705879 -0.9951604 -0.06097263 0.07684004 -0.9951798 -0.06093454 0.07871001 -0.9952201 -0.05780798 0.1053413 -0.9933063 -0.04739099 0.07872939 -0.9952225 -0.05774009 0.1126942 -0.9934719 0.01771318 0.08081853 -0.9949858 -0.05892062 -0.1070514 0.9914028 -0.07523775 -0.1237218 0.9836986 -0.1304988 -0.1367136 0.9817538 -0.1321699 -0.1291462 0.983554 -0.1262657 -0.07293832 0.9973257 -0.00465089 -0.1097615 0.9906712 -0.08076566 -0.1367391 0.9817497 -0.1321743 -0.1552509 0.9786517 -0.1346774 -0.1097832 0.9906653 -0.0808084 -0.1097624 0.99067 -0.08077812 0.4675831 -0.001995384 0.8839469 0.4677789 -0.008783459 0.8838019 0.4684084 -0.008665859 0.8834696 0.4684328 0 0.8834992 0.4664638 0 0.8845403 0.07946509 0.9563522 0.2812042 0.07819914 0.9573775 0.2780529 0.0786612 0.9570047 0.2792031 0.07866245 0.9570038 0.2792062 0.07994586 0.9559602 0.2823984 0.07948392 0.9563373 0.2812496 -0.9536582 -2.09765e-4 0.3008919 -0.9535794 0 0.3011417 -0.9536921 -2.99467e-4 0.3007848 -0.9538068 -6.01543e-4 0.3004201 -0.9539203 -8.95484e-4 0.3000587 -0.9537615 -4.83546e-4 0.3005642 -0.9538596 -0.008351981 0.3001372 -0.9540309 -0.01125937 0.2994968 -0.9537971 -0.011693 0.3002243 -0.953771 -0.01156848 0.3003116 -0.9533761 -0.009722948 0.301628 -0.9538564 -0.008372306 0.3001466 -0.9538621 -0.008358657 0.3001288 -0.9544247 -0.007355034 0.298361 -0.9540272 -0.01129525 0.2995069 0.4664788 0.005491673 0.8845154 0.4667256 0.002339541 0.8843991 0.4662167 0.01043927 0.8846091 0.0347644 0.975526 0.2171186 0.04359269 0.9713317 0.2336972 0.04158115 0.9714154 0.2337161 0.9996984 -0.02410572 -0.004706859 0.9998356 -0.0175327 -0.004623055 0.99981 -0.01942193 -0.00170654 0.9997073 -0.02341914 -0.006079018 0.9998511 -0.01534628 -0.007896363 0.9999977 -1.63739e-4 -0.002129375 0.9999905 -0.001757621 -0.003983199 0.9999982 0 -0.001937985 0.9999912 -0.001649975 -0.00387001 -0.9447444 -0.004059314 0.3277829 -0.9446457 -0.01568627 0.3277169 -0.9456541 -0.02156728 0.3244583 -0.9525499 0.03701484 0.3021237 -0.9537695 0.03156936 0.2988766 -0.9519726 0.03951287 0.303623 -0.9543278 0.0290156 0.2973494 -0.9997439 -0.02262997 -3.38801e-4 0.9997423 0.02270096 3.16249e-4 -0.3345558 -0.02254867 -0.9421062 -0.3329901 -0.05386155 -0.9413908 -0.05413079 0.3556249 -0.93306 -0.05383253 0.3789038 -0.923869 -0.05375868 0.3781489 -0.9241827 -0.164291 0.3651611 -0.9163329 -0.2110662 0.3642126 -0.9070835 -0.3434523 0.3838996 -0.857124 -0.3301043 0.5598854 -0.7599733 -0.3436678 0.5407252 -0.7677947 0.127671 -0.9831395 0.1309083 0.1365996 -0.9817798 0.1320948 0.1236423 -0.983739 0.1302703 0.1238996 -0.9836853 0.1304303 0.1277124 -0.9831331 0.1309159 0.1394114 -0.9726996 0.1855265 0.136816 -0.9750406 0.1748637 0.1497991 -0.9619011 0.2287059 0.1522496 -0.9590057 0.2390148 -0.05424553 0.3530728 -0.9340221 -0.9970731 -0.07624167 -0.005702316 -0.9997132 -0.02391105 0.001397192 -0.9975101 -0.07035011 -0.004943847 -0.3587782 0.5285985 -0.7693256 -0.9997558 -0.02203899 0.001652598 0.1335032 -0.9777171 0.1620075 0.1279549 -0.9787408 0.1602942 0.1312044 -0.978146 0.1612943 0.1494065 -0.9875544 -0.04913318 0.1776604 -0.9805724 -0.08315479 0.120567 -0.9915666 -0.04753357 0.1552699 -0.9838902 -0.0886076 0.1551018 -0.9841427 -0.08606171 0.1469165 -0.988054 -0.0465275 0.09397226 -0.9910206 -0.09511828 0.1761243 -0.9803996 -0.08829951 0.1774294 -0.9801936 -0.08797401 0.178243 -0.9799914 -0.08857893 0.1436965 0.9691125 -0.2004304 0.1522496 0.9590057 -0.2390148 0.1394114 0.9726996 -0.1855265 0.1381198 0.9748479 -0.1749131 0.074454 0.9972108 -0.005227446 0.07584857 0.9970904 -0.007603943 0.03402549 0.9971091 0.06793963 0.0485953 0.9979379 0.04193538 0.02915275 0.9964218 0.0793327 -0.03683793 0.9783939 0.2034416 -0.04152119 0.9763199 0.2123097 -0.1886613 0.8590996 0.4757677 -0.2049107 0.8381206 0.5055348 -0.267584 -0.9352527 0.2317352 -0.2775651 -0.9164106 0.2883561 -0.24609 -0.9471769 0.2056592 -0.220335 -0.9652259 0.1406827 -0.2447304 -0.9618574 0.1222188 -0.2104566 -0.9776031 5.10762e-4 -0.1755813 -0.9843695 0.01370412 -0.469695 0.01524913 0.8826971 -0.4679259 -0.01634448 0.8836166 -0.3263453 -0.8068653 0.4924097 -0.467898 -0.01595604 0.8836385 -0.469672 0.01566416 0.882702 -0.316473 -0.8258455 0.4667165 -0.2948034 -0.8606747 0.4151265 -0.1872195 -0.9636566 0.1905649 -0.2028009 -0.9529354 0.2253572 -0.1955543 -0.9577915 0.2106989 -0.1644771 -0.9805026 0.1075269 -0.1232047 -0.9920935 -0.02390044 -0.2364451 0.8886762 0.3928722 -0.1895426 0.9161129 0.3532856 -0.5860109 -0.03015518 0.8097419 0.05548298 0.9915115 0.1175867 0.01525497 0.994502 0.1036012 -0.236328 0.8887507 0.3927738 0.04379594 0.9990227 -0.005986809 0.08715045 0.9960252 -0.01840239 0.072277 0.9933929 -0.08914369 0.1070528 0.9914026 -0.07523816 0.1367128 0.981754 -0.13217 0.1237197 0.9836985 -0.1305016 0.1291462 0.983554 -0.1262657 0.1097542 0.9906718 -0.0807684 0.1367392 0.9817497 -0.1321737 0.1097813 0.9906654 -0.08081007 0.1552509 0.9786517 -0.1346774 0.1097605 0.9906702 -0.08077871 -0.4684328 0 0.8834992 -0.4682542 -0.01201188 0.8835123 -0.4677786 -0.008783519 0.8838021 -0.4669825 -0.00343424 0.8842599 -0.4664638 0 0.8845403 -0.07994586 0.9559602 0.2823983 -0.07819914 0.9573775 0.2780529 0.9537677 -0.002552151 0.3005343 0.9543527 -0.006401777 0.2986134 0.9537847 -5.44974e-4 0.3004904 0.953782 -5.39167e-4 0.3004989 0.9535795 0 0.3011414 0.9537584 -0.002615392 0.3005632 0.9537597 -0.002634704 0.3005589 0.9533762 -0.009722948 0.3016279 0.9538102 -0.01175671 0.3001798 0.9540264 -0.01130324 0.2995094 0.9543585 -0.006476819 0.2985933 -0.9996984 -0.0241056 -0.004707098 -0.99981 -0.01942193 -0.00170654 -0.9998338 -0.01761996 -0.00467962 -0.9997065 -0.02341002 -0.006262421 -0.9998511 -0.01534628 -0.007896363 -0.9999978 -1.28132e-4 -0.002096772 -0.9999905 -0.001757621 -0.003983199 -0.9999982 0 -0.001937985 -0.9999912 -0.001649737 -0.003870248 0.944767 -0.003975689 0.3277189 0.9446676 -0.01577186 0.3276499 0.9454953 -0.02061182 0.3249832 0.9448066 -0.0165733 0.3272092 0.9456541 -0.02156728 0.3244583 0.9525463 0.037027 0.3021333 0.9519726 0.03951287 0.303623 0.9537574 0.03161638 0.29891 0.9543144 0.02907913 0.2973862 0.9997439 -0.02262997 -3.38801e-4 -0.9997422 0.02270263 3.31902e-4 0.3329893 -0.05386322 -0.941391 0.3345541 -0.02253609 -0.9421071 0.05413079 0.3556249 -0.93306 0.05375868 0.378149 -0.9241827 0.05383253 0.3789038 -0.923869 0.2110661 0.3642127 -0.9070835 0.164291 0.365161 -0.9163329 0.3434522 0.3839001 -0.857124 0.3436677 0.5407253 -0.7677947 0.3301042 0.5598856 -0.7599733 -0.1277604 -0.9831261 0.1309217 -0.1239002 -0.983685 0.1304323 -0.1234994 -0.9837685 0.1301829 -0.1236392 -0.9837393 0.1302699 -0.1365979 -0.9817813 0.1320852 -0.127668 -0.98314 0.1309074 -0.1394114 -0.9726996 0.1855265 -0.1522496 -0.9590057 0.2390148 -0.1497991 -0.9619011 0.2287059 -0.136816 -0.9750406 0.1748637 0.05424553 0.3530728 -0.9340221 0.9971156 -0.07568746 -0.005659401 0.9974967 -0.0705403 -0.00495547 0.9997126 -0.02393579 0.001412391 0.3587782 0.5285985 -0.7693256 0.9997553 -0.02205699 0.00166887 -0.1312044 -0.9781459 0.1612948 -0.1279552 -0.9787407 0.1602938 -0.1334584 -0.9777255 0.1619933 -0.1335404 -0.9777101 0.1620184 -0.1353898 -0.9773616 0.1625853 -0.1311964 -0.9781475 0.1612915 -0.1494065 -0.9875544 -0.04913318 -0.1776605 -0.9805724 -0.08315479 -0.120567 -0.9915666 -0.04753357 -0.1469165 -0.988054 -0.0465275 -0.1551017 -0.9841427 -0.08606171 -0.1552699 -0.9838902 -0.0886076 -0.09397226 -0.9910206 -0.09511828 -0.1774294 -0.9801936 -0.08797401 -0.1761243 -0.9803996 -0.08829951 -0.178243 -0.9799914 -0.08857893 0.1090431 -0.9173181 0.3829323 -0.9818701 -0.133925 0.1341465 -0.6997683 -0.6828472 0.2098674 -0.982802 -0.1616485 0.08927577 -0.6751832 -0.7204025 0.1585809 0.9879328 0.1243422 0.09234684 0.9880675 0.08585727 0.1278721 0.8374776 -0.5058262 0.2068121 0.8384715 -0.5187723 0.1668564 0.1086561 -0.9173623 0.3829364 0.1129024 -0.9692165 0.2187978 0.112476 -0.969264 0.2188071 0.1145707 -0.9782208 0.1730832 0.1149566 -0.9781768 0.173076 0.1086438 -0.9430577 0.3143864 -0.9785816 -0.1788652 0.101909 -0.6782143 -0.7170238 0.1609422 -0.9856197 -0.161962 0.04818797 -0.6803842 -0.7253326 0.1047376 0.9915156 0.1177558 0.05505031 0.9951767 0.02293759 0.09537953 0.8199598 -0.5505066 0.1568714 0.8445876 -0.5236362 0.1117008 0.1082522 -0.9431133 0.3143544 0.1146477 -0.9790903 0.1680426 0.1142116 -0.9791441 0.1680259 0.1139878 -0.9859161 0.1223776 0.1143932 -0.9858699 0.1223714 0.1291449 -0.9467962 0.2947855 -0.9628987 -0.2554855 0.08691036 -0.6740522 -0.7270925 0.1303471 -0.9880363 -0.1424988 0.05897796 -0.736666 -0.6710324 0.08389711 0.9947294 0.01688891 0.1011356 0.8003705 -0.5815362 0.1456806 0.8744404 -0.4793749 0.0745235 0.9832993 0.1781533 0.0372042 0.1287814 -0.946847 0.2947816 0.07194012 -0.9876567 0.1391369 0.07155036 -0.9876869 0.1391235 0.0885728 -0.992721 0.08160847 0.08895099 -0.9926882 0.08159649 3.1673e-4 1.53261e-4 -1 3.46055e-4 1.14842e-4 -1 2.84766e-4 1.44592e-4 -1 3.08259e-4 1.43008e-4 -1 3.37128e-4 1.0988e-4 -1 2.81705e-4 1.37087e-4 -1 -4.86117e-7 0 -1 0 0 -1 -0.1090418 -0.917306 0.3829618 0.6997675 -0.6828479 0.209867 0.9818698 -0.1339272 0.1341465 0.982802 -0.1616479 0.08927571 0.6751837 -0.720402 0.158581 -0.987933 0.12434 0.0923469 -0.8384714 -0.5187723 0.1668565 -0.8374776 -0.5058262 0.2068122 -0.9880675 0.08585655 0.1278721 -0.1086573 -0.9173743 0.3829072 -0.112903 -0.9692158 0.2188009 -0.1124765 -0.9692643 0.2188058 -0.1145709 -0.9782225 0.1730731 -0.1149582 -0.9781749 0.1730855 -0.108642 -0.9430519 0.3144041 0.6782157 -0.7170233 0.1609383 0.9785818 -0.1788646 0.1019077 0.9856193 -0.1619644 0.04818797 0.6804031 -0.7253143 0.1047419 -0.9915104 0.1178013 0.0550462 -0.8446151 -0.5235934 0.1116926 -0.8199398 -0.5505362 0.1568715 -0.9951771 0.02292931 0.0953781 -0.108295 -0.9431199 0.31432 -0.1146217 -0.9790926 0.1680467 -0.1142538 -0.9791361 0.1680434 -0.1139741 -0.9859172 0.1223816 -0.1143805 -0.9858719 0.1223673 -0.1291435 -0.9467867 0.2948171 0.6740535 -0.7270907 0.1303504 0.9628987 -0.2554855 0.08691036 0.9880363 -0.1424988 0.05897796 0.7366853 -0.6710113 0.08389669 -0.9947287 0.01689106 0.1011412 -0.9832909 0.1781987 0.03720706 -0.8744579 -0.4793418 0.07453048 -0.8003688 -0.5815366 0.1456881 -0.1287828 -0.9468566 0.29475 -0.07194113 -0.9876588 0.1391215 -0.07154989 -0.987686 0.1391291 -0.08856868 -0.9927218 0.08160281 -0.08893144 -0.9926887 0.08161222 -3.1673e-4 1.53261e-4 -1 -3.46055e-4 1.14842e-4 -1 -2.84766e-4 1.44592e-4 -1 -3.08269e-4 1.43009e-4 -1 -3.3712e-4 1.09888e-4 -1 -3.64117e-4 9.71349e-5 -1 4.86117e-7 0 -1 -0.04363507 0.9990262 -0.006537914 -0.05855411 0.9911958 0.1187533 -0.01618266 0.9944539 0.1039214 0.2363985 0.8887347 0.3927677 0.1894801 0.9160214 0.3535565 0.585932 -0.03016281 0.8097987 -0.1270152 -0.9918223 0.01248431 -0.1696581 -0.9779377 0.1218773 -0.1901906 -0.9708988 0.1455441 -0.3439247 -0.854366 0.3895827 -0.3285112 -0.8703067 0.3669424 -0.5859515 -0.02983731 0.8097967 0.1448951 -0.9849293 0.09444516 0.4666569 0.003875136 0.88443 0.4668784 0 0.8843216 0.4667323 0.002247095 0.8843958 0.4667267 0.002332806 0.8843986 0.4665616 0.005491554 0.8844717 0.4666575 0.003865003 0.8844297 0.06064391 0.9614452 0.2682265 0.04183048 0.9714053 0.2337136 0.04345887 0.9713374 0.233699 0.04379415 0.9713234 0.2336946 -0.06721532 0.997443 0.02428537 -0.08723896 0.996012 -0.01869767 0.08784985 0.9958367 -0.02432531 0.1371498 0.9769885 -0.1633504 0.1214195 0.9858286 -0.1157556 0.1174755 0.9776238 -0.1745029 0.1510254 0.9666562 -0.2068021 0.1279528 0.9728778 -0.1927095 0.09864538 0.9931871 -0.06203782 -0.07868933 -0.9952193 -0.05785053 -0.07684183 -0.9951795 -0.06093466 -0.07711124 -0.9951559 -0.06098014 -0.08067095 -0.994989 -0.05906933 -0.07872849 -0.9952206 -0.05777561 -0.1053412 -0.9933063 -0.04739105 -0.07873302 -0.9952222 -0.05774086 -0.1126942 -0.9934719 0.01771247 -0.4663399 0.008477151 0.884565 -0.4662166 0.01043826 0.8846091 -0.4663978 0.007039964 0.8845472 -0.4664082 0.006843686 0.8845432 -0.4667249 0.002351343 0.8843994 -0.4663459 0.008376419 0.8845629 -0.04158115 0.9714153 0.2337163 -0.04359275 0.9713319 0.2336968 -0.03476405 0.9755262 0.2171178 -0.1448947 -0.9849294 0.09444403 -0.4666509 0.003959894 0.8844328 -0.4663482 0.008357822 0.8845618 -0.4667266 0.002332031 0.8843987 -0.466732 0.002247154 0.884396 -0.4668774 0 0.8843221 -0.4666529 0.003922998 0.8844318 -0.04379415 0.9713234 0.2336945 -0.04345887 0.9713374 0.2336986 -0.04183048 0.9714052 0.233714 -0.06064385 0.9614453 0.2682262 0.06721538 0.997443 0.02428543 0.1175406 0.9776225 -0.1744664 -0.08075451 -0.994987 -0.05898749 -0.04376423 0.9974116 0.05705183 0.02378976 0.9834842 0.1794245 0.1556688 0.8958258 0.4162495 0.4698429 0.04285705 0.8817092 0.4699065 0.04284644 0.8816757 0.4698176 0.04322201 0.8817048 -0.04745817 0.9980564 0.04038935 0.04374653 0.9974111 0.05707371 -0.02378976 0.9834842 0.1794244 -0.1556686 0.8958259 0.4162491 -0.469829 0.04285365 0.8817167 -0.4698417 0.0432223 0.8816921 0.1070412 0.9914056 -0.0752148 0.04377549 0.9974119 0.05703842 0.7128407 0.0843473 0.6962354 0.2235037 0.9398561 0.2582955 0.04151511 0.996518 0.07230824 0.940162 0.09875386 0.3261029 0.3221282 0.9387377 0.1224955 0.4549184 -0.8778828 0.1495697 0.9401386 0.09880656 0.3261544 0.7128284 0.0844326 0.6962376 0.3598778 -0.8917596 0.2743223 0.04046159 0.9991775 0.002704322 0.9944009 -0.03260546 0.1005172 0.2999478 0.9536642 -0.02358126 0.2910183 -0.9567086 0.004155158 0.9943848 -0.03300166 0.1005482 0.02560889 0.9981297 -0.05550915 -0.02418482 0.9923592 -0.1209899 0.1080207 -0.9940541 -0.01371645 -0.1354138 0.9729617 -0.1871062 0.09738433 -0.9941681 -0.04632776 -0.7128499 0.08444094 0.6962146 -0.3598791 -0.891759 0.2743227 -0.7128176 0.08429062 0.6962659 -0.2232978 0.9399048 0.2582968 -0.3221286 0.9387375 0.1224959 -0.9401523 0.09874552 0.3261333 -0.454915 -0.8778848 0.1495688 -0.9401449 0.09884071 0.3261259 -0.04134136 0.9964864 0.07284098 -0.04053777 0.9991745 0.002697169 -0.3000128 0.9536439 -0.0235747 -0.9943863 -0.03270256 0.1006312 -0.2909497 -0.9567294 0.004149258 -0.9943774 -0.03302121 0.1006147 -0.02560865 0.9981297 -0.05550897 0.02417302 0.9923595 -0.1209889 -0.1080089 -0.9940553 -0.01371741 0.1354142 0.9729616 -0.1871066 -0.09738433 -0.9941681 -0.04632782</float_array>
          <technique_common>
            <accessor source="#geometry_5973ae3f_4bf4_499b_9200_22853a285868-mesh-normals-array" count="500" stride="3">
              <param name="X" type="float"/>
              <param name="Y" type="float"/>
              <param name="Z" type="float"/>
            </accessor>
          </technique_common>
        </source>
        <source id="geometry_5973ae3f_4bf4_499b_9200_22853a285868-mesh-map-0">
          <float_array id="geometry_5973ae3f_4bf4_499b_9200_22853a285868-mesh-map-0-array" count="2616">0.84733 0.24944 0.78899 0.24944 0.78893 0.23403 0.78893 0.23403 0.84745 0.2341 0.84733 0.24944 0.7691 0.31041 0.75741 0.3043 0.75389 0.27987 0.75825 0.31157 0.75741 0.3043 0.7691 0.31041 0.7691 0.31041 0.76723 0.31629 0.75825 0.31157 0.75859 0.31672 0.75825 0.31157 0.76723 0.31629 0.76723 0.31629 0.76586 0.32059 0.75859 0.31672 0.43926 0.02363985 0.39004 0.05675995 0.39004 0.03219985 0.39004 0.03219985 0.43318 0.009319961 0.43926 0.02363985 0.43926 0.02363985 0.44013 0.04575985 0.39004 0.05675995 0.44022 0.06859999 0.39004 0.08323997 0.39004 0.05675995 0.39004 0.05675995 0.44013 0.04575985 0.44022 0.06859999 0.75835 0.31826 0.75859 0.31672 0.76586 0.32059 0.76586 0.32059 0.76542 0.32199 0.75835 0.31826 0.35861 0.04658997 0.35037 0.05096983 0.35113 0.04896998 0.35113 0.04896998 0.35819 0.04523998 0.35861 0.04658997 0.34289 0.05493986 0.35037 0.05096983 0.34979 0.05341982 0.34979 0.05341982 0.3429 0.05706 0.34289 0.05493986 0.39004 0.05675995 0.3452 0.07665997 0.3592 0.04845982 0.3592 0.04845982 0.39004 0.03219985 0.39004 0.05675995 0.39004 0.08323997 0.34125 0.10072 0.3452 0.07665997 0.3452 0.07665997 0.39004 0.05675995 0.39004 0.08323997 0.51665 0.1626999 0.58715 0.203 0.51989 0.17988 0.10984 0.17817 0.10943 0.17848 0.10943 0.177 0.10943 0.18023 0.10943 0.17848 0.10984 0.17817 0.10984 0.17817 0.11039 0.17976 0.10943 0.18023 0.10943 0.19178 0.10943 0.18023 0.11039 0.17976 0.58469 0.18698 0.58716 0.1910499 0.51665 0.1626999 0.58728 0.1759499 0.58469 0.18698 0.58469 0.17188 0.58469 0.17188 0.58723 0.17261 0.58728 0.1759499 0.5930001 0.1934 0.73182 0.24412 0.75389 0.27987 0.59801 0.1798599 0.5930001 0.1934 0.58728 0.1759499 0.17746 0.18007 0.1800299 0.17913 0.18 0.1946099 0.18 0.1946099 0.17746 0.19534 0.17746 0.18007 0.10943 0.2044799 0.10943 0.19178 0.17746 0.18007 0.17998 0.1606 0.1800299 0.17913 0.17746 0.18007 0.73182 0.24412 0.73691 0.23054 0.74636 0.23398 0.78899 0.24944 0.84733 0.24944 0.84612 0.26995 0.84254 0.32342 0.75389 0.27987 0.7488 0.24944 0.7488 0.24944 0.84612 0.26995 0.84254 0.32342 0.74636 0.23398 0.74885 0.23399 0.7488 0.24944 0.74636 0.23398 0.7488 0.24944 0.73182 0.24412 0.79726 0.33503 0.76643 0.31877 0.84041 0.35791 0.84041 0.35791 0.84041 0.35791 0.79726 0.33503 0.76643 0.31877 0.79726 0.33503 0.76643 0.31877 0.84107 0.348 0.84041 0.35791 0.76643 0.31877 0.76643 0.31877 0.7691 0.31041 0.84107 0.348 0.76643 0.31877 0.76643 0.31877 0.76584 0.32063 0.76584 0.32063 0.76542 0.32199 0.76643 0.31877 0.76643 0.31877 0.76586 0.32059 0.76723 0.31629 0.76723 0.31629 0.7691 0.31041 0.76643 0.31877 0.76643 0.31877 0.76542 0.32199 0.76586 0.32059 0.58717 0.22417 0.58719 0.2241899 0.51761 0.18747 0.51761 0.18747 0.51761 0.18747 0.58717 0.22417 0.51761 0.18747 0.51989 0.17988 0.58714 0.21511 0.58714 0.21511 0.58717 0.22417 0.51761 0.18747 0.75009 0.30729 0.75012 0.31017 0.75009 0.30048 0.7501 0.31219 0.75012 0.31017 0.75009 0.30729 0.75011 0.3139 0.75012 0.31017 0.7501 0.31219 0.75012 0.31229 0.75012 0.31017 0.75011 0.3139 0.75012 0.31017 0.75012 0.31017 0.75012 0.31229 0.51703 0.18911 0.51761 0.18747 0.51665 0.19023 0.51665 0.19023 0.51761 0.18747 0.51707 0.18906 0.51707 0.18906 0.51761 0.18747 0.51761 0.18747 0.51824 0.1852 0.51761 0.18747 0.51703 0.18911 0.51989 0.17988 0.51761 0.18747 0.51824 0.1852 0.51665 0.1627399 0.51665 0.1626999 0.51665 0.15236 0.58469 0.17188 0.58469 0.18698 0.58469 0.18716 0.10943 0.2044799 0.17746 0.18007 0.17746 0.18007 0.17746 0.18007 0.10943 0.2044799 0.10943 0.2044799 0.72812 0.16266 0.67508 0.1463299 0.68856 0.14116 0.68856 0.14116 0.67508 0.1463299 0.63246 0.13391 0.63246 0.13391 0.63678 0.12564 0.68856 0.14116 0.64504 0.1381199 0.72799 0.16237 0.73447 0.15442 0.73447 0.15442 0.63678 0.12564 0.64504 0.1381199 0.63678 0.12564 0.63246 0.13391 0.64504 0.1381199 0.7488 0.24944 0.74636 0.23398 0.73691 0.23054 0.73691 0.23054 0.73182 0.24412 0.7488 0.24944 0.74885 0.23399 0.74891 0.24939 0.80725 0.24939 0.80725 0.24939 0.80737 0.23405 0.74885 0.23399 0.68856 0.14116 0.73187 0.15409 0.72812 0.16266 0.58723 0.17261 0.58726 0.1881 0.58728 0.1759499 0.73067 0.16321 0.73447 0.15442 0.72799 0.16237 0.58728 0.1759499 0.58726 0.1881 0.58725 0.1909599 0.58728 0.1759499 0.58725 0.1909599 0.5930001 0.1934 0.38922 0.09832 0.34125 0.10072 0.39004 0.08323997 0.39004 0.08323997 0.44022 0.06859999 0.42585 0.08986997 0.39102 0.11709 0.44022 0.11423 0.44022 0.12108 0.44022 0.12108 0.39004 0.12108 0.39102 0.11709 0.39004 0.12108 0.38922 0.09832 0.39102 0.11709 0.38922 0.09832 0.39004 0.12108 0.33914 0.12108 0.1800299 0.17913 0.17998 0.1606 0.34125 0.10072 0.44022 0.06859999 0.44022 0.10518 0.43242 0.1026999 0.43242 0.1026999 0.4284 0.09174996 0.44022 0.06859999 0.4284 0.09174996 0.42585 0.08986997 0.44022 0.06859999 0.42585 0.08986997 0.38922 0.09832 0.39004 0.08323997 0.84612 0.26995 0.7488 0.24944 0.78899 0.24944 0.15271 0.24944 0.15259 0.2341 0.2111099 0.23403 0.2111099 0.23403 0.21105 0.24944 0.15271 0.24944 0.15749 0.32342 0.24615 0.27987 0.23094 0.31041 0.23094 0.31041 0.15896 0.348 0.15749 0.32342 0.23094 0.31041 0.24263 0.3043 0.2417899 0.31157 0.2417899 0.31157 0.2328 0.31629 0.23094 0.31041 0.2328 0.31629 0.2417899 0.31157 0.24145 0.31672 0.24145 0.31672 0.23418 0.32059 0.2328 0.31629 0.56077 0.02363985 0.56685 0.009319961 0.61 0.03219985 0.61 0.03219985 0.61 0.05675995 0.56077 0.02363985 0.56077 0.02363985 0.61 0.05675995 0.55991 0.04575985 0.55981 0.06859999 0.55991 0.04575985 0.61 0.05675995 0.61 0.05675995 0.61 0.08323997 0.55981 0.06859999 0.23418 0.32059 0.24145 0.31672 0.24169 0.31826 0.24169 0.31826 0.23462 0.32199 0.23418 0.32059 0.64142 0.04658997 0.64184 0.04523998 0.64891 0.04896998 0.64891 0.04896998 0.64966 0.05096983 0.64142 0.04658997 0.65714 0.05493986 0.65714 0.05706 0.65025 0.05341982 0.65025 0.05341982 0.64966 0.05096983 0.65714 0.05493986 0.64083 0.04845982 0.65025 0.05341982 0.65484 0.07665997 0.61 0.08323997 0.61 0.05675995 0.65484 0.07665997 0.65484 0.07665997 0.65878 0.10072 0.61 0.08323997 0.48301 0.18911 0.48338 0.18883 0.48338 0.19023 0.4818 0.1852 0.48338 0.1841199 0.48338 0.18883 0.48338 0.18883 0.48301 0.18911 0.4818 0.1852 0.48338 0.17862 0.48015 0.17988 0.48338 0.1626999 0.48015 0.17988 0.48338 0.17862 0.48338 0.1841199 0.48338 0.1841199 0.4818 0.1852 0.48015 0.17988 0.26822 0.24412 0.25368 0.23398 0.26312 0.23054 0.21105 0.24944 0.1539199 0.26995 0.15271 0.24944 0.15749 0.32342 0.25124 0.24944 0.24615 0.27987 0.25124 0.24944 0.15749 0.32342 0.1539199 0.26995 0.25368 0.23398 0.25124 0.24944 0.25119 0.23399 0.25368 0.23398 0.26822 0.24412 0.25124 0.24944 0.2027699 0.33503 0.15963 0.35791 0.15963 0.35791 0.15963 0.35791 0.23361 0.31877 0.2027699 0.33503 0.23361 0.31877 0.23361 0.31877 0.2027699 0.33503 0.15896 0.348 0.23094 0.31041 0.23361 0.31877 0.23361 0.31877 0.15963 0.35791 0.15896 0.348 0.23361 0.31877 0.23462 0.32199 0.2342 0.32063 0.2342 0.32063 0.23361 0.31877 0.23361 0.31877 0.23361 0.31877 0.23094 0.31041 0.2328 0.31629 0.2328 0.31629 0.23418 0.32059 0.23361 0.31877 0.23361 0.31877 0.23418 0.32059 0.23462 0.32199 0.24994 0.30729 0.2499499 0.30048 0.2499099 0.31017 0.24994 0.31219 0.24994 0.30729 0.2499099 0.31017 0.24993 0.3139 0.24994 0.31219 0.2499099 0.31017 0.24992 0.31229 0.24993 0.3139 0.2499099 0.31017 0.2499099 0.31017 0.24992 0.31229 0.2499099 0.31017 0.48301 0.18911 0.48338 0.19023 0.48242 0.18747 0.48338 0.19023 0.48297 0.18906 0.48242 0.18747 0.48297 0.18906 0.48242 0.18747 0.48242 0.18747 0.4818 0.1852 0.48301 0.18911 0.48242 0.18747 0.48015 0.17988 0.4818 0.1852 0.48242 0.18747 0.48338 0.1627399 0.48338 0.15236 0.48338 0.1626999 0.41535 0.17188 0.41535 0.18716 0.41535 0.18698 0.82257 0.18007 0.82257 0.18007 0.89061 0.2044799 0.89061 0.2044799 0.89061 0.2044799 0.82257 0.18007 0.7281 0.16267 0.68861 0.14116 0.67497 0.14634 0.68861 0.14116 0.63673 0.12566 0.63235 0.13401 0.63235 0.13401 0.67497 0.14634 0.68861 0.14116 0.64508 0.13811 0.63673 0.12566 0.73446 0.15444 0.73446 0.15444 0.72798 0.16237 0.64508 0.13811 0.63673 0.12566 0.64508 0.13811 0.63235 0.13401 0.25124 0.24944 0.26822 0.24412 0.26312 0.23054 0.26312 0.23054 0.25368 0.23398 0.25124 0.24944 0.25119 0.23399 0.19267 0.23405 0.19279 0.24939 0.19279 0.24939 0.25113 0.24939 0.25119 0.23399 0.68861 0.14116 0.7281 0.16267 0.73185 0.15409 0.41281 0.17261 0.41276 0.1759499 0.41278 0.1881 0.73067 0.1631799 0.72798 0.16237 0.73446 0.15444 0.41276 0.1759499 0.41279 0.1909599 0.41278 0.1881 0.40704 0.1934 0.41279 0.1909599 0.41276 0.1759499 0.41276 0.1759499 0.40202 0.1798599 0.40704 0.1934 0.61081 0.09832 0.61 0.08323997 0.65878 0.10072 0.61 0.08323997 0.57418 0.08986997 0.55981 0.06859999 0.60902 0.11709 0.61 0.12108 0.55981 0.12108 0.55981 0.12108 0.55981 0.11423 0.60902 0.11709 0.61 0.12108 0.60902 0.11709 0.61081 0.09832 0.61081 0.09832 0.6609 0.12108 0.61 0.12108 0.61081 0.09832 0.65878 0.10072 0.6609 0.12108 0.55981 0.06859999 0.56761 0.1026999 0.55981 0.10518 0.56761 0.1026999 0.55981 0.06859999 0.57163 0.09174996 0.57163 0.09174996 0.55981 0.06859999 0.57418 0.08986997 0.57418 0.08986997 0.61 0.08323997 0.61081 0.09832 0.1539199 0.26995 0.21105 0.24944 0.25124 0.24944 0.07916998 0.2459 0.09266996 0.2472 0.09265995 0.24904 0.10535 0.24637 0.10535 0.25098 0.09265995 0.24904 0.09265995 0.24904 0.09266996 0.2472 0.10535 0.24637 0.10537 0.2361699 0.09268999 0.23565 0.09268999 0.23382 0.09268999 0.23382 0.10537 0.23189 0.10537 0.2361699 0.09268999 0.23565 0.07919996 0.2369599 0.09268999 0.23382 0.07919996 0.2369599 0.09268999 0.23318 0.09268999 0.23382 0.07916998 0.2459 0.09265995 0.24904 0.09266996 0.24968 0.09265995 0.24904 0.10535 0.25098 0.10535 0.25188 0.10535 0.25188 0.09266996 0.24968 0.09265995 0.24904 0.09268999 0.23382 0.09268999 0.23318 0.10537 0.23098 0.10537 0.23098 0.10537 0.23189 0.09268999 0.23382 0.06449997 0.27894 0.08316999 0.28023 0.08316999 0.28245 0.09917998 0.27921 0.09917998 0.28417 0.08316999 0.28245 0.08316999 0.28245 0.08316999 0.28023 0.09917998 0.27921 0.09919995 0.26712 0.08331 0.26649 0.08331 0.2643 0.08331 0.2643 0.09919995 0.26258 0.09919995 0.26712 0.08331 0.26649 0.06452 0.26782 0.08331 0.2643 0.06452 0.26782 0.08324998 0.26367 0.08331 0.2643 0.06449997 0.27894 0.08316999 0.28245 0.08322995 0.28309 0.08322995 0.28309 0.08316999 0.28245 0.09917998 0.28417 0.09917998 0.28417 0.09917998 0.28509 0.08322995 0.28309 0.08331 0.2643 0.08324998 0.26367 0.09919995 0.26168 0.09919995 0.26168 0.09919995 0.26258 0.08331 0.2643 0.06941998 0.31293 0.08360999 0.31234 0.08360999 0.31488 0.09833997 0.31147 0.09833997 0.31615 0.08360999 0.31488 0.08360999 0.31488 0.08360999 0.31234 0.09833997 0.31147 0.08372998 0.30031 0.08372998 0.29741 0.09833997 0.2962 0.09833997 0.2962 0.09833997 0.3013 0.08372998 0.30031 0.08372998 0.30031 0.06941998 0.29957 0.08372998 0.29741 0.06941998 0.29957 0.08366996 0.29691 0.08372998 0.29741 0.06941998 0.31293 0.08360999 0.31488 0.08366996 0.31558 0.08360999 0.31488 0.09833997 0.31615 0.09833997 0.31739 0.09833997 0.31739 0.08366996 0.31558 0.08360999 0.31488 0.08372998 0.29741 0.08366996 0.29691 0.09833997 0.2951 0.09833997 0.2951 0.09833997 0.2962 0.08372998 0.29741 0.10537 0.23649 0.10537 0.2361699 0.10537 0.23189 0.10537 0.23189 0.10537 0.2361699 0.10537 0.23098 0.10537 0.23098 0.10537 0.2361699 0.10537 0.23189 0.09919995 0.26755 0.09919995 0.26712 0.09919995 0.26259 0.09919995 0.26259 0.09919995 0.26712 0.09919995 0.26168 0.09919995 0.26168 0.09919995 0.26712 0.09919995 0.26258 0.09833997 0.30188 0.09833997 0.3013 0.09833997 0.29635 0.09833997 0.29635 0.09833997 0.3013 0.09833997 0.2951 0.09833997 0.2951 0.09833997 0.3013 0.09833997 0.2962 0.10581 0.2381399 0.09231996 0.24129 0.09231996 0.23945 0.07962995 0.23862 0.09231996 0.23945 0.09231996 0.24129 0.09231996 0.24129 0.07962995 0.24322 0.07962995 0.23862 0.07959997 0.22841 0.07959997 0.22413 0.09228998 0.22606 0.09228998 0.22606 0.09228998 0.22789 0.07959997 0.22841 0.09228998 0.22789 0.09228998 0.22606 0.10578 0.2292 0.10578 0.2292 0.09228998 0.22606 0.09228998 0.22543 0.10581 0.2381399 0.09230995 0.2419199 0.09231996 0.24129 0.09231996 0.24129 0.09230995 0.2419199 0.07962995 0.24413 0.07962995 0.24413 0.07962995 0.24322 0.09231996 0.24129 0.09228998 0.22606 0.07959997 0.22413 0.07959997 0.2232199 0.07959997 0.2232199 0.09228998 0.22543 0.09228998 0.22606 0.12041 0.27007 0.10174 0.27358 0.10174 0.27136 0.08572995 0.27034 0.10174 0.27136 0.10174 0.27358 0.10174 0.27358 0.08572995 0.27531 0.08572995 0.27034 0.08570998 0.25826 0.08570998 0.25372 0.1016 0.25543 0.1016 0.25543 0.1016 0.25763 0.08570998 0.25826 0.1016 0.25763 0.1016 0.25543 0.1203899 0.25896 0.1203899 0.25896 0.1016 0.25543 0.10166 0.2548 0.12041 0.27007 0.10168 0.27422 0.10174 0.27358 0.10168 0.27422 0.08572995 0.27622 0.08572995 0.27531 0.08572995 0.27531 0.10174 0.27358 0.10168 0.27422 0.1016 0.25543 0.08570998 0.25372 0.08570998 0.25281 0.08570998 0.25281 0.10166 0.2548 0.1016 0.25543 0.11545 0.30513 0.10127 0.30708 0.10127 0.30454 0.08652997 0.30368 0.10127 0.30454 0.10127 0.30708 0.10127 0.30708 0.08652997 0.30835 0.08652997 0.30368 0.10115 0.29252 0.08653998 0.2935 0.08653998 0.28841 0.08653998 0.28841 0.10115 0.28962 0.10115 0.29252 0.10115 0.29252 0.10115 0.28962 0.11546 0.29177 0.11546 0.29177 0.10115 0.28962 0.1012099 0.28911 0.11545 0.30513 0.1012 0.30779 0.10127 0.30708 0.10127 0.30708 0.1012 0.30779 0.08652997 0.3096 0.08652997 0.3096 0.08652997 0.30835 0.10127 0.30708 0.10115 0.28962 0.08653998 0.28841 0.08653998 0.2873 0.08653998 0.2873 0.1012099 0.28911 0.10115 0.28962 0.07959997 0.22873 0.07959997 0.22413 0.07959997 0.22841 0.07959997 0.22413 0.07959997 0.2232199 0.07959997 0.22841 0.07959997 0.2232199 0.07959997 0.22413 0.07959997 0.22841 0.08570998 0.25869 0.08570998 0.25372 0.08570998 0.25826 0.08570998 0.25372 0.08570998 0.25281 0.08570998 0.25826 0.08570998 0.25281 0.08570998 0.25372 0.08570998 0.25826 0.08653998 0.29322 0.08653998 0.28855 0.08653998 0.2935 0.08653998 0.28855 0.08653998 0.2873 0.08653998 0.2935 0.08653998 0.2873 0.08653998 0.28841 0.08653998 0.2935 0.51665 0.1626999 0.51989 0.17988 0.51665 0.17862 0.51989 0.17988 0.51824 0.1852 0.51665 0.1841199 0.51665 0.1841199 0.51665 0.17862 0.51989 0.17988 0.51824 0.1852 0.51703 0.18911 0.51665 0.18883 0.51665 0.18883 0.51665 0.1841199 0.51824 0.1852 0.51665 0.18883 0.51703 0.18911 0.51665 0.19023 0.89061 0.19178 0.88965 0.17976 0.89061 0.18023 0.89061 0.18023 0.88965 0.17976 0.89019 0.17817 0.89019 0.17817 0.89061 0.17848 0.89061 0.18023 0.89061 0.17848 0.89019 0.17817 0.89061 0.177 0.17998 0.1606 0.10943 0.19178 0.11039 0.17976 0.11039 0.17976 0.17997 0.14304 0.17998 0.1606 0.58715 0.203 0.51665 0.1626999 0.58716 0.1910499 0.75012 0.31017 0.75012 0.31017 0.58719 0.2241899 0.58719 0.2241899 0.58717 0.22417 0.75012 0.31017 0.75009 0.30048 0.75012 0.31017 0.58717 0.22417 0.58717 0.22417 0.58714 0.21511 0.75009 0.30048 0.58714 0.21511 0.51989 0.17988 0.58715 0.203 0.58728 0.1759499 0.5930001 0.1934 0.58716 0.1910499 0.58469 0.18698 0.58728 0.1759499 0.58716 0.1910499 0.48338 0.1626999 0.48015 0.17988 0.41289 0.203 0.41535 0.18698 0.48338 0.1626999 0.41287 0.1910499 0.41276 0.1759499 0.41281 0.17261 0.41535 0.17188 0.41535 0.17188 0.41535 0.18698 0.41276 0.1759499 0.24615 0.27987 0.40704 0.1934 0.41287 0.1910499 0.41287 0.1910499 0.41289 0.203 0.24615 0.27987 0.82257 0.18007 0.82257 0.19534 0.82003 0.1946099 0.82003 0.1946099 0.82 0.17913 0.82257 0.18007 0.89061 0.2044799 0.82257 0.18007 0.89061 0.19178 0.89061 0.19178 0.82257 0.18007 0.82005 0.1606 0.41287 0.22417 0.48242 0.18747 0.48242 0.18747 0.48242 0.18747 0.41285 0.2241899 0.41287 0.22417 0.48242 0.18747 0.41287 0.22417 0.4129 0.21511 0.4129 0.21511 0.48015 0.17988 0.48242 0.18747 0.82005 0.1606 0.82007 0.14304 0.88965 0.17976 0.88965 0.17976 0.89061 0.19178 0.82005 0.1606 0.41289 0.203 0.41287 0.1910499 0.48338 0.1626999 0.2499099 0.31017 0.41287 0.22417 0.41285 0.2241899 0.41285 0.2241899 0.2499099 0.31017 0.2499099 0.31017 0.2499499 0.30048 0.4129 0.21511 0.41287 0.22417 0.41287 0.22417 0.2499099 0.31017 0.2499499 0.30048 0.4129 0.21511 0.41289 0.203 0.48015 0.17988 0.41276 0.1759499 0.41287 0.1910499 0.40704 0.1934 0.41535 0.18698 0.41287 0.1910499 0.41276 0.1759499 0.17746 0.18007 0.10943 0.19178 0.17998 0.1606 0.82257 0.18007 0.82 0.17913 0.82005 0.1606 0.58714 0.21511 0.58715 0.203 0.75389 0.27987 0.75389 0.27987 0.75009 0.30048 0.58714 0.21511 0.75009 0.30729 0.75009 0.30048 0.75741 0.3043 0.75741 0.3043 0.75825 0.31157 0.75009 0.30729 0.7501 0.31219 0.75009 0.30729 0.75825 0.31157 0.75825 0.31157 0.75859 0.31672 0.7501 0.31219 0.75011 0.3139 0.7501 0.31219 0.75859 0.31672 0.75859 0.31672 0.75835 0.31826 0.75011 0.3139 0.35037 0.05096983 0.34289 0.05493986 0.34288 0.05331999 0.34288 0.05331999 0.35113 0.04896998 0.35037 0.05096983 0.35037 0.05096983 0.35861 0.04658997 0.3592 0.04845982 0.3592 0.04845982 0.34979 0.05341982 0.35037 0.05096983 0.3452 0.07665997 0.17998 0.1606 0.17997 0.14304 0.17997 0.14304 0.3429 0.05706 0.3452 0.07665997 0.34125 0.10072 0.17998 0.1606 0.3452 0.07665997 0.34125 0.10072 0.38922 0.09832 0.33914 0.12108 0.34125 0.10072 0.33914 0.12108 0.1800299 0.17913 0.3429 0.05706 0.34979 0.05341982 0.3452 0.07665997 0.73182 0.24412 0.7488 0.24944 0.75389 0.27987 0.58715 0.203 0.58716 0.1910499 0.5930001 0.1934 0.5930001 0.1934 0.75389 0.27987 0.58715 0.203 0.75389 0.27987 0.75741 0.3043 0.75009 0.30048 0.75389 0.27987 0.84254 0.32342 0.84107 0.348 0.84107 0.348 0.7691 0.31041 0.75389 0.27987 0.24615 0.27987 0.2499499 0.30048 0.24263 0.3043 0.24263 0.3043 0.2499499 0.30048 0.24994 0.30729 0.24994 0.30729 0.2417899 0.31157 0.24263 0.3043 0.2417899 0.31157 0.24994 0.30729 0.24994 0.31219 0.24994 0.31219 0.24145 0.31672 0.2417899 0.31157 0.24145 0.31672 0.24994 0.31219 0.24993 0.3139 0.24993 0.3139 0.24169 0.31826 0.24145 0.31672 0.65715 0.05331999 0.65714 0.05493986 0.64966 0.05096983 0.64966 0.05096983 0.64891 0.04896998 0.65715 0.05331999 0.64083 0.04845982 0.64142 0.04658997 0.64966 0.05096983 0.64966 0.05096983 0.65025 0.05341982 0.64083 0.04845982 0.82007 0.14304 0.82005 0.1606 0.65484 0.07665997 0.65484 0.07665997 0.65714 0.05706 0.82007 0.14304 0.65484 0.07665997 0.82005 0.1606 0.65878 0.10072 0.65878 0.10072 0.82 0.17913 0.6609 0.12108 0.65878 0.10072 0.82005 0.1606 0.82 0.17913 0.65484 0.07665997 0.65025 0.05341982 0.65714 0.05706 0.24615 0.27987 0.26822 0.24412 0.40704 0.1934 0.24615 0.27987 0.41289 0.203 0.4129 0.21511 0.4129 0.21511 0.2499499 0.30048 0.24615 0.27987 0.24615 0.27987 0.25124 0.24944 0.26822 0.24412 0.24615 0.27987 0.24263 0.3043 0.23094 0.31041 0.65484 0.07665997 0.61 0.05675995 0.61 0.03219985 0.61 0.03219985 0.64083 0.04845982 0.65484 0.07665997 0.3452 0.07665997 0.34979 0.05341982 0.3592 0.04845982 0.50874 0.18458 0.50961 0.18358 0.51665 0.18883 0.51665 0.18883 0.51665 0.19023 0.50874 0.18458 0.50961 0.18358 0.51197 0.18093 0.51665 0.1841199 0.51665 0.1841199 0.51665 0.18883 0.50961 0.18358 0.50874 0.18458 0.50328 0.1764 0.50431 0.1761299 0.50431 0.1761299 0.50961 0.18358 0.50874 0.18458 0.09714996 0.19112 0.09605997 0.19082 0.10151 0.18265 0.10151 0.18265 0.10242 0.1837 0.09714996 0.19112 0.50961 0.18358 0.50431 0.1761299 0.50793 0.17522 0.50793 0.17522 0.51197 0.18093 0.50961 0.18358 0.50328 0.1764 0.50166 0.16082 0.50265 0.1612 0.50265 0.1612 0.50431 0.1761299 0.50328 0.1764 0.09544998 0.2062799 0.09443998 0.2064 0.09605997 0.19082 0.09605997 0.19082 0.09714996 0.19112 0.09544998 0.2062799 0.50431 0.1761299 0.50265 0.1612 0.50468 0.16149 0.50468 0.16149 0.50793 0.17522 0.50431 0.1761299 0.50793 0.17522 0.50468 0.16149 0.51665 0.1626999 0.51665 0.1626999 0.51665 0.17862 0.50793 0.17522 0.51665 0.1841199 0.51197 0.18093 0.51665 0.17862 0.10943 0.19178 0.09544998 0.2062799 0.09714996 0.19112 0.09544998 0.2062799 0.10943 0.19178 0.10943 0.2044799 0.50166 0.16082 0.50149 0.14802 0.50265 0.1612 0.09544998 0.2062799 0.09425997 0.21921 0.09443998 0.2064 0.50265 0.1612 0.50149 0.14802 0.50468 0.16149 0.50149 0.14802 0.51665 0.15236 0.51665 0.1626999 0.51665 0.1626999 0.50468 0.16149 0.50149 0.14802 0.10943 0.21487 0.09425997 0.21921 0.09544998 0.2062799 0.09544998 0.2062799 0.10943 0.2044799 0.10943 0.21487 0.89852 0.18265 0.89761 0.1837 0.89061 0.17848 0.89061 0.17848 0.89061 0.177 0.89852 0.18265 0.89761 0.1837 0.89061 0.18023 0.89061 0.17848 0.4913 0.18458 0.49043 0.18358 0.49572 0.1761299 0.49572 0.1761299 0.49675 0.1764 0.4913 0.18458 0.90288 0.19112 0.89761 0.1837 0.89852 0.18265 0.89852 0.18265 0.90398 0.19082 0.90288 0.19112 0.49043 0.18358 0.48807 0.18093 0.49211 0.17522 0.49211 0.17522 0.49572 0.1761299 0.49043 0.18358 0.49675 0.1764 0.49572 0.1761299 0.49739 0.1612 0.49739 0.1612 0.49837 0.16082 0.49675 0.1764 0.90458 0.2062799 0.90288 0.19112 0.90398 0.19082 0.90398 0.19082 0.9056 0.2064 0.90458 0.2062799 0.49572 0.1761299 0.49211 0.17522 0.49536 0.16149 0.49536 0.16149 0.49739 0.1612 0.49572 0.1761299 0.89061 0.19178 0.89061 0.18023 0.89761 0.1837 0.89761 0.1837 0.90288 0.19112 0.89061 0.19178 0.89061 0.19178 0.90288 0.19112 0.90458 0.2062799 0.90458 0.2062799 0.89061 0.2044799 0.89061 0.19178 0.49837 0.16082 0.49739 0.1612 0.49855 0.14802 0.90458 0.2062799 0.9056 0.2064 0.90577 0.21921 0.49739 0.1612 0.49536 0.16149 0.49855 0.14802 0.49855 0.14802 0.49536 0.16149 0.48338 0.1626999 0.48338 0.1626999 0.48338 0.15236 0.49855 0.14802 0.89061 0.21487 0.89061 0.2044799 0.90458 0.2062799 0.90458 0.2062799 0.90577 0.21921 0.89061 0.21487 0.10943 0.19178 0.09714996 0.19112 0.10242 0.1837 0.10242 0.1837 0.10943 0.18023 0.10943 0.19178 0.10943 0.18023 0.10242 0.1837 0.10943 0.17848 0.10943 0.17848 0.10242 0.1837 0.10151 0.18265 0.10151 0.18265 0.10943 0.177 0.10943 0.17848 0.51197 0.18093 0.50793 0.17522 0.51665 0.17862 0.49211 0.17522 0.48338 0.17862 0.48338 0.1626999 0.48338 0.1626999 0.49536 0.16149 0.49211 0.17522 0.48338 0.17862 0.49211 0.17522 0.48807 0.18093 0.48338 0.1841199 0.48807 0.18093 0.49043 0.18358 0.49043 0.18358 0.48338 0.18883 0.48338 0.1841199 0.48338 0.18883 0.49043 0.18358 0.4913 0.18458 0.4913 0.18458 0.48338 0.19023 0.48338 0.18883 0.48807 0.18093 0.48338 0.1841199 0.48338 0.17862</float_array>
          <technique_common>
            <accessor source="#geometry_5973ae3f_4bf4_499b_9200_22853a285868-mesh-map-0-array" count="1308" stride="2">
              <param name="S" type="float"/>
              <param name="T" type="float"/>
            </accessor>
          </technique_common>
        </source>
        <vertices id="geometry_5973ae3f_4bf4_499b_9200_22853a285868-mesh-vertices">
          <input semantic="POSITION" source="#geometry_5973ae3f_4bf4_499b_9200_22853a285868-mesh-positions"/>
        </vertices>
        <triangles material="mat_0-material" count="436">
          <input semantic="VERTEX" source="#geometry_5973ae3f_4bf4_499b_9200_22853a285868-mesh-vertices" offset="0"/>
          <input semantic="NORMAL" source="#geometry_5973ae3f_4bf4_499b_9200_22853a285868-mesh-normals" offset="1"/>
          <input semantic="TEXCOORD" source="#geometry_5973ae3f_4bf4_499b_9200_22853a285868-mesh-map-0" offset="2" set="0"/>
          <p>0 0 0 1 1 1 2 2 2 2 2 3 3 3 4 0 0 5 4 4 6 5 5 7 6 6 8 7 7 9 5 5 10 4 4 11 4 4 12 8 8 13 7 7 14 9 9 15 7 7 16 8 8 17 8 8 18 10 10 19 9 9 20 11 11 21 12 12 22 13 13 23 13 13 24 14 14 25 11 11 26 11 11 27 15 15 28 12 12 29 16 16 30 17 17 31 12 12 32 12 12 33 15 15 34 16 16 35 18 18 36 9 9 37 10 10 38 10 10 39 19 19 40 18 18 41 20 20 42 21 21 43 22 22 44 22 22 45 23 23 46 20 20 47 24 24 48 21 21 49 25 25 50 25 25 51 26 26 52 24 24 53 12 12 54 27 27 55 28 28 56 28 28 57 13 13 58 12 12 59 17 17 60 29 29 61 27 27 62 27 27 63 12 12 64 17 17 65 30 30 66 31 31 67 32 32 68 33 33 69 34 34 70 35 35 71 36 36 72 34 34 73 33 33 74 33 33 75 37 37 76 36 36 77 38 38 78 36 36 79 37 37 80 39 39 81 40 40 82 30 30 83 41 41 84 39 39 85 42 42 86 42 42 87 43 43 88 41 41 89 44 44 90 45 45 91 6 6 92 46 46 93 44 47 94 41 48 95 47 49 96 48 50 97 49 51 98 49 52 99 50 52 100 47 53 101 51 54 102 38 38 103 47 55 104 52 56 105 48 57 106 47 55 107 45 58 108 53 59 109 54 60 110 1 1 111 0 0 112 55 61 113 56 62 114 6 6 115 57 63 116 57 63 117 55 61 118 56 62 119 54 64 120 58 65 121 57 66 122 54 60 123 57 67 124 45 58 125 59 68 126 60 69 127 61 70 128 61 70 129 62 71 130 59 68 131 60 69 132 59 68 133 63 72 134 64 73 135 61 74 136 60 75 137 60 76 138 4 77 139 64 78 140 60 79 141 63 80 142 65 81 143 65 82 144 19 83 145 60 84 146 60 85 147 10 86 148 8 87 149 8 88 150 4 89 151 60 90 152 60 91 153 19 92 154 10 93 155 66 94 156 67 95 157 68 94 158 68 96 159 69 96 160 66 96 161 69 97 162 32 97 163 70 97 164 70 98 165 66 99 166 69 99 167 71 100 168 72 101 169 73 102 170 74 103 171 72 101 172 71 100 173 75 104 174 72 101 175 74 103 176 76 105 177 72 106 178 75 106 179 77 107 180 72 108 181 76 107 182 78 109 183 69 109 184 79 109 185 79 110 186 69 110 187 80 110 188 80 111 189 69 111 190 68 111 191 81 112 192 69 113 193 78 114 194 32 115 195 69 113 196 81 112 197 82 116 198 30 116 199 83 116 200 42 117 201 39 117 202 84 117 203 85 118 204 86 118 205 87 118 206 87 119 207 88 119 208 85 119 209 89 120 210 90 121 211 91 122 212 91 122 213 90 121 214 92 123 215 92 123 216 93 124 217 91 122 218 94 125 219 95 126 220 96 127 221 96 127 222 93 124 223 94 125 224 93 124 225 92 123 226 94 125 227 57 128 228 54 129 229 53 130 230 53 131 231 45 131 232 57 132 233 97 133 234 98 134 235 99 135 236 99 135 237 100 136 238 97 133 239 91 122 240 101 137 241 89 120 242 43 138 243 102 139 244 41 140 245 103 141 246 96 127 247 95 126 248 41 140 249 102 139 250 104 142 251 41 143 252 104 144 253 44 145 254 105 146 255 29 29 256 17 17 257 17 17 258 16 16 259 106 147 260 107 148 261 108 149 262 109 150 263 109 150 264 110 151 265 107 148 266 110 151 267 105 146 268 107 148 269 105 146 270 110 151 271 111 152 272 48 57 273 52 56 274 29 29 275 16 16 276 112 153 277 113 154 278 113 154 279 114 155 280 16 16 281 114 155 282 106 147 283 16 16 284 106 147 285 105 146 286 17 17 287 55 61 288 57 63 289 1 1 290 115 156 291 116 157 292 117 158 293 117 158 294 118 159 295 115 156 296 119 160 297 120 161 298 121 162 299 121 162 300 122 163 301 119 160 302 121 162 303 123 164 304 124 165 305 124 165 306 125 166 307 121 162 308 125 166 309 124 165 310 126 167 311 126 167 312 127 168 313 125 166 314 128 169 315 129 170 316 130 171 317 130 171 318 131 172 319 128 169 320 128 169 321 131 172 322 132 173 323 133 174 324 132 173 325 131 172 326 131 172 327 134 175 328 133 174 329 127 168 330 126 167 331 135 176 332 135 176 333 136 177 334 127 168 335 137 178 336 138 179 337 139 180 338 139 180 339 140 181 340 137 178 341 141 182 342 142 183 343 143 184 344 143 184 345 140 181 346 141 182 347 144 185 348 143 184 349 145 186 350 134 175 351 131 172 352 145 186 353 145 186 354 146 187 355 134 175 356 147 188 357 148 189 358 149 190 359 150 191 360 151 192 361 148 189 362 148 189 363 147 193 364 150 191 365 152 194 366 153 195 367 154 196 368 153 195 369 152 194 370 151 192 371 151 192 372 150 191 373 153 195 374 155 197 375 156 198 376 157 199 377 118 159 378 158 200 379 115 156 380 119 160 381 159 201 382 120 161 383 159 201 384 119 160 385 158 200 386 156 202 387 159 203 388 160 204 389 156 198 390 155 197 391 159 205 392 161 206 393 162 206 394 163 206 395 163 207 396 164 208 397 161 209 398 164 208 399 165 210 400 161 209 401 122 211 402 121 211 403 164 211 404 164 212 405 163 212 406 122 212 407 164 213 408 136 214 409 166 215 410 166 216 411 165 217 412 164 218 413 164 219 414 121 220 415 125 221 416 125 221 417 127 222 418 164 219 419 164 219 420 127 222 421 136 223 422 167 224 423 168 225 424 169 226 425 170 227 426 167 224 427 169 226 428 171 228 429 170 227 430 169 226 431 172 229 432 171 230 433 169 230 434 173 231 435 172 231 436 169 232 437 147 233 438 149 233 439 174 233 440 149 234 441 175 235 442 174 236 443 175 235 444 176 237 445 174 236 446 150 238 447 147 239 448 174 240 449 153 241 450 150 238 451 174 240 452 177 242 453 178 242 454 154 242 455 179 243 456 180 243 457 181 243 458 182 244 459 183 244 460 184 244 461 184 245 462 185 245 463 182 245 464 186 246 465 187 247 466 188 248 467 187 247 468 189 249 469 190 250 470 190 250 471 188 248 472 187 247 473 191 251 474 189 249 475 192 252 476 192 252 477 193 253 478 191 251 479 189 249 480 191 251 481 190 250 482 159 254 483 155 255 484 157 256 485 157 257 486 156 258 487 159 259 488 194 260 489 195 261 490 196 262 491 196 262 492 197 263 493 194 260 494 187 247 495 186 246 496 198 264 497 199 265 498 200 266 499 201 267 500 202 268 501 193 253 502 192 252 503 200 266 504 203 269 505 201 267 506 204 270 507 203 271 508 200 272 509 200 273 510 205 274 511 204 275 512 206 276 513 134 175 514 146 187 515 134 175 516 207 277 517 133 174 518 208 278 519 209 279 520 210 280 521 210 280 522 211 281 523 208 278 524 209 279 525 208 278 526 206 276 527 206 276 528 212 282 529 209 279 530 206 276 531 146 187 532 212 282 533 133 174 534 213 283 535 214 284 536 213 283 537 133 174 538 215 285 539 215 285 540 133 174 541 207 277 542 207 277 543 134 175 544 206 276 545 158 200 546 118 159 547 159 201 548 216 286 549 217 287 550 218 288 551 219 289 552 220 290 553 218 288 554 218 288 555 217 287 556 219 289 557 221 291 558 222 292 559 223 293 560 223 293 561 224 294 562 221 291 563 222 292 564 225 295 565 223 293 566 225 295 567 226 296 568 223 293 569 216 286 570 218 288 571 227 297 572 218 288 573 220 290 574 228 298 575 228 298 576 227 297 577 218 288 578 223 293 579 226 296 580 229 299 581 229 299 582 224 294 583 223 293 584 230 300 585 231 301 586 232 302 587 233 303 588 234 304 589 232 302 590 232 302 591 231 301 592 233 303 593 235 305 594 236 306 595 237 307 596 237 307 597 238 308 598 235 305 599 236 306 600 239 309 601 237 307 602 239 309 603 240 310 604 237 307 605 230 300 606 232 302 607 241 311 608 241 311 609 232 302 610 234 304 611 234 304 612 242 312 613 241 311 614 237 307 615 240 310 616 243 313 617 243 313 618 238 308 619 237 307 620 244 314 621 245 315 622 246 316 623 247 317 624 248 318 625 246 316 626 246 316 627 245 315 628 247 317 629 249 319 630 250 320 631 251 321 632 251 321 633 252 322 634 249 319 635 249 319 636 253 323 637 250 320 638 253 323 639 254 324 640 250 320 641 244 314 642 246 316 643 255 325 644 246 316 645 248 318 646 256 326 647 256 326 648 255 325 649 246 316 650 250 320 651 254 324 652 257 327 653 257 327 654 251 321 655 250 320 656 258 328 657 221 328 658 259 328 659 259 329 660 221 329 661 229 329 662 229 330 663 221 330 664 224 330 665 260 331 666 235 331 667 261 331 668 261 332 669 235 332 670 243 332 671 243 333 672 235 333 673 238 333 674 262 334 675 252 334 676 263 334 677 263 335 678 252 335 679 257 335 680 257 335 681 252 335 682 251 335 683 264 336 684 265 337 685 266 338 686 267 339 687 266 338 688 265 337 689 265 337 690 268 340 691 267 339 692 269 341 693 270 342 694 271 343 695 271 343 696 272 344 697 269 341 698 272 344 699 271 343 700 273 345 701 273 345 702 271 343 703 274 346 704 264 336 705 275 347 706 265 337 707 265 337 708 275 347 709 276 348 710 276 348 711 268 340 712 265 337 713 271 343 714 270 342 715 277 349 716 277 349 717 274 346 718 271 343 719 278 350 720 279 351 721 280 352 722 281 353 723 280 352 724 279 351 725 279 351 726 282 354 727 281 353 728 283 355 729 284 356 730 285 357 731 285 357 732 286 358 733 283 355 734 286 358 735 285 357 736 287 359 737 287 359 738 285 357 739 288 360 740 278 350 741 289 361 742 279 351 743 289 361 744 290 362 745 282 354 746 282 354 747 279 351 748 289 361 749 285 357 750 284 356 751 291 363 752 291 363 753 288 360 754 285 357 755 292 364 756 293 365 757 294 366 758 295 367 759 294 366 760 293 365 761 293 365 762 296 368 763 295 367 764 297 369 765 298 370 766 299 371 767 299 371 768 300 372 769 297 369 770 297 369 771 300 372 772 301 373 773 301 373 774 300 372 775 302 374 776 292 364 777 303 375 778 293 365 779 293 365 780 303 375 781 304 376 782 304 376 783 296 368 784 293 365 785 300 372 786 299 371 787 305 377 788 305 377 789 302 374 790 300 372 791 306 378 792 307 378 793 269 378 794 307 379 795 277 379 796 269 379 797 277 380 798 270 380 799 269 380 800 308 381 801 309 381 802 283 381 803 309 382 804 291 382 805 283 382 806 291 383 807 284 383 808 283 383 809 310 384 810 311 384 811 298 384 812 311 335 813 305 335 814 298 335 815 305 335 816 299 335 817 298 335 818 30 30 819 32 32 820 312 385 821 32 32 822 81 386 823 313 387 824 313 387 825 312 385 826 32 32 827 81 386 828 78 388 829 314 389 830 314 389 831 313 387 832 81 386 833 314 389 834 78 388 835 79 390 836 315 391 837 316 392 838 317 393 839 317 393 840 316 392 841 318 394 842 318 394 843 319 395 844 317 393 845 319 395 846 318 394 847 320 396 848 52 56 849 38 38 850 37 37 851 37 37 852 321 397 853 52 56 854 31 31 855 30 30 856 40 40 857 72 398 858 77 399 859 67 400 860 67 401 861 66 402 862 72 403 863 73 404 864 72 404 865 66 404 866 66 405 867 70 406 868 73 407 869 70 408 870 32 409 871 31 31 872 41 41 873 44 44 874 40 40 875 39 39 876 41 41 877 40 40 878 154 196 879 153 195 880 322 410 881 181 411 882 154 196 883 323 412 884 200 413 885 199 414 886 179 415 887 179 415 888 181 411 889 200 413 890 120 161 891 204 416 892 323 412 893 323 412 894 322 410 895 120 161 896 183 417 897 324 418 898 325 418 899 325 419 900 326 420 901 183 421 902 184 422 903 183 423 904 315 391 905 315 391 906 183 423 907 327 424 908 328 425 909 174 426 910 176 427 911 176 428 912 329 429 913 328 430 914 174 431 915 328 431 916 330 432 917 330 433 918 153 433 919 174 433 920 327 424 921 331 434 922 316 392 923 316 392 924 315 391 925 327 424 926 322 410 927 323 412 928 154 196 929 169 435 930 328 436 931 329 437 932 329 438 933 173 439 934 169 440 935 168 441 936 330 442 937 328 443 938 328 444 939 169 444 940 168 444 941 330 445 942 322 410 943 153 195 944 200 446 945 323 412 946 204 416 947 181 411 948 323 412 949 200 413 950 47 55 951 38 38 952 52 56 953 183 423 954 326 447 955 327 424 956 70 408 957 31 31 958 6 6 959 6 6 960 73 448 961 70 408 962 71 449 963 73 448 964 5 5 965 5 5 966 7 7 967 71 449 968 74 450 969 71 449 970 7 7 971 7 7 972 9 9 973 74 450 974 75 451 975 74 450 976 9 9 977 9 9 978 18 18 979 75 452 980 21 21 981 24 24 982 332 453 983 332 453 984 22 22 985 21 21 986 21 21 987 20 20 988 28 28 989 28 28 990 25 25 991 21 21 992 27 27 993 52 56 994 321 397 995 321 397 996 26 26 997 27 27 998 29 29 999 52 56 1000 27 27 1001 29 29 1002 105 146 1003 111 152 1004 29 29 1005 111 152 1006 48 57 1007 26 26 1008 25 25 1009 27 27 1010 45 45 1011 57 63 1012 6 6 1013 31 31 1014 40 40 1015 44 44 1016 44 44 1017 6 6 1018 31 31 1019 6 6 1020 5 5 1021 73 448 1022 6 6 1023 56 62 1024 64 454 1025 64 454 1026 4 4 1027 6 6 1028 120 161 1029 168 455 1030 123 164 1031 123 164 1032 168 455 1033 167 456 1034 167 456 1035 124 165 1036 123 164 1037 124 165 1038 167 456 1039 170 457 1040 170 457 1041 126 167 1042 124 165 1043 126 167 1044 170 457 1045 171 458 1046 171 458 1047 135 176 1048 126 167 1049 333 459 1050 141 182 1051 140 181 1052 140 181 1053 139 180 1054 333 459 1055 144 185 1056 137 178 1057 140 181 1058 140 181 1059 143 184 1060 144 185 1061 331 434 1062 327 424 1063 145 186 1064 145 186 1065 142 183 1066 331 434 1067 145 186 1068 327 424 1069 146 187 1070 146 187 1071 326 447 1072 212 282 1073 146 187 1074 327 424 1075 326 447 1076 145 186 1077 143 184 1078 142 183 1079 120 161 1080 155 460 1081 204 416 1082 120 161 1083 322 410 1084 330 445 1085 330 445 1086 168 461 1087 120 161 1088 120 161 1089 159 201 1090 155 460 1091 120 161 1092 123 164 1093 121 162 1094 145 186 1095 131 172 1096 130 171 1097 130 171 1098 144 185 1099 145 186 1100 27 27 1101 25 25 1102 28 28 1103 334 462 1104 335 463 1105 314 389 1106 314 389 1107 79 390 1108 334 462 1109 335 463 1110 336 464 1111 313 387 1112 313 387 1113 314 389 1114 335 463 1115 334 462 1116 337 465 1117 338 466 1118 338 466 1119 335 463 1120 334 462 1121 339 467 1122 340 468 1123 341 469 1124 341 469 1125 342 470 1126 339 467 1127 335 463 1128 338 466 1129 343 471 1130 343 471 1131 336 464 1132 335 463 1133 337 465 1134 344 472 1135 345 473 1136 345 473 1137 338 466 1138 337 465 1139 346 474 1140 347 475 1141 340 468 1142 340 468 1143 339 467 1144 346 474 1145 338 466 1146 345 473 1147 348 476 1148 348 476 1149 343 471 1150 338 466 1151 343 471 1152 348 476 1153 30 30 1154 30 30 1155 312 385 1156 343 471 1157 313 387 1158 336 464 1159 312 385 1160 38 38 1161 346 474 1162 339 467 1163 346 474 1164 38 38 1165 51 54 1166 344 472 1167 349 477 1168 345 473 1169 346 474 1170 350 478 1171 347 475 1172 345 473 1173 349 477 1174 348 476 1175 349 477 1176 83 479 1177 30 30 1178 30 30 1179 348 476 1180 349 477 1181 351 480 1182 350 478 1183 346 474 1184 346 474 1185 51 54 1186 351 480 1187 352 481 1188 353 482 1189 319 395 1190 319 395 1191 320 396 1192 352 481 1193 353 482 1194 317 393 1195 319 395 1196 354 483 1197 355 484 1198 356 485 1199 356 485 1200 357 486 1201 354 483 1202 358 487 1203 353 482 1204 352 481 1205 352 481 1206 359 488 1207 358 487 1208 355 484 1209 360 489 1210 361 490 1211 361 490 1212 356 485 1213 355 484 1214 357 486 1215 356 485 1216 362 491 1217 362 491 1218 363 492 1219 357 486 1220 364 493 1221 358 487 1222 359 488 1223 359 488 1224 365 494 1225 364 493 1226 356 485 1227 361 490 1228 366 495 1229 366 495 1230 362 491 1231 356 485 1232 315 391 1233 317 393 1234 353 482 1235 353 482 1236 358 487 1237 315 391 1238 315 391 1239 358 487 1240 364 493 1241 364 493 1242 184 422 1243 315 391 1244 363 492 1245 362 491 1246 367 496 1247 364 493 1248 365 494 1249 368 497 1250 362 491 1251 366 495 1252 367 496 1253 367 496 1254 366 495 1255 154 196 1256 154 196 1257 178 498 1258 367 496 1259 369 499 1260 184 422 1261 364 493 1262 364 493 1263 368 497 1264 369 499 1265 38 38 1266 339 467 1267 342 470 1268 342 470 1269 36 36 1270 38 38 1271 36 36 1272 342 470 1273 34 34 1274 34 34 1275 342 470 1276 341 469 1277 341 469 1278 35 35 1279 34 34 1280 336 464 1281 343 471 1282 312 385 1283 361 490 1284 152 194 1285 154 196 1286 154 196 1287 366 495 1288 361 490 1289 152 194 1290 361 490 1291 360 489 1292 151 192 1293 360 489 1294 355 484 1295 355 484 1296 148 189 1297 151 192 1298 148 189 1299 355 484 1300 354 483 1301 354 483 1302 149 190 1303 148 189 1304 360 489 1305 151 192 1306 152 194 1307</p>
        </triangles>
      </mesh>
    </geometry>
    <geometry id="geometry_8f26a0c9_9373_49ef_94c2_904e8748336d-mesh" name="geometry_8f26a0c9_9373_49ef_94c2_904e8748336d">
      <mesh>
        <source id="geometry_8f26a0c9_9373_49ef_94c2_904e8748336d-mesh-positions">
          <float_array id="geometry_8f26a0c9_9373_49ef_94c2_904e8748336d-mesh-positions-array" count="21">-2.05146 -1.03663 -0.007669985 -2.01334 -1.12865 -0.007669985 -2.14347 -0.99852 -0.007669985 -2.23549 -1.03663 -0.007669985 -2.2736 -1.12865 -0.007669985 -2.05146 -1.22066 -0.007669985 -2.14347 -0.99852 -0.007669985</float_array>
          <technique_common>
            <accessor source="#geometry_8f26a0c9_9373_49ef_94c2_904e8748336d-mesh-positions-array" count="7" stride="3">
              <param name="X" type="float"/>
              <param name="Y" type="float"/>
              <param name="Z" type="float"/>
            </accessor>
          </technique_common>
        </source>
        <source id="geometry_8f26a0c9_9373_49ef_94c2_904e8748336d-mesh-normals">
          <float_array id="geometry_8f26a0c9_9373_49ef_94c2_904e8748336d-mesh-normals-array" count="0"/>
          <technique_common>
            <accessor source="#geometry_8f26a0c9_9373_49ef_94c2_904e8748336d-mesh-normals-array" count="0" stride="3">
              <param name="X" type="float"/>
              <param name="Y" type="float"/>
              <param name="Z" type="float"/>
            </accessor>
          </technique_common>
        </source>
        <vertices id="geometry_8f26a0c9_9373_49ef_94c2_904e8748336d-mesh-vertices">
          <input semantic="POSITION" source="#geometry_8f26a0c9_9373_49ef_94c2_904e8748336d-mesh-positions"/>
        </vertices>
        <lines count="5">
          <input semantic="VERTEX" source="#geometry_8f26a0c9_9373_49ef_94c2_904e8748336d-mesh-vertices" offset="0"/>
          <p>0 1 0 2 2 3 3 4 1 5</p>
        </lines>
      </mesh>
    </geometry>
    <geometry id="geometry_edc8905a_7240_4c64_8218_b73a9b3c969d-mesh" name="geometry_edc8905a_7240_4c64_8218_b73a9b3c969d">
      <mesh>
        <source id="geometry_edc8905a_7240_4c64_8218_b73a9b3c969d-mesh-positions">
          <float_array id="geometry_edc8905a_7240_4c64_8218_b73a9b3c969d-mesh-positions-array" count="108">-6.17523 0.09764999 0.99784 -13.33512 0.67796 -2.75591 -13.33512 0.65414 -2.47552 -6.175011 0.05994999 1.29749 -16.41698 0.88358 -3.8993 -13.33512 0.61676 -2.27071 -16.36309 0.90542 -4.07111 -16.43435 0.83919 -3.84977 -13.33512 0.56502 -2.20707 -16.43435 0.83919 -3.84977 -16.41718 0.79593 -3.90136 -13.33512 0.51739 -2.27092 -13.33512 0.56502 -2.20707 -16.39363 0.7739 -3.97143 -13.33512 0.49505 -2.35668 -16.41687 0.8462 -3.9033 -16.29047 0.91749 -4.30533 -16.41718 0.79593 -3.90136 -16.39363 0.7739 -3.97143 -6.17522 -0.05884999 1.51681 -6.17463 -0.00315994 1.5132 -6.17422 -0.06845998 1.58846 -6.17384 -0.12979 1.51746 -6.17366 -0.15789 1.42421 -16.41687 0.8462 -3.9033 -16.29047 0.91749 -4.30533 -13.33512 0.67796 -2.75591 -13.33512 0.57387 -2.27237 -13.33512 0.49505 -2.35668 -16.39363 0.7739 -3.97143 -6.17384 -0.12979 1.51746 -6.17422 -0.06845998 1.58846 -6.17366 -0.15789 1.42421 -6.17523 0.09764999 0.99784 -6.17522 -0.05884999 1.51681 -6.17366 -0.15789 1.42421</float_array>
          <technique_common>
            <accessor source="#geometry_edc8905a_7240_4c64_8218_b73a9b3c969d-mesh-positions-array" count="36" stride="3">
              <param name="X" type="float"/>
              <param name="Y" type="float"/>
              <param name="Z" type="float"/>
            </accessor>
          </technique_common>
        </source>
        <source id="geometry_edc8905a_7240_4c64_8218_b73a9b3c969d-mesh-normals">
          <float_array id="geometry_edc8905a_7240_4c64_8218_b73a9b3c969d-mesh-normals-array" count="153">0.01686257 0.9921147 0.1241937 0.03766137 0.9957411 0.08415126 0.01316279 0.9911554 0.1320521 -0.03681951 0.9732289 0.2268703 -0.10813 0.9292476 0.35328 -0.1399124 0.9010294 0.4105738 0.03174763 0.995003 0.0946635 -0.4674747 0.02296793 0.883708 -0.468685 0.001856863 0.8833634 -0.467367 0.0232951 0.8837565 -0.2794342 -0.8831296 0.3768271 -0.2947354 -0.8632149 0.4098672 -0.468653 0.002204895 0.8833796 -0.2076991 -0.9509665 0.2291805 -0.2157291 -0.9449517 0.2460231 -0.9518076 0.01468229 -0.3063442 -0.9535051 0.02938157 -0.2999413 -0.9550912 0.03312242 -0.2944551 -0.9551013 0.03306591 -0.2944287 -0.9509162 0.009055852 -0.3093163 -0.9491198 -0.006370604 -0.3148509 -0.9509156 0.00904572 -0.3093184 -0.9518047 0.0146411 -0.3063554 -0.9484808 -0.006469786 -0.3167688 0.9999477 0.001939713 -0.01004147 0.9999911 -0.004047691 -0.001239418 0.9999887 -0.004535675 -0.001503884 0.9999058 -0.01111793 -0.008043944 0.9998921 0.006741702 -0.01305699 0.9997923 0.01938629 -0.006291091 0.9998041 0.01940494 -0.003917336 0.01120144 -0.9846012 -0.1744567 0.01007902 -0.9851292 -0.1715194 0.02647668 -0.9776011 -0.2087945 0.02970105 -0.9768454 -0.2118753 0.384157 0.6951315 -0.6076312 0.3925178 0.6716635 -0.6283294 0.3922752 0.6719395 -0.6281859 0.3922078 0.672158 -0.6279941 0.3839896 0.6956068 -0.6071928 0.3840741 0.6953681 -0.6074129 0.04632663 0.9967616 0.06572872 -0.203346 0.8289396 0.5210659 -0.4702759 -0.0306496 0.8819871 -0.3323134 -0.8049654 0.4915266 -0.4701446 -0.0303114 0.8820688 -0.2323263 -0.9314499 0.2800457 0.06704068 -0.9558875 -0.2859805 0.06803137 -0.9551961 -0.288049 0.4068672 0.6272857 -0.6640571 0.406767 0.6276276 -0.6637953</float_array>
          <technique_common>
            <accessor source="#geometry_edc8905a_7240_4c64_8218_b73a9b3c969d-mesh-normals-array" count="51" stride="3">
              <param name="X" type="float"/>
              <param name="Y" type="float"/>
              <param name="Z" type="float"/>
            </accessor>
          </technique_common>
        </source>
        <source id="geometry_edc8905a_7240_4c64_8218_b73a9b3c969d-mesh-map-0">
          <float_array id="geometry_edc8905a_7240_4c64_8218_b73a9b3c969d-mesh-map-0-array" count="228">0.2499499 0.30048 0.4129 0.21511 0.41289 0.22149 0.41289 0.22149 0.2499499 0.30729 0.2499499 0.30048 0.48302 0.18911 0.41289 0.22614 0.41289 0.22149 0.41289 0.22149 0.4818 0.1852 0.48302 0.18911 0.48339 0.19023 0.41287 0.22759 0.41289 0.22614 0.41289 0.22614 0.48302 0.18911 0.48339 0.19023 0.89061 0.177 0.8902 0.17817 0.82008 0.14109 0.82008 0.14109 0.82009 0.13964 0.89061 0.177 0.8902 0.17817 0.88965 0.17976 0.82007 0.14304 0.82007 0.14304 0.82008 0.14109 0.8902 0.17817 0.483 0.18901 0.48302 0.18911 0.4818 0.1852 0.4818 0.1852 0.48016 0.17988 0.483 0.18901 0.48339 0.19023 0.48302 0.18911 0.483 0.18901 0.48298 0.18906 0.48339 0.19023 0.483 0.18901 0.483 0.18901 0.48243 0.18747 0.48298 0.18906 0.2499499 0.31228 0.2499499 0.30048 0.2499499 0.30729 0.2499499 0.30729 0.24994 0.31219 0.2499499 0.31228 0.24994 0.31219 0.24993 0.3139 0.2499499 0.31228 0.24993 0.3139 0.24992 0.31229 0.2499499 0.31228 0.24992 0.31229 0.24992 0.31017 0.2499499 0.31228 0.44104 0.52501 0.44356 0.52834 0.51114 0.52833 0.51114 0.52833 0.51139 0.52493 0.44104 0.52501 0.44104 0.52501 0.51139 0.52493 0.51166 0.52254 0.51166 0.52254 0.44195 0.52255 0.44104 0.52501 0.4129 0.21511 0.48016 0.17988 0.4818 0.1852 0.4818 0.1852 0.41289 0.22149 0.4129 0.21511 0.41289 0.22614 0.24994 0.31219 0.2499499 0.30729 0.2499499 0.30729 0.41289 0.22149 0.41289 0.22614 0.41287 0.22759 0.24993 0.3139 0.24994 0.31219 0.24994 0.31219 0.41289 0.22614 0.41287 0.22759 0.65715 0.05493986 0.65715 0.05331999 0.82009 0.13964 0.82009 0.13964 0.82008 0.14109 0.65715 0.05493986 0.65714 0.05706 0.65715 0.05493986 0.82008 0.14109 0.82008 0.14109 0.82007 0.14304 0.65714 0.05706 0.67485 0.5283 0.67485 0.52474 0.51139 0.52493 0.51139 0.52493 0.51114 0.52833 0.67485 0.5283 0.51139 0.52493 0.67485 0.52474 0.67488 0.52249 0.67488 0.52249 0.51166 0.52254 0.51139 0.52493</float_array>
          <technique_common>
            <accessor source="#geometry_edc8905a_7240_4c64_8218_b73a9b3c969d-mesh-map-0-array" count="114" stride="2">
              <param name="S" type="float"/>
              <param name="T" type="float"/>
            </accessor>
          </technique_common>
        </source>
        <vertices id="geometry_edc8905a_7240_4c64_8218_b73a9b3c969d-mesh-vertices">
          <input semantic="POSITION" source="#geometry_edc8905a_7240_4c64_8218_b73a9b3c969d-mesh-positions"/>
        </vertices>
        <triangles material="mat_0-material" count="38">
          <input semantic="VERTEX" source="#geometry_edc8905a_7240_4c64_8218_b73a9b3c969d-mesh-vertices" offset="0"/>
          <input semantic="NORMAL" source="#geometry_edc8905a_7240_4c64_8218_b73a9b3c969d-mesh-normals" offset="1"/>
          <input semantic="TEXCOORD" source="#geometry_edc8905a_7240_4c64_8218_b73a9b3c969d-mesh-map-0" offset="2" set="0"/>
          <p>0 0 0 1 1 1 2 2 2 2 2 3 3 3 4 0 0 5 4 4 6 5 5 7 2 2 8 2 2 9 6 6 10 4 4 11 7 7 12 8 8 13 5 5 14 5 5 15 4 4 16 7 7 17 9 9 18 10 10 19 11 11 20 11 11 21 12 12 22 9 9 23 10 10 24 13 13 25 14 14 26 14 14 27 11 11 28 10 10 29 15 15 30 4 16 31 6 17 32 6 17 33 16 18 34 15 15 35 7 19 36 4 16 37 15 15 38 17 20 39 7 21 40 15 22 41 15 22 42 18 23 43 17 20 44 19 24 45 0 25 46 3 26 47 3 26 48 20 27 49 19 24 50 20 27 51 21 28 52 19 24 53 21 28 54 22 29 55 19 24 56 22 29 57 23 30 58 19 24 59 24 31 60 25 32 61 26 33 62 26 33 63 27 34 64 24 31 65 24 35 66 27 36 67 28 37 68 28 38 69 29 39 70 24 40 71 1 1 72 16 41 73 6 6 74 6 6 75 2 2 76 1 1 77 5 5 78 20 42 79 3 3 80 3 3 81 2 2 82 5 5 83 8 8 84 21 43 85 20 42 86 20 42 87 5 5 88 8 8 89 30 44 90 31 45 91 12 12 92 12 12 93 11 11 94 30 44 95 32 46 96 30 44 97 11 11 98 11 11 99 14 14 100 32 46 101 33 47 102 34 48 103 27 34 104 27 34 105 26 33 106 33 47 107 27 36 108 34 49 109 35 50 110 35 50 111 28 37 112 27 36 113</p>
        </triangles>
      </mesh>
    </geometry>
    <geometry id="geometry_fb2f23bb_64a7_4a1b_91d4_1658661ed5a0-mesh" name="geometry_fb2f23bb_64a7_4a1b_91d4_1658661ed5a0">
      <mesh>
        <source id="geometry_fb2f23bb_64a7_4a1b_91d4_1658661ed5a0-mesh-positions">
          <float_array id="geometry_fb2f23bb_64a7_4a1b_91d4_1658661ed5a0-mesh-positions-array" count="186">-4.79581 -1.580608 4.117975 -5.2874 -0.7291379 4.117975 -6.2706 -0.7291379 4.117975 -6.76219 -1.580608 4.117975 -6.27059 -2.432078 4.117975 -5.28741 -2.432078 4.117975 -6.06559 -1.580948 4.102795 -5.936729 -1.580948 4.400725 -5.9156 -1.502078 4.400725 -6.02719 -1.437648 4.102795 -5.85786 -1.444348 4.400725 -5.92229 -1.332758 4.102795 -5.779 -1.423218 4.400725 -5.779 -1.294358 4.102795 -5.70014 -1.444348 4.400725 -5.635709 -1.332758 4.102795 -5.6424 -1.502078 4.400725 -5.530809 -1.437648 4.102785 -5.62127 -1.580948 4.400725 -5.49241 -1.580948 4.102785 -5.6424 -1.659808 4.400725 -5.530809 -1.724238 4.102795 -5.70014 -1.717538 4.400725 -5.635709 -1.829138 4.102795 -5.779 -1.738678 4.400725 -5.779 -1.867538 4.102795 -5.85786 -1.717538 4.400725 -5.92229 -1.829138 4.102795 -5.9156 -1.659808 4.400725 -6.02719 -1.724238 4.102795 -5.779 -1.580948 4.579285 6.2706 -2.432078 4.117975 6.76219 -1.580608 4.117975 6.2706 -0.7291379 4.117975 5.2874 -0.7291379 4.117975 4.79581 -1.580608 4.117975 5.2874 -2.432078 4.117975 6.06559 -1.580948 4.102795 6.02719 -1.437648 4.102795 5.9156 -1.502078 4.400725 5.936729 -1.580948 4.400725 5.92229 -1.332758 4.102795 5.85786 -1.444348 4.400725 5.779 -1.294358 4.102795 5.779 -1.423218 4.400725 5.635709 -1.332758 4.102785 5.70014 -1.444348 4.400725 5.530809 -1.437648 4.102785 5.6424 -1.502078 4.400725 5.49241 -1.580948 4.102785 5.62127 -1.580948 4.400725 5.530809 -1.724238 4.102785 5.6424 -1.659808 4.400725 5.635709 -1.829138 4.102785 5.70014 -1.717538 4.400725 5.779 -1.867538 4.102795 5.779 -1.738678 4.400725 5.92229 -1.829138 4.102795 5.85786 -1.717538 4.400725 6.02719 -1.724238 4.102795 5.9156 -1.659808 4.400725 5.779 -1.580948 4.579285</float_array>
          <technique_common>
            <accessor source="#geometry_fb2f23bb_64a7_4a1b_91d4_1658661ed5a0-mesh-positions-array" count="62" stride="3">
              <param name="X" type="float"/>
              <param name="Y" type="float"/>
              <param name="Z" type="float"/>
            </accessor>
          </technique_common>
        </source>
        <source id="geometry_fb2f23bb_64a7_4a1b_91d4_1658661ed5a0-mesh-normals">
          <float_array id="geometry_fb2f23bb_64a7_4a1b_91d4_1658661ed5a0-mesh-normals-array" count="153">0 0 1 -0.9178301 -2.08251e-5 0.3969735 -0.8512675 -1.86088e-5 0.5247321 -0.7372069 0.4256491 0.524737 -0.7948523 0.458944 0.3969638 -0.425602 0.7372381 0.5247313 -0.4589034 0.7948775 0.3969603 -3.75098e-7 0.8512672 0.5247327 1.25557e-5 0.9178301 0.3969736 0.4256028 0.7372433 0.5247234 0.4589371 0.7948532 0.3969699 0.7372077 0.4256568 0.5247296 0.7948687 0.4589174 0.3969616 0.8512688 -1.1448e-5 0.5247299 0.9178354 -4.36997e-6 0.3969613 0.7372074 -0.4256513 0.5247346 0.7948632 -0.4589232 0.396966 0.4256421 -0.737218 0.5247272 0.4589102 -0.7948646 0.3969781 5.07657e-6 -0.8512648 0.5247365 -7.55853e-6 -0.9178258 0.3969835 -0.4256517 -0.7372128 0.5247266 -0.4589407 -0.7948468 0.3969789 -0.7372083 -0.4256626 0.5247239 -0.7948536 -0.4589315 0.396976 -1.02224e-6 -1.08947e-5 1 0.91783 -2.0731e-5 0.3969737 0.7948521 0.458944 0.396964 0.7372069 0.425649 0.5247371 0.8512673 -1.86239e-5 0.5247322 0.4589031 0.7948775 0.3969605 0.4256017 0.7372383 0.5247313 -3.14985e-5 0.9178302 0.3969733 -2.21535e-6 0.8512683 0.5247308 -0.4589366 0.7948578 0.3969615 -0.4256017 0.7372461 0.5247203 -0.7948608 0.4589329 0.3969596 -0.7372075 0.4256569 0.5247298 -0.9178352 -2.19436e-5 0.3969618 -0.8512701 -1.52909e-5 0.5247278 -0.7948592 -0.4589369 0.3969582 -0.7372092 -0.425656 0.5247283 -0.4589303 -0.7948583 0.3969674 -0.4256438 -0.7372197 0.5247233 -9.85832e-6 -0.917827 0.3969807 -5.15587e-6 -0.8512649 0.5247364 0.4589404 -0.7948468 0.396979 0.4256516 -0.7372128 0.5247266 0.7948534 -0.4589314 0.3969762 0.7372081 -0.4256628 0.5247242 1.04447e-6 -1.08947e-5 1</float_array>
          <technique_common>
            <accessor source="#geometry_fb2f23bb_64a7_4a1b_91d4_1658661ed5a0-mesh-normals-array" count="51" stride="3">
              <param name="X" type="float"/>
              <param name="Y" type="float"/>
              <param name="Z" type="float"/>
            </accessor>
          </technique_common>
        </source>
        <source id="geometry_fb2f23bb_64a7_4a1b_91d4_1658661ed5a0-mesh-map-0">
          <float_array id="geometry_fb2f23bb_64a7_4a1b_91d4_1658661ed5a0-mesh-map-0-array" count="480">0.69587 0.35331 0.71519 0.38678 0.75384 0.38678 0.75384 0.38678 0.77317 0.35331 0.75384 0.31984 0.69587 0.35331 0.75384 0.38678 0.75384 0.31984 0.71519 0.31984 0.69587 0.35331 0.75384 0.31984 0.74578 0.35291 0.7420001 0.35291 0.7410001 0.35665 0.7410001 0.35665 0.74427 0.35854 0.74578 0.35291 0.7410001 0.35665 0.73826 0.35939 0.74015 0.36266 0.74015 0.36266 0.74427 0.35854 0.7410001 0.35665 0.73826 0.35939 0.73452 0.36039 0.73452 0.36417 0.73452 0.36417 0.74015 0.36266 0.73826 0.35939 0.73452 0.36039 0.73078 0.35939 0.72888 0.36266 0.72888 0.36266 0.73452 0.36417 0.73452 0.36039 0.73078 0.35939 0.72804 0.35665 0.72476 0.35854 0.72476 0.35854 0.72888 0.36266 0.73078 0.35939 0.72804 0.35665 0.72704 0.35291 0.72325 0.35291 0.72325 0.35291 0.72476 0.35854 0.72804 0.35665 0.72704 0.35291 0.72804 0.34917 0.72476 0.34728 0.72476 0.34728 0.72325 0.35291 0.72704 0.35291 0.72804 0.34917 0.73078 0.34643 0.72888 0.34315 0.72888 0.34315 0.72476 0.34728 0.72804 0.34917 0.73078 0.34643 0.73452 0.34543 0.73452 0.34164 0.73452 0.34164 0.72888 0.34315 0.73078 0.34643 0.73452 0.34543 0.73826 0.34643 0.74015 0.34315 0.74015 0.34315 0.73452 0.34164 0.73452 0.34543 0.73826 0.34643 0.7410001 0.34917 0.74427 0.34728 0.74427 0.34728 0.74015 0.34315 0.73826 0.34643 0.7420001 0.35291 0.74578 0.35291 0.74427 0.34728 0.74427 0.34728 0.7410001 0.34917 0.7420001 0.35291 0.7410001 0.35665 0.7420001 0.35291 0.73452 0.35291 0.73826 0.35939 0.7410001 0.35665 0.73452 0.35291 0.73452 0.36039 0.73826 0.35939 0.73452 0.35291 0.73078 0.35939 0.73452 0.36039 0.73452 0.35291 0.72804 0.35665 0.73078 0.35939 0.73452 0.35291 0.72704 0.35291 0.72804 0.35665 0.73452 0.35291 0.72804 0.34917 0.72704 0.35291 0.73452 0.35291 0.73078 0.34643 0.72804 0.34917 0.73452 0.35291 0.73452 0.34543 0.73078 0.34643 0.73452 0.35291 0.73826 0.34643 0.73452 0.34543 0.73452 0.35291 0.7410001 0.34917 0.73826 0.34643 0.73452 0.35291 0.7420001 0.35291 0.7410001 0.34917 0.73452 0.35291 0.71519 0.31984 0.69587 0.35331 0.71519 0.38678 0.71519 0.38678 0.75384 0.38678 0.77317 0.35331 0.71519 0.31984 0.71519 0.38678 0.77317 0.35331 0.75384 0.31984 0.71519 0.31984 0.77317 0.35331 0.72325 0.35291 0.72476 0.35854 0.72804 0.35665 0.72804 0.35665 0.72704 0.35291 0.72325 0.35291 0.72804 0.35665 0.72476 0.35854 0.72888 0.36266 0.72888 0.36266 0.73078 0.35939 0.72804 0.35665 0.73078 0.35939 0.72888 0.36266 0.73452 0.36417 0.73452 0.36417 0.73452 0.36039 0.73078 0.35939 0.73452 0.36039 0.73452 0.36417 0.74015 0.36266 0.74015 0.36266 0.73826 0.35939 0.73452 0.36039 0.73826 0.35939 0.74015 0.36266 0.74427 0.35854 0.74427 0.35854 0.7410001 0.35665 0.73826 0.35939 0.7410001 0.35665 0.74427 0.35854 0.74578 0.35291 0.74578 0.35291 0.7420001 0.35291 0.7410001 0.35665 0.7420001 0.35291 0.74578 0.35291 0.74427 0.34728 0.74427 0.34728 0.7410001 0.34917 0.7420001 0.35291 0.7410001 0.34917 0.74427 0.34728 0.74015 0.34315 0.74015 0.34315 0.73826 0.34643 0.7410001 0.34917 0.73826 0.34643 0.74015 0.34315 0.73452 0.34164 0.73452 0.34164 0.73452 0.34543 0.73826 0.34643 0.73452 0.34543 0.73452 0.34164 0.72888 0.34315 0.72888 0.34315 0.73078 0.34643 0.73452 0.34543 0.73078 0.34643 0.72888 0.34315 0.72476 0.34728 0.72476 0.34728 0.72804 0.34917 0.73078 0.34643 0.72704 0.35291 0.72804 0.34917 0.72476 0.34728 0.72476 0.34728 0.72325 0.35291 0.72704 0.35291 0.72804 0.35665 0.73452 0.35291 0.72704 0.35291 0.73078 0.35939 0.73452 0.35291 0.72804 0.35665 0.73452 0.36039 0.73452 0.35291 0.73078 0.35939 0.73826 0.35939 0.73452 0.35291 0.73452 0.36039 0.7410001 0.35665 0.73452 0.35291 0.73826 0.35939 0.7420001 0.35291 0.73452 0.35291 0.7410001 0.35665 0.7410001 0.34917 0.73452 0.35291 0.7420001 0.35291 0.73826 0.34643 0.73452 0.35291 0.7410001 0.34917 0.73452 0.34543 0.73452 0.35291 0.73826 0.34643 0.73078 0.34643 0.73452 0.35291 0.73452 0.34543 0.72804 0.34917 0.73452 0.35291 0.73078 0.34643 0.72704 0.35291 0.73452 0.35291 0.72804 0.34917</float_array>
          <technique_common>
            <accessor source="#geometry_fb2f23bb_64a7_4a1b_91d4_1658661ed5a0-mesh-map-0-array" count="240" stride="2">
              <param name="S" type="float"/>
              <param name="T" type="float"/>
            </accessor>
          </technique_common>
        </source>
        <vertices id="geometry_fb2f23bb_64a7_4a1b_91d4_1658661ed5a0-mesh-vertices">
          <input semantic="POSITION" source="#geometry_fb2f23bb_64a7_4a1b_91d4_1658661ed5a0-mesh-positions"/>
        </vertices>
        <triangles material="mat_0-material" count="80">
          <input semantic="VERTEX" source="#geometry_fb2f23bb_64a7_4a1b_91d4_1658661ed5a0-mesh-vertices" offset="0"/>
          <input semantic="NORMAL" source="#geometry_fb2f23bb_64a7_4a1b_91d4_1658661ed5a0-mesh-normals" offset="1"/>
          <input semantic="TEXCOORD" source="#geometry_fb2f23bb_64a7_4a1b_91d4_1658661ed5a0-mesh-map-0" offset="2" set="0"/>
          <p>0 0 0 1 0 1 2 0 2 2 0 3 3 0 4 4 0 5 0 0 6 2 0 7 4 0 8 5 0 9 0 0 10 4 0 11 6 1 12 7 2 13 8 3 14 8 3 15 9 4 16 6 1 17 8 3 18 10 5 19 11 6 20 11 6 21 9 4 22 8 3 23 10 5 24 12 7 25 13 8 26 13 8 27 11 6 28 10 5 29 12 7 30 14 9 31 15 10 32 15 10 33 13 8 34 12 7 35 14 9 36 16 11 37 17 12 38 17 12 39 15 10 40 14 9 41 16 11 42 18 13 43 19 14 44 19 14 45 17 12 46 16 11 47 18 13 48 20 15 49 21 16 50 21 16 51 19 14 52 18 13 53 20 15 54 22 17 55 23 18 56 23 18 57 21 16 58 20 15 59 22 17 60 24 19 61 25 20 62 25 20 63 23 18 64 22 17 65 24 19 66 26 21 67 27 22 68 27 22 69 25 20 70 24 19 71 26 21 72 28 23 73 29 24 74 29 24 75 27 22 76 26 21 77 7 2 78 6 1 79 29 24 80 29 24 81 28 23 82 7 2 83 8 3 84 7 2 85 30 25 86 10 5 87 8 3 88 30 25 89 12 7 90 10 5 91 30 25 92 14 9 93 12 7 94 30 25 95 16 11 96 14 9 97 30 25 98 18 13 99 16 11 100 30 25 101 20 15 102 18 13 103 30 25 104 22 17 105 20 15 106 30 25 107 24 19 108 22 17 109 30 25 110 26 21 111 24 19 112 30 25 113 28 23 114 26 21 115 30 25 116 7 2 117 28 23 118 30 25 119 31 0 120 32 0 121 33 0 122 33 0 123 34 0 124 35 0 125 31 0 126 33 0 127 35 0 128 36 0 129 31 0 130 35 0 131 37 26 132 38 27 133 39 28 134 39 28 135 40 29 136 37 26 137 39 28 138 38 27 139 41 30 140 41 30 141 42 31 142 39 28 143 42 31 144 41 30 145 43 32 146 43 32 147 44 33 148 42 31 149 44 33 150 43 32 151 45 34 152 45 34 153 46 35 154 44 33 155 46 35 156 45 34 157 47 36 158 47 36 159 48 37 160 46 35 161 48 37 162 47 36 163 49 38 164 49 38 165 50 39 166 48 37 167 50 39 168 49 38 169 51 40 170 51 40 171 52 41 172 50 39 173 52 41 174 51 40 175 53 42 176 53 42 177 54 43 178 52 41 179 54 43 180 53 42 181 55 44 182 55 44 183 56 45 184 54 43 185 56 45 186 55 44 187 57 46 188 57 46 189 58 47 190 56 45 191 58 47 192 57 46 193 59 48 194 59 48 195 60 49 196 58 47 197 40 29 198 60 49 199 59 48 200 59 48 201 37 26 202 40 29 203 39 28 204 61 50 205 40 29 206 42 31 207 61 50 208 39 28 209 44 33 210 61 50 211 42 31 212 46 35 213 61 50 214 44 33 215 48 37 216 61 50 217 46 35 218 50 39 219 61 50 220 48 37 221 52 41 222 61 50 223 50 39 224 54 43 225 61 50 226 52 41 227 56 45 228 61 50 229 54 43 230 58 47 231 61 50 232 56 45 233 60 49 234 61 50 235 58 47 236 40 29 237 61 50 238 60 49 239</p>
        </triangles>
      </mesh>
    </geometry>
  </library_geometries>
  <library_visual_scenes>
    <visual_scene id="Scene" name="Scene">
      <node id="node_d6938f43_4c0e_4cf5_8d29_e9cb9a698cfc" name="node_d6938f43_4c0e_4cf5_8d29_e9cb9a698cfc" type="NODE">
        <matrix sid="transform">1 0 0 0 0 7.54979e-8 -1 0 0 1 7.54979e-8 0 0 0 0 1</matrix>
        <node id="node_fc8536cd_1a11_48a0_b4c9_246cbfd771b6" name="node_fc8536cd_1a11_48a0_b4c9_246cbfd771b6" type="NODE">
          <matrix sid="transform">1 0 0 0 0 1 0 0 0 0 1 0 0 0 0 1</matrix>
          <node id="node_f95791ad_c56b_4884_a73b_13630267ae7c" name="node_f95791ad_c56b_4884_a73b_13630267ae7c" type="NODE">
            <matrix sid="transform">1 0 0 0 0 1 0 0 0 0 1 0 0 0 0 1</matrix>
            <node id="node_1a4a3691_96fe_4fe1_ad9a_82b36cf8f239" name="node_1a4a3691_96fe_4fe1_ad9a_82b36cf8f239" type="NODE">
              <matrix sid="transform">1 0 0 0 0 1 0 0 0 0 1 0 0 0 0 1</matrix>
              <node id="node_1a4a3691_96fe_4fe1_ad9a_82b36cf8f239_mesh0" name="node_1a4a3691_96fe_4fe1_ad9a_82b36cf8f239_mesh0" type="NODE">
                <matrix sid="transform">1 0 0 0 0 1 0 0 0 0 1 0 0 0 0 1</matrix>
                <instance_geometry url="#geometry_fb2f23bb_64a7_4a1b_91d4_1658661ed5a0-mesh" name="node_1a4a3691_96fe_4fe1_ad9a_82b36cf8f239_mesh0">
                  <bind_material>
                    <technique_common>
                      <instance_material symbol="mat_0-material" target="#mat_0-material">
                        <bind_vertex_input semantic="geometry_fb2f23bb_64a7_4a1b_91d4_1658661ed5a0-mesh-map-0" input_semantic="TEXCOORD" input_set="0"/>
                      </instance_material>
                    </technique_common>
                  </bind_material>
                </instance_geometry>
              </node>
            </node>
            <node id="node_85d9db65_cf54_49ef_a246_606053e2def9" name="node_85d9db65_cf54_49ef_a246_606053e2def9" type="NODE">
              <matrix sid="transform">1 0 0 0 0 1 0 0 0 0 1 0 0 0 0 1</matrix>
            </node>
            <node id="node_8f0f0da3_27fc_4133_9f75_c3f538d2bd68" name="node_8f0f0da3_27fc_4133_9f75_c3f538d2bd68" type="NODE">
              <matrix sid="transform">1 0 0 0 0 1 0 0 0 0 1 0 0 0 0 1</matrix>
            </node>
            <node id="node_96537696_41b6_4615_b833_ac2d1747b081" name="node_96537696_41b6_4615_b833_ac2d1747b081" type="NODE">
              <matrix sid="transform">1 0 0 0 0 1 0 0 0 0 1 0 0 0 0 1</matrix>
              <node id="node_96537696_41b6_4615_b833_ac2d1747b081_mesh0" name="node_96537696_41b6_4615_b833_ac2d1747b081_mesh0" type="NODE">
                <matrix sid="transform">1 0 0 0 0 1 0 0 0 0 1 0 0 0 0 1</matrix>
                <instance_geometry url="#geometry_edc8905a_7240_4c64_8218_b73a9b3c969d-mesh" name="node_96537696_41b6_4615_b833_ac2d1747b081_mesh0">
                  <bind_material>
                    <technique_common>
                      <instance_material symbol="mat_0-material" target="#mat_0-material">
                        <bind_vertex_input semantic="geometry_edc8905a_7240_4c64_8218_b73a9b3c969d-mesh-map-0" input_semantic="TEXCOORD" input_set="0"/>
                      </instance_material>
                    </technique_common>
                  </bind_material>
                </instance_geometry>
              </node>
            </node>
            <node id="node_a18adae8_f3ae_4c7e_919f_be8a04d5865b" name="node_a18adae8_f3ae_4c7e_919f_be8a04d5865b" type="NODE">
              <matrix sid="transform">1 0 0 0 0 1 0 0 0 0 1 0 0 0 0 1</matrix>
              <node id="node_a18adae8_f3ae_4c7e_919f_be8a04d5865b_mesh0" name="node_a18adae8_f3ae_4c7e_919f_be8a04d5865b_mesh0" type="NODE">
                <matrix sid="transform">1 0 0 0 0 1 0 0 0 0 1 0 0 0 0 1</matrix>
                <instance_geometry url="#geometry_8f26a0c9_9373_49ef_94c2_904e8748336d-mesh" name="node_a18adae8_f3ae_4c7e_919f_be8a04d5865b_mesh0">
                  <bind_material>
                    <technique_common>
                      <instance_material symbol="mat_0-material" target="#mat_0-material"/>
                    </technique_common>
                  </bind_material>
                </instance_geometry>
              </node>
            </node>
            <node id="node_a5c52998_14b5_49ac_ba10_c83893d1552e" name="node_a5c52998_14b5_49ac_ba10_c83893d1552e" type="NODE">
              <matrix sid="transform">1 0 0 0 0 1 0 0 0 0 1 0 0 0 0 1</matrix>
              <node id="node_a5c52998_14b5_49ac_ba10_c83893d1552e_mesh0" name="node_a5c52998_14b5_49ac_ba10_c83893d1552e_mesh0" type="NODE">
                <matrix sid="transform">1 0 0 0 0 1 0 0 0 0 1 0 0 0 0 1</matrix>
                <instance_geometry url="#geometry_5973ae3f_4bf4_499b_9200_22853a285868-mesh" name="node_a5c52998_14b5_49ac_ba10_c83893d1552e_mesh0">
                  <bind_material>
                    <technique_common>
                      <instance_material symbol="mat_0-material" target="#mat_0-material">
                        <bind_vertex_input semantic="geometry_5973ae3f_4bf4_499b_9200_22853a285868-mesh-map-0" input_semantic="TEXCOORD" input_set="0"/>
                      </instance_material>
                    </technique_common>
                  </bind_material>
                </instance_geometry>
              </node>
            </node>
            <node id="node_be11be69_4572_42f8_a9d7_e32a83c36d4b" name="node_be11be69_4572_42f8_a9d7_e32a83c36d4b" type="NODE">
              <matrix sid="transform">1 0 0 0 0 1 0 0 0 0 1 0 0 0 0 1</matrix>
              <node id="node_be11be69_4572_42f8_a9d7_e32a83c36d4b_mesh0" name="node_be11be69_4572_42f8_a9d7_e32a83c36d4b_mesh0" type="NODE">
                <matrix sid="transform">1 0 0 0 0 1 0 0 0 0 1 0 0 0 0 1</matrix>
                <instance_geometry url="#geometry_d2047f33_930f_4bdb_a4b1_5530ec00f739-mesh" name="node_be11be69_4572_42f8_a9d7_e32a83c36d4b_mesh0">
                  <bind_material>
                    <technique_common>
                      <instance_material symbol="mat_0-material" target="#mat_0-material">
                        <bind_vertex_input semantic="geometry_d2047f33_930f_4bdb_a4b1_5530ec00f739-mesh-map-0" input_semantic="TEXCOORD" input_set="0"/>
                      </instance_material>
                    </technique_common>
                  </bind_material>
                </instance_geometry>
              </node>
            </node>
            <node id="node_c2e7e6a3_37b3_409e_8c41_053abbbd4aeb" name="node_c2e7e6a3_37b3_409e_8c41_053abbbd4aeb" type="NODE">
              <matrix sid="transform">1 0 0 0 0 1 0 0 0 0 1 0 0 0 0 1</matrix>
              <node id="node_c2e7e6a3_37b3_409e_8c41_053abbbd4aeb_mesh0" name="node_c2e7e6a3_37b3_409e_8c41_053abbbd4aeb_mesh0" type="NODE">
                <matrix sid="transform">1 0 0 0 0 1 0 0 0 0 1 0 0 0 0 1</matrix>
                <instance_geometry url="#geometry_05c507df_3659_4b5c_8ca6_a87418e921f5-mesh" name="node_c2e7e6a3_37b3_409e_8c41_053abbbd4aeb_mesh0">
                  <bind_material>
                    <technique_common>
                      <instance_material symbol="mat_1-material" target="#mat_1-material"/>
                    </technique_common>
                  </bind_material>
                </instance_geometry>
              </node>
            </node>
            <node id="node_c8fe4f4a_df79_4dd4_b709_96de453805bb" name="node_c8fe4f4a_df79_4dd4_b709_96de453805bb" type="NODE">
              <matrix sid="transform">1 0 0 0 0 1 0 0 0 0 1 0 0 0 0 1</matrix>
              <node id="node_c8fe4f4a_df79_4dd4_b709_96de453805bb_mesh0" name="node_c8fe4f4a_df79_4dd4_b709_96de453805bb_mesh0" type="NODE">
                <matrix sid="transform">1 0 0 0 0 1 0 0 0 0 1 0 0 0 0 1</matrix>
                <instance_geometry url="#geometry_d17d45e1_6e74_4e6a_a2d2_8d78c13a2e93-mesh" name="node_c8fe4f4a_df79_4dd4_b709_96de453805bb_mesh0">
                  <bind_material>
                    <technique_common>
                      <instance_material symbol="mat_0-material" target="#mat_0-material">
                        <bind_vertex_input semantic="geometry_d17d45e1_6e74_4e6a_a2d2_8d78c13a2e93-mesh-map-0" input_semantic="TEXCOORD" input_set="0"/>
                      </instance_material>
                    </technique_common>
                  </bind_material>
                </instance_geometry>
              </node>
            </node>
          </node>
        </node>
      </node>
    </visual_scene>
  </library_visual_scenes>
  <scene>
    <instance_visual_scene url="#Scene"/>
  </scene>
</COLLADA>